[2026-04-14 15:37:40] [INFO] Starting guideline import pipeline
[2026-04-14 15:37:40] [INFO] Root dir: /Users/shwenyu/IdeaProjects/haining_biomed
[2026-04-14 15:37:40] [INFO] DB target: 127.0.0.1:3306/biomed user=biomed
[2026-04-14 15:37:40] [INFO] Run mode: guideline dryRun=0 strict=0
[2026-04-14 15:37:40] [INFO] Skipping migration stage
[2026-04-14 15:37:40] [INFO] Stage 2/3 - Running importer mode=guideline
[2026-04-14 15:37:40] [INFO] Running cn.edu.zju.crawler.GuidelineRefreshMain (guideline-only refresh)
[main] INFO cn.edu.zju.crawler.DosingGuidelineCrawler - {cpic=[{alternateDrugAvailable=true, dosingInformation=false, genes=HLA-B, hasTestingInfo=false, otherPrescribingGuidance=false, pediatric=true, recommendation=true, source=CPIC, updatedDate=2023-06-20T22:38:45.080-07:00, url=/guidelineAnnotation/PA166104997}], dpwg=[{alternateDrugAvailable=true, dosingInformation=false, genes=HLA-B, hasTestingInfo=true, otherPrescribingGuidance=false, pediatric=false, recommendation=true, source=DPWG, updatedDate=2024-03-27T10:56:30.830-07:00, url=/guidelineAnnotation/PA166104991}], drug={objCls=Chemical, id=PA448004, name=abacavir, version=13.0}, drugUrl=/drug/PA448004, other=[{alternateDrugAvailable=true, dosingInformation=false, genes=HLA-B, hasTestingInfo=true, otherPrescribingGuidance=false, pediatric=false, recommendation=true, source=RNPGx, url=/guidelineAnnotation/PA166422141}]}
[main] INFO cn.edu.zju.crawler.DosingGuidelineCrawler - Dosing guideline exists, metadata refresh id=PA166104997 updated=1 source=cpic evidence=4
[main] INFO cn.edu.zju.crawler.DosingGuidelineCrawler - Dosing guideline exists, metadata refresh id=PA166104991 updated=1 source=dpwg evidence=4
[main] INFO cn.edu.zju.crawler.DosingGuidelineCrawler - {cpic=[{alternateDrugAvailable=false, dosingInformation=false, genes=ADRA2C, ADRB1, GRK4, GRK5, hasTestingInfo=false, otherPrescribingGuidance=false, pediatric=false, recommendation=false, source=CPIC, updatedDate=2024-08-12T04:47:05.554-07:00, url=/guidelineAnnotation/PA166341522}, {alternateDrugAvailable=false, dosingInformation=false, genes=CYP2D6, hasTestingInfo=false, otherPrescribingGuidance=false, pediatric=false, recommendation=false, source=CPIC, updatedDate=2024-08-12T04:47:19.610-07:00, url=/guidelineAnnotation/PA166341341}], dpwg=[], drug={objCls=Chemical, id=PA448011, name=acebutolol, version=12.0}, drugUrl=/drug/PA448011, other=[]}
[main] INFO cn.edu.zju.dao.DosingGuidelineDao - 
com.mysql.cj.jdbc.exceptions.MysqlDataTruncation: Data truncation: Data too long for column 'name' at row 1
	at com.mysql.cj.jdbc.exceptions.SQLExceptionsMapping.translateException(SQLExceptionsMapping.java:104)
	at com.mysql.cj.jdbc.ClientPreparedStatement.executeInternal(ClientPreparedStatement.java:953)
	at com.mysql.cj.jdbc.ClientPreparedStatement.execute(ClientPreparedStatement.java:370)
	at cn.edu.zju.dao.DosingGuidelineDao.lambda$saveDosingGuideline$0(DosingGuidelineDao.java:42)
	at cn.edu.zju.dbutils.DBUtils.execSQL(DBUtils.java:41)
	at cn.edu.zju.dao.DosingGuidelineDao.saveDosingGuideline(DosingGuidelineDao.java:29)
	at cn.edu.zju.crawler.DosingGuidelineCrawler.doCrawlerDosingGuideline(DosingGuidelineCrawler.java:63)
	at cn.edu.zju.crawler.DosingGuidelineCrawler.lambda$doCrawlerDosingGuidelineList$2(DosingGuidelineCrawler.java:40)
	at java.base/java.util.ArrayList.forEach(ArrayList.java:1604)
	at cn.edu.zju.crawler.DosingGuidelineCrawler.lambda$doCrawlerDosingGuidelineList$1(DosingGuidelineCrawler.java:38)
	at java.base/java.lang.Iterable.forEach(Iterable.java:75)
	at cn.edu.zju.crawler.DosingGuidelineCrawler.lambda$doCrawlerDosingGuidelineList$0(DosingGuidelineCrawler.java:32)
	at java.base/java.util.ArrayList$ArrayListSpliterator.forEachRemaining(ArrayList.java:1716)
	at java.base/java.util.stream.ReferencePipeline$Head.forEach(ReferencePipeline.java:807)
	at cn.edu.zju.crawler.DosingGuidelineCrawler.doCrawlerDosingGuidelineList(DosingGuidelineCrawler.java:30)
	at cn.edu.zju.crawler.GuidelineRefreshMain.main(GuidelineRefreshMain.java:7)
[main] INFO cn.edu.zju.crawler.DosingGuidelineCrawler - Saving dosing guideline: PA166341522 source=cpic evidence=4
[main] INFO cn.edu.zju.dao.DosingGuidelineDao - 
com.mysql.cj.jdbc.exceptions.MysqlDataTruncation: Data truncation: Data too long for column 'name' at row 1
	at com.mysql.cj.jdbc.exceptions.SQLExceptionsMapping.translateException(SQLExceptionsMapping.java:104)
	at com.mysql.cj.jdbc.ClientPreparedStatement.executeInternal(ClientPreparedStatement.java:953)
	at com.mysql.cj.jdbc.ClientPreparedStatement.execute(ClientPreparedStatement.java:370)
	at cn.edu.zju.dao.DosingGuidelineDao.lambda$saveDosingGuideline$0(DosingGuidelineDao.java:42)
	at cn.edu.zju.dbutils.DBUtils.execSQL(DBUtils.java:41)
	at cn.edu.zju.dao.DosingGuidelineDao.saveDosingGuideline(DosingGuidelineDao.java:29)
	at cn.edu.zju.crawler.DosingGuidelineCrawler.doCrawlerDosingGuideline(DosingGuidelineCrawler.java:63)
	at cn.edu.zju.crawler.DosingGuidelineCrawler.lambda$doCrawlerDosingGuidelineList$2(DosingGuidelineCrawler.java:40)
	at java.base/java.util.ArrayList.forEach(ArrayList.java:1604)
	at cn.edu.zju.crawler.DosingGuidelineCrawler.lambda$doCrawlerDosingGuidelineList$1(DosingGuidelineCrawler.java:38)
	at java.base/java.lang.Iterable.forEach(Iterable.java:75)
	at cn.edu.zju.crawler.DosingGuidelineCrawler.lambda$doCrawlerDosingGuidelineList$0(DosingGuidelineCrawler.java:32)
	at java.base/java.util.ArrayList$ArrayListSpliterator.forEachRemaining(ArrayList.java:1716)
	at java.base/java.util.stream.ReferencePipeline$Head.forEach(ReferencePipeline.java:807)
	at cn.edu.zju.crawler.DosingGuidelineCrawler.doCrawlerDosingGuidelineList(DosingGuidelineCrawler.java:30)
	at cn.edu.zju.crawler.GuidelineRefreshMain.main(GuidelineRefreshMain.java:7)
[main] INFO cn.edu.zju.crawler.DosingGuidelineCrawler - Saving dosing guideline: PA166341341 source=cpic evidence=4
[main] INFO cn.edu.zju.crawler.DosingGuidelineCrawler - {cpic=[{alternateDrugAvailable=false, dosingInformation=false, genes=CYP2C9, hasTestingInfo=false, otherPrescribingGuidance=false, pediatric=false, recommendation=false, source=CPIC, updatedDate=2021-12-10T11:11:00.330-08:00, url=/guidelineAnnotation/PA166222201}], dpwg=[], drug={objCls=Chemical, id=PA166049185, name=aceclofenac, version=8.0}, drugUrl=/drug/PA166049185, other=[]}
[main] INFO cn.edu.zju.dao.DosingGuidelineDao - 
com.mysql.cj.jdbc.exceptions.MysqlDataTruncation: Data truncation: Data too long for column 'name' at row 1
	at com.mysql.cj.jdbc.exceptions.SQLExceptionsMapping.translateException(SQLExceptionsMapping.java:104)
	at com.mysql.cj.jdbc.ClientPreparedStatement.executeInternal(ClientPreparedStatement.java:953)
	at com.mysql.cj.jdbc.ClientPreparedStatement.execute(ClientPreparedStatement.java:370)
	at cn.edu.zju.dao.DosingGuidelineDao.lambda$saveDosingGuideline$0(DosingGuidelineDao.java:42)
	at cn.edu.zju.dbutils.DBUtils.execSQL(DBUtils.java:41)
	at cn.edu.zju.dao.DosingGuidelineDao.saveDosingGuideline(DosingGuidelineDao.java:29)
	at cn.edu.zju.crawler.DosingGuidelineCrawler.doCrawlerDosingGuideline(DosingGuidelineCrawler.java:63)
	at cn.edu.zju.crawler.DosingGuidelineCrawler.lambda$doCrawlerDosingGuidelineList$2(DosingGuidelineCrawler.java:40)
	at java.base/java.util.ArrayList.forEach(ArrayList.java:1604)
	at cn.edu.zju.crawler.DosingGuidelineCrawler.lambda$doCrawlerDosingGuidelineList$1(DosingGuidelineCrawler.java:38)
	at java.base/java.lang.Iterable.forEach(Iterable.java:75)
	at cn.edu.zju.crawler.DosingGuidelineCrawler.lambda$doCrawlerDosingGuidelineList$0(DosingGuidelineCrawler.java:32)
	at java.base/java.util.ArrayList$ArrayListSpliterator.forEachRemaining(ArrayList.java:1716)
	at java.base/java.util.stream.ReferencePipeline$Head.forEach(ReferencePipeline.java:807)
	at cn.edu.zju.crawler.DosingGuidelineCrawler.doCrawlerDosingGuidelineList(DosingGuidelineCrawler.java:30)
	at cn.edu.zju.crawler.GuidelineRefreshMain.main(GuidelineRefreshMain.java:7)
[main] INFO cn.edu.zju.crawler.DosingGuidelineCrawler - Saving dosing guideline: PA166222201 source=cpic evidence=4
[main] INFO cn.edu.zju.crawler.DosingGuidelineCrawler - {cpic=[], dpwg=[{alternateDrugAvailable=false, dosingInformation=false, genes=CYP2C9, hasTestingInfo=false, otherPrescribingGuidance=false, pediatric=false, recommendation=false, source=DPWG, updatedDate=2024-03-20T05:52:21.624-07:00, url=/guidelineAnnotation/PA166104979}, {alternateDrugAvailable=false, dosingInformation=true, genes=VKORC1, hasTestingInfo=true, otherPrescribingGuidance=false, pediatric=true, recommendation=true, source=DPWG, updatedDate=2024-03-28T00:00:00-07:00, url=/guidelineAnnotation/PA166104938}], drug={objCls=Chemical, id=PA452632, name=acenocoumarol, version=9.0}, drugUrl=/drug/PA452632, other=[{alternateDrugAvailable=true, dosingInformation=true, genes=CYP2C9, VKORC1, hasTestingInfo=true, otherPrescribingGuidance=false, pediatric=false, recommendation=true, source=RNPGx, updatedDate=2024-04-24T00:00:00-07:00, url=/guidelineAnnotation/PA166202621}]}
[main] INFO cn.edu.zju.crawler.DosingGuidelineCrawler - Dosing guideline exists, metadata refresh id=PA166104979 updated=1 source=dpwg evidence=3
[main] INFO cn.edu.zju.crawler.DosingGuidelineCrawler - Dosing guideline exists, metadata refresh id=PA166104938 updated=1 source=dpwg evidence=3
[main] INFO cn.edu.zju.crawler.DosingGuidelineCrawler - {cpic=[{alternateDrugAvailable=false, dosingInformation=false, genes=COMT, OPRM1, hasTestingInfo=false, otherPrescribingGuidance=false, pediatric=false, recommendation=false, source=CPIC, updatedDate=2021-11-29T15:42:20.114-08:00, url=/guidelineAnnotation/PA166227941}], dpwg=[], drug={objCls=Chemical, id=PA448084, name=alfentanil, version=10.0}, drugUrl=/drug/PA448084, other=[]}
[main] INFO cn.edu.zju.dao.DosingGuidelineDao - 
com.mysql.cj.jdbc.exceptions.MysqlDataTruncation: Data truncation: Data too long for column 'name' at row 1
	at com.mysql.cj.jdbc.exceptions.SQLExceptionsMapping.translateException(SQLExceptionsMapping.java:104)
	at com.mysql.cj.jdbc.ClientPreparedStatement.executeInternal(ClientPreparedStatement.java:953)
	at com.mysql.cj.jdbc.ClientPreparedStatement.execute(ClientPreparedStatement.java:370)
	at cn.edu.zju.dao.DosingGuidelineDao.lambda$saveDosingGuideline$0(DosingGuidelineDao.java:42)
	at cn.edu.zju.dbutils.DBUtils.execSQL(DBUtils.java:41)
	at cn.edu.zju.dao.DosingGuidelineDao.saveDosingGuideline(DosingGuidelineDao.java:29)
	at cn.edu.zju.crawler.DosingGuidelineCrawler.doCrawlerDosingGuideline(DosingGuidelineCrawler.java:63)
	at cn.edu.zju.crawler.DosingGuidelineCrawler.lambda$doCrawlerDosingGuidelineList$2(DosingGuidelineCrawler.java:40)
	at java.base/java.util.ArrayList.forEach(ArrayList.java:1604)
	at cn.edu.zju.crawler.DosingGuidelineCrawler.lambda$doCrawlerDosingGuidelineList$1(DosingGuidelineCrawler.java:38)
	at java.base/java.lang.Iterable.forEach(Iterable.java:75)
	at cn.edu.zju.crawler.DosingGuidelineCrawler.lambda$doCrawlerDosingGuidelineList$0(DosingGuidelineCrawler.java:32)
	at java.base/java.util.ArrayList$ArrayListSpliterator.forEachRemaining(ArrayList.java:1716)
	at java.base/java.util.stream.ReferencePipeline$Head.forEach(ReferencePipeline.java:807)
	at cn.edu.zju.crawler.DosingGuidelineCrawler.doCrawlerDosingGuidelineList(DosingGuidelineCrawler.java:30)
	at cn.edu.zju.crawler.GuidelineRefreshMain.main(GuidelineRefreshMain.java:7)
[main] INFO cn.edu.zju.crawler.DosingGuidelineCrawler - Saving dosing guideline: PA166227941 source=cpic evidence=4
[main] INFO cn.edu.zju.crawler.DosingGuidelineCrawler - {cpic=[{alternateDrugAvailable=true, dosingInformation=false, genes=HLA-B, hasTestingInfo=false, otherPrescribingGuidance=false, pediatric=true, recommendation=true, source=CPIC, updatedDate=2023-06-22T18:27:07.674-07:00, url=/guidelineAnnotation/PA166105003}], dpwg=[{alternateDrugAvailable=false, dosingInformation=true, genes=ABCG2, hasTestingInfo=true, otherPrescribingGuidance=false, pediatric=false, recommendation=true, source=DPWG, updatedDate=2024-03-15T12:03:52.548-07:00, url=/guidelineAnnotation/PA166264961}, {alternateDrugAvailable=true, dosingInformation=true, genes=HLA-B, hasTestingInfo=true, otherPrescribingGuidance=false, pediatric=false, recommendation=true, source=DPWG, updatedDate=2024-03-19T05:40:15.354-07:00, url=/guidelineAnnotation/PA166265141}], drug={objCls=Chemical, id=PA448320, name=allopurinol, version=11.0}, drugUrl=/drug/PA448320, other=[{alternateDrugAvailable=true, dosingInformation=false, genes=HLA-B, hasTestingInfo=true, otherPrescribingGuidance=false, pediatric=false, recommendation=true, source=ACR, updatedDate=2024-04-23T23:23:42.307-07:00, url=/guidelineAnnotation/PA166104993}, {alternateDrugAvailable=true, dosingInformation=false, genes=HLA-B, hasTestingInfo=true, otherPrescribingGuidance=false, pediatric=false, recommendation=true, source=RNPGx, url=/guidelineAnnotation/PA166422161}]}
[main] INFO cn.edu.zju.crawler.DosingGuidelineCrawler - Dosing guideline exists, metadata refresh id=PA166105003 updated=1 source=cpic evidence=4
[main] INFO cn.edu.zju.crawler.DosingGuidelineCrawler - Saving dosing guideline: PA166264961 source=dpwg evidence=4
[main] INFO cn.edu.zju.crawler.DosingGuidelineCrawler - Saving dosing guideline: PA166265141 source=dpwg evidence=3
[main] INFO cn.edu.zju.crawler.DosingGuidelineCrawler - {cpic=[{alternateDrugAvailable=true, dosingInformation=false, genes=MT-RNR1, hasTestingInfo=false, otherPrescribingGuidance=true, pediatric=true, recommendation=true, source=CPIC, updatedDate=2025-10-27T00:00:00-07:00, url=/guidelineAnnotation/PA166229081}], dpwg=[], drug={objCls=Chemical, id=PA164744372, name=amikacin, version=9.0}, drugUrl=/drug/PA164744372, other=[]}
[main] INFO cn.edu.zju.dao.DosingGuidelineDao - 
com.mysql.cj.jdbc.exceptions.MysqlDataTruncation: Data truncation: Data too long for column 'name' at row 1
	at com.mysql.cj.jdbc.exceptions.SQLExceptionsMapping.translateException(SQLExceptionsMapping.java:104)
	at com.mysql.cj.jdbc.ClientPreparedStatement.executeInternal(ClientPreparedStatement.java:953)
	at com.mysql.cj.jdbc.ClientPreparedStatement.execute(ClientPreparedStatement.java:370)
	at cn.edu.zju.dao.DosingGuidelineDao.lambda$saveDosingGuideline$0(DosingGuidelineDao.java:42)
	at cn.edu.zju.dbutils.DBUtils.execSQL(DBUtils.java:41)
	at cn.edu.zju.dao.DosingGuidelineDao.saveDosingGuideline(DosingGuidelineDao.java:29)
	at cn.edu.zju.crawler.DosingGuidelineCrawler.doCrawlerDosingGuideline(DosingGuidelineCrawler.java:63)
	at cn.edu.zju.crawler.DosingGuidelineCrawler.lambda$doCrawlerDosingGuidelineList$2(DosingGuidelineCrawler.java:40)
	at java.base/java.util.ArrayList.forEach(ArrayList.java:1604)
	at cn.edu.zju.crawler.DosingGuidelineCrawler.lambda$doCrawlerDosingGuidelineList$1(DosingGuidelineCrawler.java:38)
	at java.base/java.lang.Iterable.forEach(Iterable.java:75)
	at cn.edu.zju.crawler.DosingGuidelineCrawler.lambda$doCrawlerDosingGuidelineList$0(DosingGuidelineCrawler.java:32)
	at java.base/java.util.ArrayList$ArrayListSpliterator.forEachRemaining(ArrayList.java:1716)
	at java.base/java.util.stream.ReferencePipeline$Head.forEach(ReferencePipeline.java:807)
	at cn.edu.zju.crawler.DosingGuidelineCrawler.doCrawlerDosingGuidelineList(DosingGuidelineCrawler.java:30)
	at cn.edu.zju.crawler.GuidelineRefreshMain.main(GuidelineRefreshMain.java:7)
[main] INFO cn.edu.zju.crawler.DosingGuidelineCrawler - Saving dosing guideline: PA166229081 source=cpic evidence=3
[main] INFO cn.edu.zju.crawler.DosingGuidelineCrawler - {cpic=[{alternateDrugAvailable=false, dosingInformation=false, genes=G6PD, hasTestingInfo=false, otherPrescribingGuidance=false, pediatric=true, recommendation=false, source=CPIC, updatedDate=2025-03-20T10:28:17.183-07:00, url=/guidelineAnnotation/PA166279741}], dpwg=[], drug={objCls=Chemical, id=PA448382, name=aminosalicylic acid, version=7.0}, drugUrl=/drug/PA448382, other=[]}
[main] INFO cn.edu.zju.dao.DosingGuidelineDao - 
com.mysql.cj.jdbc.exceptions.MysqlDataTruncation: Data truncation: Data too long for column 'name' at row 1
	at com.mysql.cj.jdbc.exceptions.SQLExceptionsMapping.translateException(SQLExceptionsMapping.java:104)
	at com.mysql.cj.jdbc.ClientPreparedStatement.executeInternal(ClientPreparedStatement.java:953)
	at com.mysql.cj.jdbc.ClientPreparedStatement.execute(ClientPreparedStatement.java:370)
	at cn.edu.zju.dao.DosingGuidelineDao.lambda$saveDosingGuideline$0(DosingGuidelineDao.java:42)
	at cn.edu.zju.dbutils.DBUtils.execSQL(DBUtils.java:41)
	at cn.edu.zju.dao.DosingGuidelineDao.saveDosingGuideline(DosingGuidelineDao.java:29)
	at cn.edu.zju.crawler.DosingGuidelineCrawler.doCrawlerDosingGuideline(DosingGuidelineCrawler.java:63)
	at cn.edu.zju.crawler.DosingGuidelineCrawler.lambda$doCrawlerDosingGuidelineList$2(DosingGuidelineCrawler.java:40)
	at java.base/java.util.ArrayList.forEach(ArrayList.java:1604)
	at cn.edu.zju.crawler.DosingGuidelineCrawler.lambda$doCrawlerDosingGuidelineList$1(DosingGuidelineCrawler.java:38)
	at java.base/java.lang.Iterable.forEach(Iterable.java:75)
	at cn.edu.zju.crawler.DosingGuidelineCrawler.lambda$doCrawlerDosingGuidelineList$0(DosingGuidelineCrawler.java:32)
	at java.base/java.util.ArrayList$ArrayListSpliterator.forEachRemaining(ArrayList.java:1716)
	at java.base/java.util.stream.ReferencePipeline$Head.forEach(ReferencePipeline.java:807)
	at cn.edu.zju.crawler.DosingGuidelineCrawler.doCrawlerDosingGuidelineList(DosingGuidelineCrawler.java:30)
	at cn.edu.zju.crawler.GuidelineRefreshMain.main(GuidelineRefreshMain.java:7)
[main] INFO cn.edu.zju.crawler.DosingGuidelineCrawler - Saving dosing guideline: PA166279741 source=cpic evidence=4
[main] INFO cn.edu.zju.crawler.DosingGuidelineCrawler - {cpic=[], dpwg=[{alternateDrugAvailable=false, dosingInformation=false, genes=CYP2D6, hasTestingInfo=false, otherPrescribingGuidance=false, pediatric=false, recommendation=false, source=DPWG, updatedDate=2024-03-18T09:08:43.385-07:00, url=/guidelineAnnotation/PA166182815}], drug={objCls=Chemical, id=PA448383, name=amiodarone, version=14.0}, drugUrl=/drug/PA448383, other=[]}
[main] INFO cn.edu.zju.crawler.DosingGuidelineCrawler - Dosing guideline exists, metadata refresh id=PA166182815 updated=1 source=dpwg evidence=4
[main] INFO cn.edu.zju.crawler.DosingGuidelineCrawler - {cpic=[{alternateDrugAvailable=true, dosingInformation=true, genes=CYP2C19, CYP2D6, hasTestingInfo=false, otherPrescribingGuidance=false, pediatric=true, recommendation=true, source=CPIC, updatedDate=2021-06-14T10:45:31.312-07:00, url=/guidelineAnnotation/PA166105006}], dpwg=[{alternateDrugAvailable=true, dosingInformation=true, genes=CYP2D6, hasTestingInfo=true, otherPrescribingGuidance=true, pediatric=false, recommendation=true, source=DPWG, updatedDate=2026-01-20T05:48:18.313-08:00, url=/guidelineAnnotation/PA166104982}, {alternateDrugAvailable=false, dosingInformation=false, genes=CYP2C19, hasTestingInfo=false, otherPrescribingGuidance=false, pediatric=false, recommendation=false, source=DPWG, updatedDate=2026-01-20T08:48:16.811-08:00, url=/guidelineAnnotation/PA166184526}], drug={objCls=Chemical, id=PA448385, name=amitriptyline, version=10.0}, drugUrl=/drug/PA448385, other=[]}
[main] INFO cn.edu.zju.crawler.DosingGuidelineCrawler - Dosing guideline exists, metadata refresh id=PA166105006 updated=1 source=cpic evidence=3
[main] INFO cn.edu.zju.crawler.DosingGuidelineCrawler - Dosing guideline exists, metadata refresh id=PA166104982 updated=1 source=dpwg evidence=4
[main] INFO cn.edu.zju.crawler.DosingGuidelineCrawler - Dosing guideline exists, metadata refresh id=PA166184526 updated=1 source=dpwg evidence=4
[main] INFO cn.edu.zju.crawler.DosingGuidelineCrawler - {cpic=[], dpwg=[], drug={objCls=Chemical, id=PA452229, name=antidepressants, version=6.0}, drugUrl=/drug/PA452229, other=[{alternateDrugAvailable=true, dosingInformation=true, genes=CYP2C19, CYP2D6, hasTestingInfo=true, otherPrescribingGuidance=false, pediatric=false, recommendation=true, source=RNPGx, updatedDate=2024-04-23T23:28:51.875-07:00, url=/guidelineAnnotation/PA166202701}]}
[main] INFO cn.edu.zju.crawler.DosingGuidelineCrawler - {cpic=[], dpwg=[{alternateDrugAvailable=false, dosingInformation=true, genes=CYP2D6, hasTestingInfo=true, otherPrescribingGuidance=false, pediatric=false, recommendation=true, source=DPWG, updatedDate=2026-02-09T08:57:48.669-08:00, url=/guidelineAnnotation/PA166104937}], drug={objCls=Chemical, id=PA10026, name=aripiprazole, version=12.0}, drugUrl=/drug/PA10026, other=[]}
[main] INFO cn.edu.zju.crawler.DosingGuidelineCrawler - Dosing guideline exists, metadata refresh id=PA166104937 updated=1 source=dpwg evidence=3
[main] INFO cn.edu.zju.crawler.DosingGuidelineCrawler - {cpic=[{alternateDrugAvailable=false, dosingInformation=false, genes=CYP2C9, hasTestingInfo=false, otherPrescribingGuidance=false, pediatric=false, recommendation=false, source=CPIC, updatedDate=2021-12-10T11:11:00.330-08:00, url=/guidelineAnnotation/PA166222201}, {alternateDrugAvailable=false, dosingInformation=false, genes=G6PD, hasTestingInfo=false, otherPrescribingGuidance=false, pediatric=true, recommendation=false, source=CPIC, updatedDate=2024-05-15T09:43:43.726-07:00, url=/guidelineAnnotation/PA166279561}], dpwg=[], drug={objCls=Chemical, id=PA448497, name=aspirin, version=18.0}, drugUrl=/drug/PA448497, other=[]}
[main] INFO cn.edu.zju.dao.DosingGuidelineDao - 
com.mysql.cj.jdbc.exceptions.MysqlDataTruncation: Data truncation: Data too long for column 'name' at row 1
	at com.mysql.cj.jdbc.exceptions.SQLExceptionsMapping.translateException(SQLExceptionsMapping.java:104)
	at com.mysql.cj.jdbc.ClientPreparedStatement.executeInternal(ClientPreparedStatement.java:953)
	at com.mysql.cj.jdbc.ClientPreparedStatement.execute(ClientPreparedStatement.java:370)
	at cn.edu.zju.dao.DosingGuidelineDao.lambda$saveDosingGuideline$0(DosingGuidelineDao.java:42)
	at cn.edu.zju.dbutils.DBUtils.execSQL(DBUtils.java:41)
	at cn.edu.zju.dao.DosingGuidelineDao.saveDosingGuideline(DosingGuidelineDao.java:29)
	at cn.edu.zju.crawler.DosingGuidelineCrawler.doCrawlerDosingGuideline(DosingGuidelineCrawler.java:63)
	at cn.edu.zju.crawler.DosingGuidelineCrawler.lambda$doCrawlerDosingGuidelineList$2(DosingGuidelineCrawler.java:40)
	at java.base/java.util.ArrayList.forEach(ArrayList.java:1604)
	at cn.edu.zju.crawler.DosingGuidelineCrawler.lambda$doCrawlerDosingGuidelineList$1(DosingGuidelineCrawler.java:38)
	at java.base/java.lang.Iterable.forEach(Iterable.java:75)
	at cn.edu.zju.crawler.DosingGuidelineCrawler.lambda$doCrawlerDosingGuidelineList$0(DosingGuidelineCrawler.java:32)
	at java.base/java.util.ArrayList$ArrayListSpliterator.forEachRemaining(ArrayList.java:1716)
	at java.base/java.util.stream.ReferencePipeline$Head.forEach(ReferencePipeline.java:807)
	at cn.edu.zju.crawler.DosingGuidelineCrawler.doCrawlerDosingGuidelineList(DosingGuidelineCrawler.java:30)
	at cn.edu.zju.crawler.GuidelineRefreshMain.main(GuidelineRefreshMain.java:7)
[main] INFO cn.edu.zju.crawler.DosingGuidelineCrawler - Saving dosing guideline: PA166222201 source=cpic evidence=4
[main] INFO cn.edu.zju.crawler.DosingGuidelineCrawler - Saving dosing guideline: PA166279561 source=cpic evidence=4
[main] INFO cn.edu.zju.crawler.DosingGuidelineCrawler - {cpic=[{alternateDrugAvailable=true, dosingInformation=false, genes=UGT1A1, hasTestingInfo=false, otherPrescribingGuidance=true, pediatric=true, recommendation=true, source=CPIC, updatedDate=2023-06-22T22:51:04.042-07:00, url=/guidelineAnnotation/PA166128738}], dpwg=[{alternateDrugAvailable=true, dosingInformation=false, genes=UGT1A1, hasTestingInfo=true, otherPrescribingGuidance=true, pediatric=false, recommendation=true, source=DPWG, updatedDate=2025-06-27T00:00:00-07:00, url=/guidelineAnnotation/PA166411701}], drug={objCls=Chemical, id=PA10251, name=atazanavir, version=8.0}, drugUrl=/drug/PA10251, other=[]}
[main] INFO cn.edu.zju.crawler.DosingGuidelineCrawler - Dosing guideline exists, metadata refresh id=PA166128738 updated=1 source=cpic evidence=4
[main] INFO cn.edu.zju.crawler.DosingGuidelineCrawler - Saving dosing guideline: PA166411701 source=dpwg evidence=4
[main] INFO cn.edu.zju.crawler.DosingGuidelineCrawler - {cpic=[{alternateDrugAvailable=false, dosingInformation=false, genes=ADRA2C, ADRB1, GRK4, GRK5, hasTestingInfo=false, otherPrescribingGuidance=false, pediatric=false, recommendation=false, source=CPIC, updatedDate=2024-08-12T04:47:05.554-07:00, url=/guidelineAnnotation/PA166341522}], dpwg=[{alternateDrugAvailable=false, dosingInformation=false, genes=CYP2D6, hasTestingInfo=false, otherPrescribingGuidance=false, pediatric=false, recommendation=false, source=DPWG, updatedDate=2024-03-18T09:00:19.747-07:00, url=/guidelineAnnotation/PA166182822}], drug={objCls=Chemical, id=PA448499, name=atenolol, version=14.0}, drugUrl=/drug/PA448499, other=[]}
[main] INFO cn.edu.zju.dao.DosingGuidelineDao - 
com.mysql.cj.jdbc.exceptions.MysqlDataTruncation: Data truncation: Data too long for column 'name' at row 1
	at com.mysql.cj.jdbc.exceptions.SQLExceptionsMapping.translateException(SQLExceptionsMapping.java:104)
	at com.mysql.cj.jdbc.ClientPreparedStatement.executeInternal(ClientPreparedStatement.java:953)
	at com.mysql.cj.jdbc.ClientPreparedStatement.execute(ClientPreparedStatement.java:370)
	at cn.edu.zju.dao.DosingGuidelineDao.lambda$saveDosingGuideline$0(DosingGuidelineDao.java:42)
	at cn.edu.zju.dbutils.DBUtils.execSQL(DBUtils.java:41)
	at cn.edu.zju.dao.DosingGuidelineDao.saveDosingGuideline(DosingGuidelineDao.java:29)
	at cn.edu.zju.crawler.DosingGuidelineCrawler.doCrawlerDosingGuideline(DosingGuidelineCrawler.java:63)
	at cn.edu.zju.crawler.DosingGuidelineCrawler.lambda$doCrawlerDosingGuidelineList$2(DosingGuidelineCrawler.java:40)
	at java.base/java.util.ArrayList.forEach(ArrayList.java:1604)
	at cn.edu.zju.crawler.DosingGuidelineCrawler.lambda$doCrawlerDosingGuidelineList$1(DosingGuidelineCrawler.java:38)
	at java.base/java.lang.Iterable.forEach(Iterable.java:75)
	at cn.edu.zju.crawler.DosingGuidelineCrawler.lambda$doCrawlerDosingGuidelineList$0(DosingGuidelineCrawler.java:32)
	at java.base/java.util.ArrayList$ArrayListSpliterator.forEachRemaining(ArrayList.java:1716)
	at java.base/java.util.stream.ReferencePipeline$Head.forEach(ReferencePipeline.java:807)
	at cn.edu.zju.crawler.DosingGuidelineCrawler.doCrawlerDosingGuidelineList(DosingGuidelineCrawler.java:30)
	at cn.edu.zju.crawler.GuidelineRefreshMain.main(GuidelineRefreshMain.java:7)
[main] INFO cn.edu.zju.crawler.DosingGuidelineCrawler - Saving dosing guideline: PA166341522 source=cpic evidence=4
[main] INFO cn.edu.zju.crawler.DosingGuidelineCrawler - Dosing guideline exists, metadata refresh id=PA166182822 updated=1 source=dpwg evidence=4
[main] INFO cn.edu.zju.crawler.DosingGuidelineCrawler - {cpic=[{alternateDrugAvailable=false, dosingInformation=true, genes=CYP2D6, hasTestingInfo=false, otherPrescribingGuidance=false, pediatric=true, recommendation=true, source=CPIC, updatedDate=2023-06-22T21:12:36.336-07:00, url=/guidelineAnnotation/PA166181885}], dpwg=[{alternateDrugAvailable=true, dosingInformation=true, genes=CYP2D6, hasTestingInfo=true, otherPrescribingGuidance=true, pediatric=false, recommendation=true, source=DPWG, updatedDate=2024-03-18T11:59:07.957-07:00, url=/guidelineAnnotation/PA166104989}], drug={objCls=Chemical, id=PA134688071, name=atomoxetine, version=8.0}, drugUrl=/drug/PA134688071, other=[]}
[main] INFO cn.edu.zju.crawler.DosingGuidelineCrawler - Dosing guideline exists, metadata refresh id=PA166181885 updated=1 source=cpic evidence=3
[main] INFO cn.edu.zju.crawler.DosingGuidelineCrawler - Dosing guideline exists, metadata refresh id=PA166104989 updated=1 source=dpwg evidence=4
[main] INFO cn.edu.zju.crawler.DosingGuidelineCrawler - {cpic=[{alternateDrugAvailable=true, dosingInformation=true, genes=SLCO1B1, hasTestingInfo=false, otherPrescribingGuidance=false, pediatric=true, recommendation=true, source=CPIC, updatedDate=2025-09-25T15:35:02.852-07:00, url=/guidelineAnnotation/PA166262221}, {alternateDrugAvailable=false, dosingInformation=false, genes=ABCG2, hasTestingInfo=false, otherPrescribingGuidance=false, pediatric=false, recommendation=false, source=CPIC, updatedDate=2022-09-22T14:17:24.774-07:00, url=/guidelineAnnotation/PA166262661}, {alternateDrugAvailable=false, dosingInformation=false, genes=CYP3A4, CYP3A5, HMGCR, hasTestingInfo=false, otherPrescribingGuidance=false, pediatric=false, recommendation=false, source=CPIC, updatedDate=2022-09-22T14:18:20.767-07:00, url=/guidelineAnnotation/PA166273401}], dpwg=[{alternateDrugAvailable=true, dosingInformation=true, genes=SLCO1B1, hasTestingInfo=true, otherPrescribingGuidance=true, pediatric=false, recommendation=true, source=DPWG, updatedDate=2025-01-21T06:16:55.063-08:00, url=/guidelineAnnotation/PA166182843}], drug={objCls=Chemical, id=PA448500, name=atorvastatin, version=24.0}, drugUrl=/drug/PA448500, other=[]}
[main] INFO cn.edu.zju.crawler.DosingGuidelineCrawler - Saving dosing guideline: PA166262221 source=cpic evidence=4
[main] INFO cn.edu.zju.dao.DosingGuidelineDao - 
com.mysql.cj.jdbc.exceptions.MysqlDataTruncation: Data truncation: Data too long for column 'name' at row 1
	at com.mysql.cj.jdbc.exceptions.SQLExceptionsMapping.translateException(SQLExceptionsMapping.java:104)
	at com.mysql.cj.jdbc.ClientPreparedStatement.executeInternal(ClientPreparedStatement.java:953)
	at com.mysql.cj.jdbc.ClientPreparedStatement.execute(ClientPreparedStatement.java:370)
	at cn.edu.zju.dao.DosingGuidelineDao.lambda$saveDosingGuideline$0(DosingGuidelineDao.java:42)
	at cn.edu.zju.dbutils.DBUtils.execSQL(DBUtils.java:41)
	at cn.edu.zju.dao.DosingGuidelineDao.saveDosingGuideline(DosingGuidelineDao.java:29)
	at cn.edu.zju.crawler.DosingGuidelineCrawler.doCrawlerDosingGuideline(DosingGuidelineCrawler.java:63)
	at cn.edu.zju.crawler.DosingGuidelineCrawler.lambda$doCrawlerDosingGuidelineList$2(DosingGuidelineCrawler.java:40)
	at java.base/java.util.ArrayList.forEach(ArrayList.java:1604)
	at cn.edu.zju.crawler.DosingGuidelineCrawler.lambda$doCrawlerDosingGuidelineList$1(DosingGuidelineCrawler.java:38)
	at java.base/java.lang.Iterable.forEach(Iterable.java:75)
	at cn.edu.zju.crawler.DosingGuidelineCrawler.lambda$doCrawlerDosingGuidelineList$0(DosingGuidelineCrawler.java:32)
	at java.base/java.util.ArrayList$ArrayListSpliterator.forEachRemaining(ArrayList.java:1716)
	at java.base/java.util.stream.ReferencePipeline$Head.forEach(ReferencePipeline.java:807)
	at cn.edu.zju.crawler.DosingGuidelineCrawler.doCrawlerDosingGuidelineList(DosingGuidelineCrawler.java:30)
	at cn.edu.zju.crawler.GuidelineRefreshMain.main(GuidelineRefreshMain.java:7)
[main] INFO cn.edu.zju.crawler.DosingGuidelineCrawler - Saving dosing guideline: PA166262661 source=cpic evidence=3
[main] INFO cn.edu.zju.dao.DosingGuidelineDao - 
com.mysql.cj.jdbc.exceptions.MysqlDataTruncation: Data truncation: Data too long for column 'name' at row 1
	at com.mysql.cj.jdbc.exceptions.SQLExceptionsMapping.translateException(SQLExceptionsMapping.java:104)
	at com.mysql.cj.jdbc.ClientPreparedStatement.executeInternal(ClientPreparedStatement.java:953)
	at com.mysql.cj.jdbc.ClientPreparedStatement.execute(ClientPreparedStatement.java:370)
	at cn.edu.zju.dao.DosingGuidelineDao.lambda$saveDosingGuideline$0(DosingGuidelineDao.java:42)
	at cn.edu.zju.dbutils.DBUtils.execSQL(DBUtils.java:41)
	at cn.edu.zju.dao.DosingGuidelineDao.saveDosingGuideline(DosingGuidelineDao.java:29)
	at cn.edu.zju.crawler.DosingGuidelineCrawler.doCrawlerDosingGuideline(DosingGuidelineCrawler.java:63)
	at cn.edu.zju.crawler.DosingGuidelineCrawler.lambda$doCrawlerDosingGuidelineList$2(DosingGuidelineCrawler.java:40)
	at java.base/java.util.ArrayList.forEach(ArrayList.java:1604)
	at cn.edu.zju.crawler.DosingGuidelineCrawler.lambda$doCrawlerDosingGuidelineList$1(DosingGuidelineCrawler.java:38)
	at java.base/java.lang.Iterable.forEach(Iterable.java:75)
	at cn.edu.zju.crawler.DosingGuidelineCrawler.lambda$doCrawlerDosingGuidelineList$0(DosingGuidelineCrawler.java:32)
	at java.base/java.util.ArrayList$ArrayListSpliterator.forEachRemaining(ArrayList.java:1716)
	at java.base/java.util.stream.ReferencePipeline$Head.forEach(ReferencePipeline.java:807)
	at cn.edu.zju.crawler.DosingGuidelineCrawler.doCrawlerDosingGuidelineList(DosingGuidelineCrawler.java:30)
	at cn.edu.zju.crawler.GuidelineRefreshMain.main(GuidelineRefreshMain.java:7)
[main] INFO cn.edu.zju.crawler.DosingGuidelineCrawler - Saving dosing guideline: PA166273401 source=cpic evidence=4
[main] INFO cn.edu.zju.crawler.DosingGuidelineCrawler - Dosing guideline exists, metadata refresh id=PA166182843 updated=1 source=dpwg evidence=3
[main] INFO cn.edu.zju.crawler.DosingGuidelineCrawler - {cpic=[{alternateDrugAvailable=true, dosingInformation=true, genes=NUDT15, TPMT, hasTestingInfo=false, otherPrescribingGuidance=true, pediatric=true, recommendation=true, source=CPIC, updatedDate=2026-02-04T00:23:18.177-08:00, url=/guidelineAnnotation/PA166104933}], dpwg=[{alternateDrugAvailable=true, dosingInformation=true, genes=NUDT15, hasTestingInfo=true, otherPrescribingGuidance=true, pediatric=false, recommendation=true, source=DPWG, updatedDate=2025-12-19T07:53:06.002-08:00, url=/guidelineAnnotation/PA166184614}, {alternateDrugAvailable=true, dosingInformation=true, genes=TPMT, hasTestingInfo=true, otherPrescribingGuidance=true, pediatric=false, recommendation=true, source=DPWG, updatedDate=2025-12-18T14:28:43.476-08:00, url=/guidelineAnnotation/PA166104934}], drug={objCls=Chemical, id=PA448515, name=azathioprine, version=28.0}, drugUrl=/drug/PA448515, other=[{alternateDrugAvailable=true, dosingInformation=true, genes=TPMT, hasTestingInfo=true, otherPrescribingGuidance=false, pediatric=false, recommendation=true, source=RNPGx, updatedDate=2024-04-23T23:29:29.652-07:00, url=/guidelineAnnotation/PA166202521}]}
[main] INFO cn.edu.zju.crawler.DosingGuidelineCrawler - Dosing guideline exists, metadata refresh id=PA166104933 updated=1 source=cpic evidence=4
[main] INFO cn.edu.zju.crawler.DosingGuidelineCrawler - Dosing guideline exists, metadata refresh id=PA166184614 updated=1 source=dpwg evidence=4
[main] INFO cn.edu.zju.crawler.DosingGuidelineCrawler - Dosing guideline exists, metadata refresh id=PA166104934 updated=1 source=dpwg evidence=3
[main] INFO cn.edu.zju.crawler.DosingGuidelineCrawler - {cpic=[{alternateDrugAvailable=false, dosingInformation=false, genes=ADRA2C, ADRB1, GRK4, GRK5, hasTestingInfo=false, otherPrescribingGuidance=false, pediatric=false, recommendation=false, source=CPIC, updatedDate=2024-08-12T04:47:05.554-07:00, url=/guidelineAnnotation/PA166341522}, {alternateDrugAvailable=false, dosingInformation=false, genes=CYP2D6, hasTestingInfo=false, otherPrescribingGuidance=false, pediatric=false, recommendation=false, source=CPIC, updatedDate=2024-08-12T04:47:19.610-07:00, url=/guidelineAnnotation/PA166341341}], dpwg=[], drug={objCls=Chemical, id=PA448611, name=betaxolol, version=7.0}, drugUrl=/drug/PA448611, other=[]}
[main] INFO cn.edu.zju.dao.DosingGuidelineDao - 
com.mysql.cj.jdbc.exceptions.MysqlDataTruncation: Data truncation: Data too long for column 'name' at row 1
	at com.mysql.cj.jdbc.exceptions.SQLExceptionsMapping.translateException(SQLExceptionsMapping.java:104)
	at com.mysql.cj.jdbc.ClientPreparedStatement.executeInternal(ClientPreparedStatement.java:953)
	at com.mysql.cj.jdbc.ClientPreparedStatement.execute(ClientPreparedStatement.java:370)
	at cn.edu.zju.dao.DosingGuidelineDao.lambda$saveDosingGuideline$0(DosingGuidelineDao.java:42)
	at cn.edu.zju.dbutils.DBUtils.execSQL(DBUtils.java:41)
	at cn.edu.zju.dao.DosingGuidelineDao.saveDosingGuideline(DosingGuidelineDao.java:29)
	at cn.edu.zju.crawler.DosingGuidelineCrawler.doCrawlerDosingGuideline(DosingGuidelineCrawler.java:63)
	at cn.edu.zju.crawler.DosingGuidelineCrawler.lambda$doCrawlerDosingGuidelineList$2(DosingGuidelineCrawler.java:40)
	at java.base/java.util.ArrayList.forEach(ArrayList.java:1604)
	at cn.edu.zju.crawler.DosingGuidelineCrawler.lambda$doCrawlerDosingGuidelineList$1(DosingGuidelineCrawler.java:38)
	at java.base/java.lang.Iterable.forEach(Iterable.java:75)
	at cn.edu.zju.crawler.DosingGuidelineCrawler.lambda$doCrawlerDosingGuidelineList$0(DosingGuidelineCrawler.java:32)
	at java.base/java.util.ArrayList$ArrayListSpliterator.forEachRemaining(ArrayList.java:1716)
	at java.base/java.util.stream.ReferencePipeline$Head.forEach(ReferencePipeline.java:807)
	at cn.edu.zju.crawler.DosingGuidelineCrawler.doCrawlerDosingGuidelineList(DosingGuidelineCrawler.java:30)
	at cn.edu.zju.crawler.GuidelineRefreshMain.main(GuidelineRefreshMain.java:7)
[main] INFO cn.edu.zju.crawler.DosingGuidelineCrawler - Saving dosing guideline: PA166341522 source=cpic evidence=4
[main] INFO cn.edu.zju.dao.DosingGuidelineDao - 
com.mysql.cj.jdbc.exceptions.MysqlDataTruncation: Data truncation: Data too long for column 'name' at row 1
	at com.mysql.cj.jdbc.exceptions.SQLExceptionsMapping.translateException(SQLExceptionsMapping.java:104)
	at com.mysql.cj.jdbc.ClientPreparedStatement.executeInternal(ClientPreparedStatement.java:953)
	at com.mysql.cj.jdbc.ClientPreparedStatement.execute(ClientPreparedStatement.java:370)
	at cn.edu.zju.dao.DosingGuidelineDao.lambda$saveDosingGuideline$0(DosingGuidelineDao.java:42)
	at cn.edu.zju.dbutils.DBUtils.execSQL(DBUtils.java:41)
	at cn.edu.zju.dao.DosingGuidelineDao.saveDosingGuideline(DosingGuidelineDao.java:29)
	at cn.edu.zju.crawler.DosingGuidelineCrawler.doCrawlerDosingGuideline(DosingGuidelineCrawler.java:63)
	at cn.edu.zju.crawler.DosingGuidelineCrawler.lambda$doCrawlerDosingGuidelineList$2(DosingGuidelineCrawler.java:40)
	at java.base/java.util.ArrayList.forEach(ArrayList.java:1604)
	at cn.edu.zju.crawler.DosingGuidelineCrawler.lambda$doCrawlerDosingGuidelineList$1(DosingGuidelineCrawler.java:38)
	at java.base/java.lang.Iterable.forEach(Iterable.java:75)
	at cn.edu.zju.crawler.DosingGuidelineCrawler.lambda$doCrawlerDosingGuidelineList$0(DosingGuidelineCrawler.java:32)
	at java.base/java.util.ArrayList$ArrayListSpliterator.forEachRemaining(ArrayList.java:1716)
	at java.base/java.util.stream.ReferencePipeline$Head.forEach(ReferencePipeline.java:807)
	at cn.edu.zju.crawler.DosingGuidelineCrawler.doCrawlerDosingGuidelineList(DosingGuidelineCrawler.java:30)
	at cn.edu.zju.crawler.GuidelineRefreshMain.main(GuidelineRefreshMain.java:7)
[main] INFO cn.edu.zju.crawler.DosingGuidelineCrawler - Saving dosing guideline: PA166341341 source=cpic evidence=4
[main] INFO cn.edu.zju.crawler.DosingGuidelineCrawler - {cpic=[{alternateDrugAvailable=false, dosingInformation=false, genes=ADRA2C, ADRB1, GRK4, GRK5, hasTestingInfo=false, otherPrescribingGuidance=false, pediatric=false, recommendation=false, source=CPIC, updatedDate=2024-08-12T04:47:05.554-07:00, url=/guidelineAnnotation/PA166341522}, {alternateDrugAvailable=false, dosingInformation=false, genes=CYP2D6, hasTestingInfo=false, otherPrescribingGuidance=false, pediatric=false, recommendation=false, source=CPIC, updatedDate=2024-08-12T04:47:19.610-07:00, url=/guidelineAnnotation/PA166341341}], dpwg=[{alternateDrugAvailable=false, dosingInformation=false, genes=CYP2D6, hasTestingInfo=false, otherPrescribingGuidance=false, pediatric=false, recommendation=false, source=DPWG, updatedDate=2024-03-29T11:34:19.586-07:00, url=/guidelineAnnotation/PA166182816}], drug={objCls=Chemical, id=PA448641, name=bisoprolol, version=8.0}, drugUrl=/drug/PA448641, other=[]}
[main] INFO cn.edu.zju.dao.DosingGuidelineDao - 
com.mysql.cj.jdbc.exceptions.MysqlDataTruncation: Data truncation: Data too long for column 'name' at row 1
	at com.mysql.cj.jdbc.exceptions.SQLExceptionsMapping.translateException(SQLExceptionsMapping.java:104)
	at com.mysql.cj.jdbc.ClientPreparedStatement.executeInternal(ClientPreparedStatement.java:953)
	at com.mysql.cj.jdbc.ClientPreparedStatement.execute(ClientPreparedStatement.java:370)
	at cn.edu.zju.dao.DosingGuidelineDao.lambda$saveDosingGuideline$0(DosingGuidelineDao.java:42)
	at cn.edu.zju.dbutils.DBUtils.execSQL(DBUtils.java:41)
	at cn.edu.zju.dao.DosingGuidelineDao.saveDosingGuideline(DosingGuidelineDao.java:29)
	at cn.edu.zju.crawler.DosingGuidelineCrawler.doCrawlerDosingGuideline(DosingGuidelineCrawler.java:63)
	at cn.edu.zju.crawler.DosingGuidelineCrawler.lambda$doCrawlerDosingGuidelineList$2(DosingGuidelineCrawler.java:40)
	at java.base/java.util.ArrayList.forEach(ArrayList.java:1604)
	at cn.edu.zju.crawler.DosingGuidelineCrawler.lambda$doCrawlerDosingGuidelineList$1(DosingGuidelineCrawler.java:38)
	at java.base/java.lang.Iterable.forEach(Iterable.java:75)
	at cn.edu.zju.crawler.DosingGuidelineCrawler.lambda$doCrawlerDosingGuidelineList$0(DosingGuidelineCrawler.java:32)
	at java.base/java.util.ArrayList$ArrayListSpliterator.forEachRemaining(ArrayList.java:1716)
	at java.base/java.util.stream.ReferencePipeline$Head.forEach(ReferencePipeline.java:807)
	at cn.edu.zju.crawler.DosingGuidelineCrawler.doCrawlerDosingGuidelineList(DosingGuidelineCrawler.java:30)
	at cn.edu.zju.crawler.GuidelineRefreshMain.main(GuidelineRefreshMain.java:7)
[main] INFO cn.edu.zju.crawler.DosingGuidelineCrawler - Saving dosing guideline: PA166341522 source=cpic evidence=4
[main] INFO cn.edu.zju.dao.DosingGuidelineDao - 
com.mysql.cj.jdbc.exceptions.MysqlDataTruncation: Data truncation: Data too long for column 'name' at row 1
	at com.mysql.cj.jdbc.exceptions.SQLExceptionsMapping.translateException(SQLExceptionsMapping.java:104)
	at com.mysql.cj.jdbc.ClientPreparedStatement.executeInternal(ClientPreparedStatement.java:953)
	at com.mysql.cj.jdbc.ClientPreparedStatement.execute(ClientPreparedStatement.java:370)
	at cn.edu.zju.dao.DosingGuidelineDao.lambda$saveDosingGuideline$0(DosingGuidelineDao.java:42)
	at cn.edu.zju.dbutils.DBUtils.execSQL(DBUtils.java:41)
	at cn.edu.zju.dao.DosingGuidelineDao.saveDosingGuideline(DosingGuidelineDao.java:29)
	at cn.edu.zju.crawler.DosingGuidelineCrawler.doCrawlerDosingGuideline(DosingGuidelineCrawler.java:63)
	at cn.edu.zju.crawler.DosingGuidelineCrawler.lambda$doCrawlerDosingGuidelineList$2(DosingGuidelineCrawler.java:40)
	at java.base/java.util.ArrayList.forEach(ArrayList.java:1604)
	at cn.edu.zju.crawler.DosingGuidelineCrawler.lambda$doCrawlerDosingGuidelineList$1(DosingGuidelineCrawler.java:38)
	at java.base/java.lang.Iterable.forEach(Iterable.java:75)
	at cn.edu.zju.crawler.DosingGuidelineCrawler.lambda$doCrawlerDosingGuidelineList$0(DosingGuidelineCrawler.java:32)
	at java.base/java.util.ArrayList$ArrayListSpliterator.forEachRemaining(ArrayList.java:1716)
	at java.base/java.util.stream.ReferencePipeline$Head.forEach(ReferencePipeline.java:807)
	at cn.edu.zju.crawler.DosingGuidelineCrawler.doCrawlerDosingGuidelineList(DosingGuidelineCrawler.java:30)
	at cn.edu.zju.crawler.GuidelineRefreshMain.main(GuidelineRefreshMain.java:7)
[main] INFO cn.edu.zju.crawler.DosingGuidelineCrawler - Saving dosing guideline: PA166341341 source=cpic evidence=4
[main] INFO cn.edu.zju.crawler.DosingGuidelineCrawler - Dosing guideline exists, metadata refresh id=PA166182816 updated=1 source=dpwg evidence=4
[main] INFO cn.edu.zju.crawler.DosingGuidelineCrawler - {cpic=[], dpwg=[{alternateDrugAvailable=false, dosingInformation=true, genes=CYP2D6, hasTestingInfo=true, otherPrescribingGuidance=false, pediatric=false, recommendation=true, source=DPWG, updatedDate=2024-03-28T00:00:00-07:00, url=/guidelineAnnotation/PA166184527}], drug={objCls=Chemical, id=PA166160053, name=brexpiprazole, version=5.0}, drugUrl=/drug/PA166160053, other=[]}
[main] INFO cn.edu.zju.crawler.DosingGuidelineCrawler - Dosing guideline exists, metadata refresh id=PA166184527 updated=1 source=dpwg evidence=4
[main] INFO cn.edu.zju.crawler.DosingGuidelineCrawler - {cpic=[{alternateDrugAvailable=false, dosingInformation=false, genes=COMT, OPRM1, hasTestingInfo=false, otherPrescribingGuidance=false, pediatric=false, recommendation=false, source=CPIC, updatedDate=2021-11-29T15:42:20.114-08:00, url=/guidelineAnnotation/PA166227941}], dpwg=[], drug={objCls=Chemical, id=PA448685, name=buprenorphine, version=8.0}, drugUrl=/drug/PA448685, other=[]}
[main] INFO cn.edu.zju.dao.DosingGuidelineDao - 
com.mysql.cj.jdbc.exceptions.MysqlDataTruncation: Data truncation: Data too long for column 'name' at row 1
	at com.mysql.cj.jdbc.exceptions.SQLExceptionsMapping.translateException(SQLExceptionsMapping.java:104)
	at com.mysql.cj.jdbc.ClientPreparedStatement.executeInternal(ClientPreparedStatement.java:953)
	at com.mysql.cj.jdbc.ClientPreparedStatement.execute(ClientPreparedStatement.java:370)
	at cn.edu.zju.dao.DosingGuidelineDao.lambda$saveDosingGuideline$0(DosingGuidelineDao.java:42)
	at cn.edu.zju.dbutils.DBUtils.execSQL(DBUtils.java:41)
	at cn.edu.zju.dao.DosingGuidelineDao.saveDosingGuideline(DosingGuidelineDao.java:29)
	at cn.edu.zju.crawler.DosingGuidelineCrawler.doCrawlerDosingGuideline(DosingGuidelineCrawler.java:63)
	at cn.edu.zju.crawler.DosingGuidelineCrawler.lambda$doCrawlerDosingGuidelineList$2(DosingGuidelineCrawler.java:40)
	at java.base/java.util.ArrayList.forEach(ArrayList.java:1604)
	at cn.edu.zju.crawler.DosingGuidelineCrawler.lambda$doCrawlerDosingGuidelineList$1(DosingGuidelineCrawler.java:38)
	at java.base/java.lang.Iterable.forEach(Iterable.java:75)
	at cn.edu.zju.crawler.DosingGuidelineCrawler.lambda$doCrawlerDosingGuidelineList$0(DosingGuidelineCrawler.java:32)
	at java.base/java.util.ArrayList$ArrayListSpliterator.forEachRemaining(ArrayList.java:1716)
	at java.base/java.util.stream.ReferencePipeline$Head.forEach(ReferencePipeline.java:807)
	at cn.edu.zju.crawler.DosingGuidelineCrawler.doCrawlerDosingGuidelineList(DosingGuidelineCrawler.java:30)
	at cn.edu.zju.crawler.GuidelineRefreshMain.main(GuidelineRefreshMain.java:7)
[main] INFO cn.edu.zju.crawler.DosingGuidelineCrawler - Saving dosing guideline: PA166227941 source=cpic evidence=4
[main] INFO cn.edu.zju.crawler.DosingGuidelineCrawler - {cpic=[{alternateDrugAvailable=true, dosingInformation=true, genes=DPYD, hasTestingInfo=false, otherPrescribingGuidance=false, pediatric=true, recommendation=true, source=CPIC, updatedDate=2024-01-12T20:48:03.986-08:00, url=/guidelineAnnotation/PA166109594}], dpwg=[{alternateDrugAvailable=true, dosingInformation=true, genes=DPYD, hasTestingInfo=true, otherPrescribingGuidance=true, pediatric=false, recommendation=true, source=DPWG, updatedDate=2024-03-18T09:21:05.494-07:00, url=/guidelineAnnotation/PA166104963}], drug={objCls=Chemical, id=PA448771, name=capecitabine, version=23.0}, drugUrl=/drug/PA448771, other=[{alternateDrugAvailable=true, dosingInformation=true, genes=DPYD, hasTestingInfo=true, otherPrescribingGuidance=false, pediatric=false, recommendation=true, source=SEFF/SEOM, updatedDate=2024-04-23T23:30:37.324-07:00, url=/guidelineAnnotation/PA166254881}, {alternateDrugAvailable=true, dosingInformation=true, genes=DPYD, hasTestingInfo=true, otherPrescribingGuidance=false, pediatric=false, recommendation=true, source=RNPGx, updatedDate=2024-04-23T23:32:40.454-07:00, url=/guidelineAnnotation/PA166202721}, {alternateDrugAvailable=true, dosingInformation=true, genes=DPYD, hasTestingInfo=true, otherPrescribingGuidance=false, pediatric=false, recommendation=true, source=AIOM, url=/guidelineAnnotation/PA166312801}]}
[main] INFO cn.edu.zju.crawler.DosingGuidelineCrawler - Dosing guideline exists, metadata refresh id=PA166109594 updated=1 source=cpic evidence=3
[main] INFO cn.edu.zju.crawler.DosingGuidelineCrawler - Dosing guideline exists, metadata refresh id=PA166104963 updated=1 source=dpwg evidence=2A
[main] INFO cn.edu.zju.crawler.DosingGuidelineCrawler - {cpic=[{alternateDrugAvailable=true, dosingInformation=false, genes=HLA-A, HLA-B, hasTestingInfo=false, otherPrescribingGuidance=true, pediatric=true, recommendation=true, source=CPIC, updatedDate=2023-06-22T18:35:55.656-07:00, url=/guidelineAnnotation/PA166105008}], dpwg=[{alternateDrugAvailable=true, dosingInformation=false, genes=HLA-A, hasTestingInfo=true, otherPrescribingGuidance=true, pediatric=false, recommendation=true, source=DPWG, updatedDate=2025-04-25T18:41:57.294-07:00, url=/guidelineAnnotation/PA166265161}, {alternateDrugAvailable=true, dosingInformation=false, genes=HLA-B, hasTestingInfo=true, otherPrescribingGuidance=true, pediatric=false, recommendation=true, source=DPWG, updatedDate=2025-04-25T18:07:07.421-07:00, url=/guidelineAnnotation/PA166265162}], drug={objCls=Chemical, id=PA448785, name=carbamazepine, version=16.0}, drugUrl=/drug/PA448785, other=[{alternateDrugAvailable=true, dosingInformation=false, genes=HLA-A, HLA-B, hasTestingInfo=true, otherPrescribingGuidance=false, pediatric=false, recommendation=true, source=CPNDS, updatedDate=2024-04-23T23:33:27.664-07:00, url=/guidelineAnnotation/PA166117280}, {alternateDrugAvailable=false, dosingInformation=false, genes=HLA-A, HLA-B, hasTestingInfo=false, otherPrescribingGuidance=false, pediatric=false, recommendation=true, source=RNPGx, url=/guidelineAnnotation/PA166422201}]}
[main] INFO cn.edu.zju.crawler.DosingGuidelineCrawler - Dosing guideline exists, metadata refresh id=PA166105008 updated=1 source=cpic evidence=3
[main] INFO cn.edu.zju.crawler.DosingGuidelineCrawler - Saving dosing guideline: PA166265161 source=dpwg evidence=4
[main] INFO cn.edu.zju.crawler.DosingGuidelineCrawler - Saving dosing guideline: PA166265162 source=dpwg evidence=4
[main] INFO cn.edu.zju.crawler.DosingGuidelineCrawler - {cpic=[{alternateDrugAvailable=false, dosingInformation=false, genes=ADRA2C, ADRB1, GRK4, GRK5, hasTestingInfo=false, otherPrescribingGuidance=false, pediatric=false, recommendation=false, source=CPIC, updatedDate=2024-08-12T04:47:05.554-07:00, url=/guidelineAnnotation/PA166341522}, {alternateDrugAvailable=false, dosingInformation=false, genes=CYP2D6, hasTestingInfo=false, otherPrescribingGuidance=false, pediatric=false, recommendation=false, source=CPIC, updatedDate=2024-08-12T04:47:19.610-07:00, url=/guidelineAnnotation/PA166341341}, {alternateDrugAvailable=false, dosingInformation=false, genes=ADRB2, hasTestingInfo=false, otherPrescribingGuidance=false, pediatric=false, recommendation=false, source=CPIC, updatedDate=2024-08-12T04:47:34.482-07:00, url=/guidelineAnnotation/PA166341524}], dpwg=[{alternateDrugAvailable=false, dosingInformation=false, genes=CYP2D6, hasTestingInfo=false, otherPrescribingGuidance=false, pediatric=false, recommendation=false, source=DPWG, updatedDate=2024-03-29T11:36:45.867-07:00, url=/guidelineAnnotation/PA166104974}], drug={objCls=Chemical, id=PA448817, name=carvedilol, version=12.0}, drugUrl=/drug/PA448817, other=[]}
[main] INFO cn.edu.zju.dao.DosingGuidelineDao - 
com.mysql.cj.jdbc.exceptions.MysqlDataTruncation: Data truncation: Data too long for column 'name' at row 1
	at com.mysql.cj.jdbc.exceptions.SQLExceptionsMapping.translateException(SQLExceptionsMapping.java:104)
	at com.mysql.cj.jdbc.ClientPreparedStatement.executeInternal(ClientPreparedStatement.java:953)
	at com.mysql.cj.jdbc.ClientPreparedStatement.execute(ClientPreparedStatement.java:370)
	at cn.edu.zju.dao.DosingGuidelineDao.lambda$saveDosingGuideline$0(DosingGuidelineDao.java:42)
	at cn.edu.zju.dbutils.DBUtils.execSQL(DBUtils.java:41)
	at cn.edu.zju.dao.DosingGuidelineDao.saveDosingGuideline(DosingGuidelineDao.java:29)
	at cn.edu.zju.crawler.DosingGuidelineCrawler.doCrawlerDosingGuideline(DosingGuidelineCrawler.java:63)
	at cn.edu.zju.crawler.DosingGuidelineCrawler.lambda$doCrawlerDosingGuidelineList$2(DosingGuidelineCrawler.java:40)
	at java.base/java.util.ArrayList.forEach(ArrayList.java:1604)
	at cn.edu.zju.crawler.DosingGuidelineCrawler.lambda$doCrawlerDosingGuidelineList$1(DosingGuidelineCrawler.java:38)
	at java.base/java.lang.Iterable.forEach(Iterable.java:75)
	at cn.edu.zju.crawler.DosingGuidelineCrawler.lambda$doCrawlerDosingGuidelineList$0(DosingGuidelineCrawler.java:32)
	at java.base/java.util.ArrayList$ArrayListSpliterator.forEachRemaining(ArrayList.java:1716)
	at java.base/java.util.stream.ReferencePipeline$Head.forEach(ReferencePipeline.java:807)
	at cn.edu.zju.crawler.DosingGuidelineCrawler.doCrawlerDosingGuidelineList(DosingGuidelineCrawler.java:30)
	at cn.edu.zju.crawler.GuidelineRefreshMain.main(GuidelineRefreshMain.java:7)
[main] INFO cn.edu.zju.crawler.DosingGuidelineCrawler - Saving dosing guideline: PA166341522 source=cpic evidence=4
[main] INFO cn.edu.zju.dao.DosingGuidelineDao - 
com.mysql.cj.jdbc.exceptions.MysqlDataTruncation: Data truncation: Data too long for column 'name' at row 1
	at com.mysql.cj.jdbc.exceptions.SQLExceptionsMapping.translateException(SQLExceptionsMapping.java:104)
	at com.mysql.cj.jdbc.ClientPreparedStatement.executeInternal(ClientPreparedStatement.java:953)
	at com.mysql.cj.jdbc.ClientPreparedStatement.execute(ClientPreparedStatement.java:370)
	at cn.edu.zju.dao.DosingGuidelineDao.lambda$saveDosingGuideline$0(DosingGuidelineDao.java:42)
	at cn.edu.zju.dbutils.DBUtils.execSQL(DBUtils.java:41)
	at cn.edu.zju.dao.DosingGuidelineDao.saveDosingGuideline(DosingGuidelineDao.java:29)
	at cn.edu.zju.crawler.DosingGuidelineCrawler.doCrawlerDosingGuideline(DosingGuidelineCrawler.java:63)
	at cn.edu.zju.crawler.DosingGuidelineCrawler.lambda$doCrawlerDosingGuidelineList$2(DosingGuidelineCrawler.java:40)
	at java.base/java.util.ArrayList.forEach(ArrayList.java:1604)
	at cn.edu.zju.crawler.DosingGuidelineCrawler.lambda$doCrawlerDosingGuidelineList$1(DosingGuidelineCrawler.java:38)
	at java.base/java.lang.Iterable.forEach(Iterable.java:75)
	at cn.edu.zju.crawler.DosingGuidelineCrawler.lambda$doCrawlerDosingGuidelineList$0(DosingGuidelineCrawler.java:32)
	at java.base/java.util.ArrayList$ArrayListSpliterator.forEachRemaining(ArrayList.java:1716)
	at java.base/java.util.stream.ReferencePipeline$Head.forEach(ReferencePipeline.java:807)
	at cn.edu.zju.crawler.DosingGuidelineCrawler.doCrawlerDosingGuidelineList(DosingGuidelineCrawler.java:30)
	at cn.edu.zju.crawler.GuidelineRefreshMain.main(GuidelineRefreshMain.java:7)
[main] INFO cn.edu.zju.crawler.DosingGuidelineCrawler - Saving dosing guideline: PA166341341 source=cpic evidence=4
[main] INFO cn.edu.zju.dao.DosingGuidelineDao - 
com.mysql.cj.jdbc.exceptions.MysqlDataTruncation: Data truncation: Data too long for column 'name' at row 1
	at com.mysql.cj.jdbc.exceptions.SQLExceptionsMapping.translateException(SQLExceptionsMapping.java:104)
	at com.mysql.cj.jdbc.ClientPreparedStatement.executeInternal(ClientPreparedStatement.java:953)
	at com.mysql.cj.jdbc.ClientPreparedStatement.execute(ClientPreparedStatement.java:370)
	at cn.edu.zju.dao.DosingGuidelineDao.lambda$saveDosingGuideline$0(DosingGuidelineDao.java:42)
	at cn.edu.zju.dbutils.DBUtils.execSQL(DBUtils.java:41)
	at cn.edu.zju.dao.DosingGuidelineDao.saveDosingGuideline(DosingGuidelineDao.java:29)
	at cn.edu.zju.crawler.DosingGuidelineCrawler.doCrawlerDosingGuideline(DosingGuidelineCrawler.java:63)
	at cn.edu.zju.crawler.DosingGuidelineCrawler.lambda$doCrawlerDosingGuidelineList$2(DosingGuidelineCrawler.java:40)
	at java.base/java.util.ArrayList.forEach(ArrayList.java:1604)
	at cn.edu.zju.crawler.DosingGuidelineCrawler.lambda$doCrawlerDosingGuidelineList$1(DosingGuidelineCrawler.java:38)
	at java.base/java.lang.Iterable.forEach(Iterable.java:75)
	at cn.edu.zju.crawler.DosingGuidelineCrawler.lambda$doCrawlerDosingGuidelineList$0(DosingGuidelineCrawler.java:32)
	at java.base/java.util.ArrayList$ArrayListSpliterator.forEachRemaining(ArrayList.java:1716)
	at java.base/java.util.stream.ReferencePipeline$Head.forEach(ReferencePipeline.java:807)
	at cn.edu.zju.crawler.DosingGuidelineCrawler.doCrawlerDosingGuidelineList(DosingGuidelineCrawler.java:30)
	at cn.edu.zju.crawler.GuidelineRefreshMain.main(GuidelineRefreshMain.java:7)
[main] INFO cn.edu.zju.crawler.DosingGuidelineCrawler - Saving dosing guideline: PA166341524 source=cpic evidence=4
[main] INFO cn.edu.zju.crawler.DosingGuidelineCrawler - Dosing guideline exists, metadata refresh id=PA166104974 updated=1 source=dpwg evidence=3
[main] INFO cn.edu.zju.crawler.DosingGuidelineCrawler - {cpic=[{alternateDrugAvailable=true, dosingInformation=true, genes=CYP2C9, hasTestingInfo=false, otherPrescribingGuidance=false, pediatric=true, recommendation=true, source=CPIC, updatedDate=2023-06-22T19:16:48.823-07:00, url=/guidelineAnnotation/PA166191841}], dpwg=[], drug={objCls=Chemical, id=PA448871, name=celecoxib, version=24.0}, drugUrl=/drug/PA448871, other=[]}
[main] INFO cn.edu.zju.crawler.DosingGuidelineCrawler - Saving dosing guideline: PA166191841 source=cpic evidence=3
[main] INFO cn.edu.zju.crawler.DosingGuidelineCrawler - {cpic=[{alternateDrugAvailable=false, dosingInformation=false, genes=G6PD, hasTestingInfo=false, otherPrescribingGuidance=false, pediatric=true, recommendation=false, source=CPIC, updatedDate=2025-03-20T10:28:17.183-07:00, url=/guidelineAnnotation/PA166279741}], dpwg=[], drug={objCls=Chemical, id=PA448927, name=chloramphenicol, version=8.0}, drugUrl=/drug/PA448927, other=[]}
[main] INFO cn.edu.zju.dao.DosingGuidelineDao - 
com.mysql.cj.jdbc.exceptions.MysqlDataTruncation: Data truncation: Data too long for column 'name' at row 1
	at com.mysql.cj.jdbc.exceptions.SQLExceptionsMapping.translateException(SQLExceptionsMapping.java:104)
	at com.mysql.cj.jdbc.ClientPreparedStatement.executeInternal(ClientPreparedStatement.java:953)
	at com.mysql.cj.jdbc.ClientPreparedStatement.execute(ClientPreparedStatement.java:370)
	at cn.edu.zju.dao.DosingGuidelineDao.lambda$saveDosingGuideline$0(DosingGuidelineDao.java:42)
	at cn.edu.zju.dbutils.DBUtils.execSQL(DBUtils.java:41)
	at cn.edu.zju.dao.DosingGuidelineDao.saveDosingGuideline(DosingGuidelineDao.java:29)
	at cn.edu.zju.crawler.DosingGuidelineCrawler.doCrawlerDosingGuideline(DosingGuidelineCrawler.java:63)
	at cn.edu.zju.crawler.DosingGuidelineCrawler.lambda$doCrawlerDosingGuidelineList$2(DosingGuidelineCrawler.java:40)
	at java.base/java.util.ArrayList.forEach(ArrayList.java:1604)
	at cn.edu.zju.crawler.DosingGuidelineCrawler.lambda$doCrawlerDosingGuidelineList$1(DosingGuidelineCrawler.java:38)
	at java.base/java.lang.Iterable.forEach(Iterable.java:75)
	at cn.edu.zju.crawler.DosingGuidelineCrawler.lambda$doCrawlerDosingGuidelineList$0(DosingGuidelineCrawler.java:32)
	at java.base/java.util.ArrayList$ArrayListSpliterator.forEachRemaining(ArrayList.java:1716)
	at java.base/java.util.stream.ReferencePipeline$Head.forEach(ReferencePipeline.java:807)
	at cn.edu.zju.crawler.DosingGuidelineCrawler.doCrawlerDosingGuidelineList(DosingGuidelineCrawler.java:30)
	at cn.edu.zju.crawler.GuidelineRefreshMain.main(GuidelineRefreshMain.java:7)
[main] INFO cn.edu.zju.crawler.DosingGuidelineCrawler - Saving dosing guideline: PA166279741 source=cpic evidence=4
[main] INFO cn.edu.zju.crawler.DosingGuidelineCrawler - {cpic=[{alternateDrugAvailable=false, dosingInformation=false, genes=G6PD, hasTestingInfo=false, otherPrescribingGuidance=false, pediatric=true, recommendation=false, source=CPIC, updatedDate=2025-03-20T10:28:17.183-07:00, url=/guidelineAnnotation/PA166279741}], dpwg=[], drug={objCls=Chemical, id=PA448948, name=chloroquine, version=16.0}, drugUrl=/drug/PA448948, other=[]}
[main] INFO cn.edu.zju.dao.DosingGuidelineDao - 
com.mysql.cj.jdbc.exceptions.MysqlDataTruncation: Data truncation: Data too long for column 'name' at row 1
	at com.mysql.cj.jdbc.exceptions.SQLExceptionsMapping.translateException(SQLExceptionsMapping.java:104)
	at com.mysql.cj.jdbc.ClientPreparedStatement.executeInternal(ClientPreparedStatement.java:953)
	at com.mysql.cj.jdbc.ClientPreparedStatement.execute(ClientPreparedStatement.java:370)
	at cn.edu.zju.dao.DosingGuidelineDao.lambda$saveDosingGuideline$0(DosingGuidelineDao.java:42)
	at cn.edu.zju.dbutils.DBUtils.execSQL(DBUtils.java:41)
	at cn.edu.zju.dao.DosingGuidelineDao.saveDosingGuideline(DosingGuidelineDao.java:29)
	at cn.edu.zju.crawler.DosingGuidelineCrawler.doCrawlerDosingGuideline(DosingGuidelineCrawler.java:63)
	at cn.edu.zju.crawler.DosingGuidelineCrawler.lambda$doCrawlerDosingGuidelineList$2(DosingGuidelineCrawler.java:40)
	at java.base/java.util.ArrayList.forEach(ArrayList.java:1604)
	at cn.edu.zju.crawler.DosingGuidelineCrawler.lambda$doCrawlerDosingGuidelineList$1(DosingGuidelineCrawler.java:38)
	at java.base/java.lang.Iterable.forEach(Iterable.java:75)
	at cn.edu.zju.crawler.DosingGuidelineCrawler.lambda$doCrawlerDosingGuidelineList$0(DosingGuidelineCrawler.java:32)
	at java.base/java.util.ArrayList$ArrayListSpliterator.forEachRemaining(ArrayList.java:1716)
	at java.base/java.util.stream.ReferencePipeline$Head.forEach(ReferencePipeline.java:807)
	at cn.edu.zju.crawler.DosingGuidelineCrawler.doCrawlerDosingGuidelineList(DosingGuidelineCrawler.java:30)
	at cn.edu.zju.crawler.GuidelineRefreshMain.main(GuidelineRefreshMain.java:7)
[main] INFO cn.edu.zju.crawler.DosingGuidelineCrawler - Saving dosing guideline: PA166279741 source=cpic evidence=4
[main] INFO cn.edu.zju.crawler.DosingGuidelineCrawler - {cpic=[{alternateDrugAvailable=false, dosingInformation=false, genes=G6PD, hasTestingInfo=false, otherPrescribingGuidance=false, pediatric=true, recommendation=false, source=CPIC, updatedDate=2024-05-15T09:44:05.862-07:00, url=/guidelineAnnotation/PA166279481}], dpwg=[], drug={objCls=Chemical, id=PA448966, name=chlorpropamide, version=12.0}, drugUrl=/drug/PA448966, other=[]}
[main] INFO cn.edu.zju.dao.DosingGuidelineDao - 
com.mysql.cj.jdbc.exceptions.MysqlDataTruncation: Data truncation: Data too long for column 'name' at row 1
	at com.mysql.cj.jdbc.exceptions.SQLExceptionsMapping.translateException(SQLExceptionsMapping.java:104)
	at com.mysql.cj.jdbc.ClientPreparedStatement.executeInternal(ClientPreparedStatement.java:953)
	at com.mysql.cj.jdbc.ClientPreparedStatement.execute(ClientPreparedStatement.java:370)
	at cn.edu.zju.dao.DosingGuidelineDao.lambda$saveDosingGuideline$0(DosingGuidelineDao.java:42)
	at cn.edu.zju.dbutils.DBUtils.execSQL(DBUtils.java:41)
	at cn.edu.zju.dao.DosingGuidelineDao.saveDosingGuideline(DosingGuidelineDao.java:29)
	at cn.edu.zju.crawler.DosingGuidelineCrawler.doCrawlerDosingGuideline(DosingGuidelineCrawler.java:63)
	at cn.edu.zju.crawler.DosingGuidelineCrawler.lambda$doCrawlerDosingGuidelineList$2(DosingGuidelineCrawler.java:40)
	at java.base/java.util.ArrayList.forEach(ArrayList.java:1604)
	at cn.edu.zju.crawler.DosingGuidelineCrawler.lambda$doCrawlerDosingGuidelineList$1(DosingGuidelineCrawler.java:38)
	at java.base/java.lang.Iterable.forEach(Iterable.java:75)
	at cn.edu.zju.crawler.DosingGuidelineCrawler.lambda$doCrawlerDosingGuidelineList$0(DosingGuidelineCrawler.java:32)
	at java.base/java.util.ArrayList$ArrayListSpliterator.forEachRemaining(ArrayList.java:1716)
	at java.base/java.util.stream.ReferencePipeline$Head.forEach(ReferencePipeline.java:807)
	at cn.edu.zju.crawler.DosingGuidelineCrawler.doCrawlerDosingGuidelineList(DosingGuidelineCrawler.java:30)
	at cn.edu.zju.crawler.GuidelineRefreshMain.main(GuidelineRefreshMain.java:7)
[main] INFO cn.edu.zju.crawler.DosingGuidelineCrawler - Saving dosing guideline: PA166279481 source=cpic evidence=4
[main] INFO cn.edu.zju.crawler.DosingGuidelineCrawler - {cpic=[{alternateDrugAvailable=false, dosingInformation=false, genes=G6PD, hasTestingInfo=false, otherPrescribingGuidance=false, pediatric=true, recommendation=false, source=CPIC, updatedDate=2025-03-20T10:28:17.183-07:00, url=/guidelineAnnotation/PA166279741}], dpwg=[], drug={objCls=Chemical, id=PA449009, name=ciprofloxacin, version=8.0}, drugUrl=/drug/PA449009, other=[]}
[main] INFO cn.edu.zju.dao.DosingGuidelineDao - 
com.mysql.cj.jdbc.exceptions.MysqlDataTruncation: Data truncation: Data too long for column 'name' at row 1
	at com.mysql.cj.jdbc.exceptions.SQLExceptionsMapping.translateException(SQLExceptionsMapping.java:104)
	at com.mysql.cj.jdbc.ClientPreparedStatement.executeInternal(ClientPreparedStatement.java:953)
	at com.mysql.cj.jdbc.ClientPreparedStatement.execute(ClientPreparedStatement.java:370)
	at cn.edu.zju.dao.DosingGuidelineDao.lambda$saveDosingGuideline$0(DosingGuidelineDao.java:42)
	at cn.edu.zju.dbutils.DBUtils.execSQL(DBUtils.java:41)
	at cn.edu.zju.dao.DosingGuidelineDao.saveDosingGuideline(DosingGuidelineDao.java:29)
	at cn.edu.zju.crawler.DosingGuidelineCrawler.doCrawlerDosingGuideline(DosingGuidelineCrawler.java:63)
	at cn.edu.zju.crawler.DosingGuidelineCrawler.lambda$doCrawlerDosingGuidelineList$2(DosingGuidelineCrawler.java:40)
	at java.base/java.util.ArrayList.forEach(ArrayList.java:1604)
	at cn.edu.zju.crawler.DosingGuidelineCrawler.lambda$doCrawlerDosingGuidelineList$1(DosingGuidelineCrawler.java:38)
	at java.base/java.lang.Iterable.forEach(Iterable.java:75)
	at cn.edu.zju.crawler.DosingGuidelineCrawler.lambda$doCrawlerDosingGuidelineList$0(DosingGuidelineCrawler.java:32)
	at java.base/java.util.ArrayList$ArrayListSpliterator.forEachRemaining(ArrayList.java:1716)
	at java.base/java.util.stream.ReferencePipeline$Head.forEach(ReferencePipeline.java:807)
	at cn.edu.zju.crawler.DosingGuidelineCrawler.doCrawlerDosingGuidelineList(DosingGuidelineCrawler.java:30)
	at cn.edu.zju.crawler.GuidelineRefreshMain.main(GuidelineRefreshMain.java:7)
[main] INFO cn.edu.zju.crawler.DosingGuidelineCrawler - Saving dosing guideline: PA166279741 source=cpic evidence=4
[main] INFO cn.edu.zju.crawler.DosingGuidelineCrawler - {cpic=[], dpwg=[], drug={objCls=Chemical, id=PA449014, name=cisplatin, version=13.0}, drugUrl=/drug/PA449014, other=[{alternateDrugAvailable=true, dosingInformation=false, genes=TPMT, hasTestingInfo=true, otherPrescribingGuidance=true, pediatric=true, recommendation=true, source=CPNDS, updatedDate=2024-04-23T23:37:35.880-07:00, url=/guidelineAnnotation/PA166170751}]}
[main] INFO cn.edu.zju.crawler.DosingGuidelineCrawler - {cpic=[{alternateDrugAvailable=true, dosingInformation=true, genes=CYP2C19, hasTestingInfo=false, otherPrescribingGuidance=false, pediatric=true, recommendation=true, source=CPIC, updatedDate=2024-06-25T02:03:45.234-07:00, url=/guidelineAnnotation/PA166127638}, {alternateDrugAvailable=false, dosingInformation=false, genes=SLC6A4, hasTestingInfo=false, otherPrescribingGuidance=false, pediatric=false, recommendation=false, source=CPIC, updatedDate=2024-06-25T01:19:36.027-07:00, url=/guidelineAnnotation/PA166288601}, {alternateDrugAvailable=false, dosingInformation=false, genes=HTR2A, hasTestingInfo=false, otherPrescribingGuidance=false, pediatric=false, recommendation=false, source=CPIC, updatedDate=2024-08-12T04:53:04.005-07:00, url=/guidelineAnnotation/PA166288581}], dpwg=[{alternateDrugAvailable=false, dosingInformation=true, genes=CYP2C19, hasTestingInfo=true, otherPrescribingGuidance=false, pediatric=false, recommendation=true, source=DPWG, updatedDate=2024-03-18T11:19:50.324-07:00, url=/guidelineAnnotation/PA166104977}, {alternateDrugAvailable=false, dosingInformation=false, genes=CYP2D6, hasTestingInfo=false, otherPrescribingGuidance=false, pediatric=false, recommendation=false, source=DPWG, updatedDate=2024-03-29T11:37:28.512-07:00, url=/guidelineAnnotation/PA166182817}], drug={objCls=Chemical, id=PA449015, name=citalopram, version=23.0}, drugUrl=/drug/PA449015, other=[]}
[main] INFO cn.edu.zju.crawler.DosingGuidelineCrawler - Dosing guideline exists, metadata refresh id=PA166127638 updated=1 source=cpic evidence=3
[main] INFO cn.edu.zju.dao.DosingGuidelineDao - 
com.mysql.cj.jdbc.exceptions.MysqlDataTruncation: Data truncation: Data too long for column 'name' at row 1
	at com.mysql.cj.jdbc.exceptions.SQLExceptionsMapping.translateException(SQLExceptionsMapping.java:104)
	at com.mysql.cj.jdbc.ClientPreparedStatement.executeInternal(ClientPreparedStatement.java:953)
	at com.mysql.cj.jdbc.ClientPreparedStatement.execute(ClientPreparedStatement.java:370)
	at cn.edu.zju.dao.DosingGuidelineDao.lambda$saveDosingGuideline$0(DosingGuidelineDao.java:42)
	at cn.edu.zju.dbutils.DBUtils.execSQL(DBUtils.java:41)
	at cn.edu.zju.dao.DosingGuidelineDao.saveDosingGuideline(DosingGuidelineDao.java:29)
	at cn.edu.zju.crawler.DosingGuidelineCrawler.doCrawlerDosingGuideline(DosingGuidelineCrawler.java:63)
	at cn.edu.zju.crawler.DosingGuidelineCrawler.lambda$doCrawlerDosingGuidelineList$2(DosingGuidelineCrawler.java:40)
	at java.base/java.util.ArrayList.forEach(ArrayList.java:1604)
	at cn.edu.zju.crawler.DosingGuidelineCrawler.lambda$doCrawlerDosingGuidelineList$1(DosingGuidelineCrawler.java:38)
	at java.base/java.lang.Iterable.forEach(Iterable.java:75)
	at cn.edu.zju.crawler.DosingGuidelineCrawler.lambda$doCrawlerDosingGuidelineList$0(DosingGuidelineCrawler.java:32)
	at java.base/java.util.ArrayList$ArrayListSpliterator.forEachRemaining(ArrayList.java:1716)
	at java.base/java.util.stream.ReferencePipeline$Head.forEach(ReferencePipeline.java:807)
	at cn.edu.zju.crawler.DosingGuidelineCrawler.doCrawlerDosingGuidelineList(DosingGuidelineCrawler.java:30)
	at cn.edu.zju.crawler.GuidelineRefreshMain.main(GuidelineRefreshMain.java:7)
[main] INFO cn.edu.zju.crawler.DosingGuidelineCrawler - Saving dosing guideline: PA166288601 source=cpic evidence=4
[main] INFO cn.edu.zju.crawler.DosingGuidelineCrawler - Saving dosing guideline: PA166288581 source=cpic evidence=4
[main] INFO cn.edu.zju.crawler.DosingGuidelineCrawler - Dosing guideline exists, metadata refresh id=PA166104977 updated=1 source=dpwg evidence=3
[main] INFO cn.edu.zju.crawler.DosingGuidelineCrawler - Dosing guideline exists, metadata refresh id=PA166182817 updated=1 source=dpwg evidence=4
[main] INFO cn.edu.zju.crawler.DosingGuidelineCrawler - {cpic=[{alternateDrugAvailable=true, dosingInformation=true, genes=CYP2C19, CYP2D6, hasTestingInfo=false, otherPrescribingGuidance=false, pediatric=true, recommendation=true, source=CPIC, updatedDate=2021-06-14T15:12:42.303-07:00, url=/guidelineAnnotation/PA166105007}], dpwg=[{alternateDrugAvailable=true, dosingInformation=true, genes=CYP2D6, hasTestingInfo=true, otherPrescribingGuidance=true, pediatric=false, recommendation=true, source=DPWG, updatedDate=2026-01-20T09:55:35.495-08:00, url=/guidelineAnnotation/PA166104964}, {alternateDrugAvailable=true, dosingInformation=false, genes=CYP2C19, hasTestingInfo=true, otherPrescribingGuidance=false, pediatric=false, recommendation=true, source=DPWG, updatedDate=2026-01-20T09:56:19.222-08:00, url=/guidelineAnnotation/PA166184528}], drug={objCls=Chemical, id=PA449048, name=clomipramine, version=9.0}, drugUrl=/drug/PA449048, other=[]}
[main] INFO cn.edu.zju.crawler.DosingGuidelineCrawler - Dosing guideline exists, metadata refresh id=PA166105007 updated=1 source=cpic evidence=4
[main] INFO cn.edu.zju.crawler.DosingGuidelineCrawler - Dosing guideline exists, metadata refresh id=PA166104964 updated=1 source=dpwg evidence=3
[main] INFO cn.edu.zju.crawler.DosingGuidelineCrawler - Dosing guideline exists, metadata refresh id=PA166184528 updated=1 source=dpwg evidence=4
[main] INFO cn.edu.zju.crawler.DosingGuidelineCrawler - {cpic=[], dpwg=[{alternateDrugAvailable=false, dosingInformation=false, genes=CYP2D6, hasTestingInfo=false, otherPrescribingGuidance=false, pediatric=false, recommendation=false, source=DPWG, updatedDate=2024-03-18T09:04:12.064-07:00, url=/guidelineAnnotation/PA166182818}], drug={objCls=Chemical, id=PA449051, name=clonidine, version=13.0}, drugUrl=/drug/PA449051, other=[]}
[main] INFO cn.edu.zju.crawler.DosingGuidelineCrawler - Dosing guideline exists, metadata refresh id=PA166182818 updated=1 source=dpwg evidence=4
[main] INFO cn.edu.zju.crawler.DosingGuidelineCrawler - {cpic=[{alternateDrugAvailable=true, dosingInformation=false, genes=CYP2C19, hasTestingInfo=false, otherPrescribingGuidance=false, pediatric=true, recommendation=true, source=CPIC, updatedDate=2023-06-22T21:06:54.899-07:00, url=/guidelineAnnotation/PA166104948}], dpwg=[{alternateDrugAvailable=true, dosingInformation=true, genes=CYP2C19, hasTestingInfo=true, otherPrescribingGuidance=true, pediatric=false, recommendation=true, source=DPWG, updatedDate=2024-03-28T04:22:12.744-07:00, url=/guidelineAnnotation/PA166104956}], drug={objCls=Chemical, id=PA449053, name=clopidogrel, version=22.0}, drugUrl=/drug/PA449053, other=[{alternateDrugAvailable=true, dosingInformation=false, genes=CYP2C19, hasTestingInfo=true, otherPrescribingGuidance=false, pediatric=false, recommendation=true, source=RNPGx, updatedDate=2024-04-23T23:41:18.142-07:00, url=/guidelineAnnotation/PA166202501}, {alternateDrugAvailable=true, dosingInformation=false, genes=CYP2C19, hasTestingInfo=true, otherPrescribingGuidance=false, pediatric=false, recommendation=true, source=AHA, updatedDate=2025-10-06T05:38:24.130-07:00, url=/guidelineAnnotation/PA166342701}]}
[main] INFO cn.edu.zju.crawler.DosingGuidelineCrawler - Dosing guideline exists, metadata refresh id=PA166104948 updated=1 source=cpic evidence=3
[main] INFO cn.edu.zju.crawler.DosingGuidelineCrawler - Dosing guideline exists, metadata refresh id=PA166104956 updated=1 source=dpwg evidence=3
[main] INFO cn.edu.zju.crawler.DosingGuidelineCrawler - {cpic=[], dpwg=[{alternateDrugAvailable=false, dosingInformation=false, genes=CYP2D6, hasTestingInfo=false, otherPrescribingGuidance=false, pediatric=false, recommendation=false, source=DPWG, updatedDate=2024-03-29T11:38:01.178-07:00, url=/guidelineAnnotation/PA166104935}, {alternateDrugAvailable=false, dosingInformation=false, genes=CYP1A2, hasTestingInfo=false, otherPrescribingGuidance=false, pediatric=false, recommendation=false, source=DPWG, updatedDate=2024-03-29T11:38:18.437-07:00, url=/guidelineAnnotation/PA166265241}], drug={objCls=Chemical, id=PA449061, name=clozapine, version=11.0}, drugUrl=/drug/PA449061, other=[]}
[main] INFO cn.edu.zju.crawler.DosingGuidelineCrawler - Dosing guideline exists, metadata refresh id=PA166104935 updated=1 source=dpwg evidence=3
[main] INFO cn.edu.zju.crawler.DosingGuidelineCrawler - Saving dosing guideline: PA166265241 source=dpwg evidence=1A
[main] INFO cn.edu.zju.crawler.DosingGuidelineCrawler - {cpic=[{alternateDrugAvailable=true, dosingInformation=false, genes=CYP2D6, hasTestingInfo=false, otherPrescribingGuidance=true, pediatric=true, recommendation=true, source=CPIC, updatedDate=2023-06-22T22:14:07.590-07:00, url=/guidelineAnnotation/PA166104996}, {alternateDrugAvailable=false, dosingInformation=false, genes=COMT, OPRM1, hasTestingInfo=false, otherPrescribingGuidance=false, pediatric=false, recommendation=false, source=CPIC, updatedDate=2021-11-29T15:42:20.114-08:00, url=/guidelineAnnotation/PA166227941}], dpwg=[{alternateDrugAvailable=true, dosingInformation=true, genes=CYP2D6, hasTestingInfo=true, otherPrescribingGuidance=true, pediatric=true, recommendation=true, source=DPWG, updatedDate=2024-03-14T10:36:56.973-07:00, url=/guidelineAnnotation/PA166104970}], drug={objCls=Chemical, id=PA449088, name=codeine, version=15.0}, drugUrl=/drug/PA449088, other=[{alternateDrugAvailable=true, dosingInformation=false, genes=CYP2D6, hasTestingInfo=true, otherPrescribingGuidance=false, pediatric=false, recommendation=true, source=CPNDS, updatedDate=2024-04-23T23:42:05.473-07:00, url=/guidelineAnnotation/PA166122666}]}
[main] INFO cn.edu.zju.crawler.DosingGuidelineCrawler - Dosing guideline exists, metadata refresh id=PA166104996 updated=1 source=cpic evidence=4
[main] INFO cn.edu.zju.dao.DosingGuidelineDao - 
com.mysql.cj.jdbc.exceptions.MysqlDataTruncation: Data truncation: Data too long for column 'name' at row 1
	at com.mysql.cj.jdbc.exceptions.SQLExceptionsMapping.translateException(SQLExceptionsMapping.java:104)
	at com.mysql.cj.jdbc.ClientPreparedStatement.executeInternal(ClientPreparedStatement.java:953)
	at com.mysql.cj.jdbc.ClientPreparedStatement.execute(ClientPreparedStatement.java:370)
	at cn.edu.zju.dao.DosingGuidelineDao.lambda$saveDosingGuideline$0(DosingGuidelineDao.java:42)
	at cn.edu.zju.dbutils.DBUtils.execSQL(DBUtils.java:41)
	at cn.edu.zju.dao.DosingGuidelineDao.saveDosingGuideline(DosingGuidelineDao.java:29)
	at cn.edu.zju.crawler.DosingGuidelineCrawler.doCrawlerDosingGuideline(DosingGuidelineCrawler.java:63)
	at cn.edu.zju.crawler.DosingGuidelineCrawler.lambda$doCrawlerDosingGuidelineList$2(DosingGuidelineCrawler.java:40)
	at java.base/java.util.ArrayList.forEach(ArrayList.java:1604)
	at cn.edu.zju.crawler.DosingGuidelineCrawler.lambda$doCrawlerDosingGuidelineList$1(DosingGuidelineCrawler.java:38)
	at java.base/java.lang.Iterable.forEach(Iterable.java:75)
	at cn.edu.zju.crawler.DosingGuidelineCrawler.lambda$doCrawlerDosingGuidelineList$0(DosingGuidelineCrawler.java:32)
	at java.base/java.util.ArrayList$ArrayListSpliterator.forEachRemaining(ArrayList.java:1716)
	at java.base/java.util.stream.ReferencePipeline$Head.forEach(ReferencePipeline.java:807)
	at cn.edu.zju.crawler.DosingGuidelineCrawler.doCrawlerDosingGuidelineList(DosingGuidelineCrawler.java:30)
	at cn.edu.zju.crawler.GuidelineRefreshMain.main(GuidelineRefreshMain.java:7)
[main] INFO cn.edu.zju.crawler.DosingGuidelineCrawler - Saving dosing guideline: PA166227941 source=cpic evidence=4
[main] INFO cn.edu.zju.crawler.DosingGuidelineCrawler - Dosing guideline exists, metadata refresh id=PA166104970 updated=1 source=dpwg evidence=4
[main] INFO cn.edu.zju.crawler.DosingGuidelineCrawler - {cpic=[{alternateDrugAvailable=false, dosingInformation=false, genes=G6PD, hasTestingInfo=false, otherPrescribingGuidance=false, pediatric=true, recommendation=false, source=CPIC, updatedDate=2024-05-15T09:44:05.862-07:00, url=/guidelineAnnotation/PA166279481}], dpwg=[], drug={objCls=Chemical, id=PA166114911, name=dabrafenib, version=7.0}, drugUrl=/drug/PA166114911, other=[]}
[main] INFO cn.edu.zju.dao.DosingGuidelineDao - 
com.mysql.cj.jdbc.exceptions.MysqlDataTruncation: Data truncation: Data too long for column 'name' at row 1
	at com.mysql.cj.jdbc.exceptions.SQLExceptionsMapping.translateException(SQLExceptionsMapping.java:104)
	at com.mysql.cj.jdbc.ClientPreparedStatement.executeInternal(ClientPreparedStatement.java:953)
	at com.mysql.cj.jdbc.ClientPreparedStatement.execute(ClientPreparedStatement.java:370)
	at cn.edu.zju.dao.DosingGuidelineDao.lambda$saveDosingGuideline$0(DosingGuidelineDao.java:42)
	at cn.edu.zju.dbutils.DBUtils.execSQL(DBUtils.java:41)
	at cn.edu.zju.dao.DosingGuidelineDao.saveDosingGuideline(DosingGuidelineDao.java:29)
	at cn.edu.zju.crawler.DosingGuidelineCrawler.doCrawlerDosingGuideline(DosingGuidelineCrawler.java:63)
	at cn.edu.zju.crawler.DosingGuidelineCrawler.lambda$doCrawlerDosingGuidelineList$2(DosingGuidelineCrawler.java:40)
	at java.base/java.util.ArrayList.forEach(ArrayList.java:1604)
	at cn.edu.zju.crawler.DosingGuidelineCrawler.lambda$doCrawlerDosingGuidelineList$1(DosingGuidelineCrawler.java:38)
	at java.base/java.lang.Iterable.forEach(Iterable.java:75)
	at cn.edu.zju.crawler.DosingGuidelineCrawler.lambda$doCrawlerDosingGuidelineList$0(DosingGuidelineCrawler.java:32)
	at java.base/java.util.ArrayList$ArrayListSpliterator.forEachRemaining(ArrayList.java:1716)
	at java.base/java.util.stream.ReferencePipeline$Head.forEach(ReferencePipeline.java:807)
	at cn.edu.zju.crawler.DosingGuidelineCrawler.doCrawlerDosingGuidelineList(DosingGuidelineCrawler.java:30)
	at cn.edu.zju.crawler.GuidelineRefreshMain.main(GuidelineRefreshMain.java:7)
[main] INFO cn.edu.zju.crawler.DosingGuidelineCrawler - Saving dosing guideline: PA166279481 source=cpic evidence=4
[main] INFO cn.edu.zju.crawler.DosingGuidelineCrawler - {cpic=[{alternateDrugAvailable=true, dosingInformation=false, genes=G6PD, hasTestingInfo=false, otherPrescribingGuidance=true, pediatric=true, recommendation=true, source=CPIC, updatedDate=2024-05-15T09:41:39.548-07:00, url=/guidelineAnnotation/PA166119846}], dpwg=[], drug={objCls=Chemical, id=PA449211, name=dapsone, version=9.0}, drugUrl=/drug/PA449211, other=[]}
[main] INFO cn.edu.zju.crawler.DosingGuidelineCrawler - Dosing guideline exists, metadata refresh id=PA166119846 updated=1 source=cpic evidence=3
[main] INFO cn.edu.zju.crawler.DosingGuidelineCrawler - {cpic=[], dpwg=[], drug={objCls=Chemical, id=PA449212, name=daunorubicin, version=10.0}, drugUrl=/drug/PA449212, other=[{alternateDrugAvailable=true, dosingInformation=false, genes=RARG, SLC28A3, UGT1A6, hasTestingInfo=true, otherPrescribingGuidance=true, pediatric=true, recommendation=true, source=CPNDS, updatedDate=2024-04-24T00:00:26.572-07:00, url=/guidelineAnnotation/PA166159180}]}
[main] INFO cn.edu.zju.crawler.DosingGuidelineCrawler - {cpic=[{alternateDrugAvailable=true, dosingInformation=false, genes=CACNA1S, RYR1, hasTestingInfo=false, otherPrescribingGuidance=true, pediatric=true, recommendation=true, source=CPIC, updatedDate=2023-12-13T13:21:05.189-08:00, url=/guidelineAnnotation/PA166303941}], dpwg=[], drug={objCls=Chemical, id=PA164749136, name=desflurane, version=10.0}, drugUrl=/drug/PA164749136, other=[]}
[main] INFO cn.edu.zju.dao.DosingGuidelineDao - 
com.mysql.cj.jdbc.exceptions.MysqlDataTruncation: Data truncation: Data too long for column 'name' at row 1
	at com.mysql.cj.jdbc.exceptions.SQLExceptionsMapping.translateException(SQLExceptionsMapping.java:104)
	at com.mysql.cj.jdbc.ClientPreparedStatement.executeInternal(ClientPreparedStatement.java:953)
	at com.mysql.cj.jdbc.ClientPreparedStatement.execute(ClientPreparedStatement.java:370)
	at cn.edu.zju.dao.DosingGuidelineDao.lambda$saveDosingGuideline$0(DosingGuidelineDao.java:42)
	at cn.edu.zju.dbutils.DBUtils.execSQL(DBUtils.java:41)
	at cn.edu.zju.dao.DosingGuidelineDao.saveDosingGuideline(DosingGuidelineDao.java:29)
	at cn.edu.zju.crawler.DosingGuidelineCrawler.doCrawlerDosingGuideline(DosingGuidelineCrawler.java:63)
	at cn.edu.zju.crawler.DosingGuidelineCrawler.lambda$doCrawlerDosingGuidelineList$2(DosingGuidelineCrawler.java:40)
	at java.base/java.util.ArrayList.forEach(ArrayList.java:1604)
	at cn.edu.zju.crawler.DosingGuidelineCrawler.lambda$doCrawlerDosingGuidelineList$1(DosingGuidelineCrawler.java:38)
	at java.base/java.lang.Iterable.forEach(Iterable.java:75)
	at cn.edu.zju.crawler.DosingGuidelineCrawler.lambda$doCrawlerDosingGuidelineList$0(DosingGuidelineCrawler.java:32)
	at java.base/java.util.ArrayList$ArrayListSpliterator.forEachRemaining(ArrayList.java:1716)
	at java.base/java.util.stream.ReferencePipeline$Head.forEach(ReferencePipeline.java:807)
	at cn.edu.zju.crawler.DosingGuidelineCrawler.doCrawlerDosingGuidelineList(DosingGuidelineCrawler.java:30)
	at cn.edu.zju.crawler.GuidelineRefreshMain.main(GuidelineRefreshMain.java:7)
[main] INFO cn.edu.zju.crawler.DosingGuidelineCrawler - Saving dosing guideline: PA166303941 source=cpic evidence=4
[main] INFO cn.edu.zju.crawler.DosingGuidelineCrawler - {cpic=[{alternateDrugAvailable=true, dosingInformation=true, genes=CYP2D6, hasTestingInfo=false, otherPrescribingGuidance=false, pediatric=true, recommendation=true, source=CPIC, updatedDate=2021-06-11T14:50:19.124-07:00, url=/guidelineAnnotation/PA166105002}], dpwg=[], drug={objCls=Chemical, id=PA449233, name=desipramine, version=19.0}, drugUrl=/drug/PA449233, other=[]}
[main] INFO cn.edu.zju.crawler.DosingGuidelineCrawler - Dosing guideline exists, metadata refresh id=PA166105002 updated=1 source=cpic evidence=4
[main] INFO cn.edu.zju.crawler.DosingGuidelineCrawler - {cpic=[{alternateDrugAvailable=false, dosingInformation=false, genes=SLC6A4, hasTestingInfo=false, otherPrescribingGuidance=false, pediatric=false, recommendation=false, source=CPIC, updatedDate=2024-06-25T01:19:36.027-07:00, url=/guidelineAnnotation/PA166288601}, {alternateDrugAvailable=false, dosingInformation=false, genes=HTR2A, hasTestingInfo=false, otherPrescribingGuidance=false, pediatric=false, recommendation=false, source=CPIC, updatedDate=2024-06-25T01:19:53.023-07:00, url=/guidelineAnnotation/PA166288582}], dpwg=[], drug={objCls=Chemical, id=PA165958374, name=desvenlafaxine, version=10.0}, drugUrl=/drug/PA165958374, other=[]}
[main] INFO cn.edu.zju.dao.DosingGuidelineDao - 
com.mysql.cj.jdbc.exceptions.MysqlDataTruncation: Data truncation: Data too long for column 'name' at row 1
	at com.mysql.cj.jdbc.exceptions.SQLExceptionsMapping.translateException(SQLExceptionsMapping.java:104)
	at com.mysql.cj.jdbc.ClientPreparedStatement.executeInternal(ClientPreparedStatement.java:953)
	at com.mysql.cj.jdbc.ClientPreparedStatement.execute(ClientPreparedStatement.java:370)
	at cn.edu.zju.dao.DosingGuidelineDao.lambda$saveDosingGuideline$0(DosingGuidelineDao.java:42)
	at cn.edu.zju.dbutils.DBUtils.execSQL(DBUtils.java:41)
	at cn.edu.zju.dao.DosingGuidelineDao.saveDosingGuideline(DosingGuidelineDao.java:29)
	at cn.edu.zju.crawler.DosingGuidelineCrawler.doCrawlerDosingGuideline(DosingGuidelineCrawler.java:63)
	at cn.edu.zju.crawler.DosingGuidelineCrawler.lambda$doCrawlerDosingGuidelineList$2(DosingGuidelineCrawler.java:40)
	at java.base/java.util.ArrayList.forEach(ArrayList.java:1604)
	at cn.edu.zju.crawler.DosingGuidelineCrawler.lambda$doCrawlerDosingGuidelineList$1(DosingGuidelineCrawler.java:38)
	at java.base/java.lang.Iterable.forEach(Iterable.java:75)
	at cn.edu.zju.crawler.DosingGuidelineCrawler.lambda$doCrawlerDosingGuidelineList$0(DosingGuidelineCrawler.java:32)
	at java.base/java.util.ArrayList$ArrayListSpliterator.forEachRemaining(ArrayList.java:1716)
	at java.base/java.util.stream.ReferencePipeline$Head.forEach(ReferencePipeline.java:807)
	at cn.edu.zju.crawler.DosingGuidelineCrawler.doCrawlerDosingGuidelineList(DosingGuidelineCrawler.java:30)
	at cn.edu.zju.crawler.GuidelineRefreshMain.main(GuidelineRefreshMain.java:7)
[main] INFO cn.edu.zju.crawler.DosingGuidelineCrawler - Saving dosing guideline: PA166288601 source=cpic evidence=4
[main] INFO cn.edu.zju.dao.DosingGuidelineDao - 
com.mysql.cj.jdbc.exceptions.MysqlDataTruncation: Data truncation: Data too long for column 'name' at row 1
	at com.mysql.cj.jdbc.exceptions.SQLExceptionsMapping.translateException(SQLExceptionsMapping.java:104)
	at com.mysql.cj.jdbc.ClientPreparedStatement.executeInternal(ClientPreparedStatement.java:953)
	at com.mysql.cj.jdbc.ClientPreparedStatement.execute(ClientPreparedStatement.java:370)
	at cn.edu.zju.dao.DosingGuidelineDao.lambda$saveDosingGuideline$0(DosingGuidelineDao.java:42)
	at cn.edu.zju.dbutils.DBUtils.execSQL(DBUtils.java:41)
	at cn.edu.zju.dao.DosingGuidelineDao.saveDosingGuideline(DosingGuidelineDao.java:29)
	at cn.edu.zju.crawler.DosingGuidelineCrawler.doCrawlerDosingGuideline(DosingGuidelineCrawler.java:63)
	at cn.edu.zju.crawler.DosingGuidelineCrawler.lambda$doCrawlerDosingGuidelineList$2(DosingGuidelineCrawler.java:40)
	at java.base/java.util.ArrayList.forEach(ArrayList.java:1604)
	at cn.edu.zju.crawler.DosingGuidelineCrawler.lambda$doCrawlerDosingGuidelineList$1(DosingGuidelineCrawler.java:38)
	at java.base/java.lang.Iterable.forEach(Iterable.java:75)
	at cn.edu.zju.crawler.DosingGuidelineCrawler.lambda$doCrawlerDosingGuidelineList$0(DosingGuidelineCrawler.java:32)
	at java.base/java.util.ArrayList$ArrayListSpliterator.forEachRemaining(ArrayList.java:1716)
	at java.base/java.util.stream.ReferencePipeline$Head.forEach(ReferencePipeline.java:807)
	at cn.edu.zju.crawler.DosingGuidelineCrawler.doCrawlerDosingGuidelineList(DosingGuidelineCrawler.java:30)
	at cn.edu.zju.crawler.GuidelineRefreshMain.main(GuidelineRefreshMain.java:7)
[main] INFO cn.edu.zju.crawler.DosingGuidelineCrawler - Saving dosing guideline: PA166288582 source=cpic evidence=4
[main] INFO cn.edu.zju.crawler.DosingGuidelineCrawler - {cpic=[{alternateDrugAvailable=false, dosingInformation=true, genes=CYP2C19, hasTestingInfo=false, otherPrescribingGuidance=false, pediatric=true, recommendation=true, source=CPIC, updatedDate=2026-03-27T00:00:00-07:00, url=/guidelineAnnotation/PA166219301}], dpwg=[], drug={objCls=Chemical, id=PA166110257, name=dexlansoprazole, version=6.0}, drugUrl=/drug/PA166110257, other=[]}
[main] INFO cn.edu.zju.crawler.DosingGuidelineCrawler - Saving dosing guideline: PA166219301 source=cpic evidence=3
[main] INFO cn.edu.zju.crawler.DosingGuidelineCrawler - {cpic=[{alternateDrugAvailable=true, dosingInformation=false, genes=MT-RNR1, hasTestingInfo=false, otherPrescribingGuidance=true, pediatric=true, recommendation=true, source=CPIC, updatedDate=2025-10-27T00:00:00-07:00, url=/guidelineAnnotation/PA166229081}], dpwg=[], drug={objCls=Chemical, id=PA166292901, name=dibekacin, version=3.0}, drugUrl=/drug/PA166292901, other=[]}
[main] INFO cn.edu.zju.dao.DosingGuidelineDao - 
com.mysql.cj.jdbc.exceptions.MysqlDataTruncation: Data truncation: Data too long for column 'name' at row 1
	at com.mysql.cj.jdbc.exceptions.SQLExceptionsMapping.translateException(SQLExceptionsMapping.java:104)
	at com.mysql.cj.jdbc.ClientPreparedStatement.executeInternal(ClientPreparedStatement.java:953)
	at com.mysql.cj.jdbc.ClientPreparedStatement.execute(ClientPreparedStatement.java:370)
	at cn.edu.zju.dao.DosingGuidelineDao.lambda$saveDosingGuideline$0(DosingGuidelineDao.java:42)
	at cn.edu.zju.dbutils.DBUtils.execSQL(DBUtils.java:41)
	at cn.edu.zju.dao.DosingGuidelineDao.saveDosingGuideline(DosingGuidelineDao.java:29)
	at cn.edu.zju.crawler.DosingGuidelineCrawler.doCrawlerDosingGuideline(DosingGuidelineCrawler.java:63)
	at cn.edu.zju.crawler.DosingGuidelineCrawler.lambda$doCrawlerDosingGuidelineList$2(DosingGuidelineCrawler.java:40)
	at java.base/java.util.ArrayList.forEach(ArrayList.java:1604)
	at cn.edu.zju.crawler.DosingGuidelineCrawler.lambda$doCrawlerDosingGuidelineList$1(DosingGuidelineCrawler.java:38)
	at java.base/java.lang.Iterable.forEach(Iterable.java:75)
	at cn.edu.zju.crawler.DosingGuidelineCrawler.lambda$doCrawlerDosingGuidelineList$0(DosingGuidelineCrawler.java:32)
	at java.base/java.util.ArrayList$ArrayListSpliterator.forEachRemaining(ArrayList.java:1716)
	at java.base/java.util.stream.ReferencePipeline$Head.forEach(ReferencePipeline.java:807)
	at cn.edu.zju.crawler.DosingGuidelineCrawler.doCrawlerDosingGuidelineList(DosingGuidelineCrawler.java:30)
	at cn.edu.zju.crawler.GuidelineRefreshMain.main(GuidelineRefreshMain.java:7)
[main] INFO cn.edu.zju.crawler.DosingGuidelineCrawler - Saving dosing guideline: PA166229081 source=cpic evidence=3
[main] INFO cn.edu.zju.crawler.DosingGuidelineCrawler - {cpic=[{alternateDrugAvailable=false, dosingInformation=false, genes=CYP2C9, hasTestingInfo=false, otherPrescribingGuidance=false, pediatric=false, recommendation=false, source=CPIC, updatedDate=2021-12-10T11:11:00.330-08:00, url=/guidelineAnnotation/PA166222201}, {alternateDrugAvailable=false, dosingInformation=false, genes=CYP2C8, hasTestingInfo=false, otherPrescribingGuidance=false, pediatric=false, recommendation=false, source=CPIC, updatedDate=2024-08-12T04:55:05.718-07:00, url=/guidelineAnnotation/PA166222181}], dpwg=[], drug={objCls=Chemical, id=PA449293, name=diclofenac, version=12.0}, drugUrl=/drug/PA449293, other=[]}
[main] INFO cn.edu.zju.dao.DosingGuidelineDao - 
com.mysql.cj.jdbc.exceptions.MysqlDataTruncation: Data truncation: Data too long for column 'name' at row 1
	at com.mysql.cj.jdbc.exceptions.SQLExceptionsMapping.translateException(SQLExceptionsMapping.java:104)
	at com.mysql.cj.jdbc.ClientPreparedStatement.executeInternal(ClientPreparedStatement.java:953)
	at com.mysql.cj.jdbc.ClientPreparedStatement.execute(ClientPreparedStatement.java:370)
	at cn.edu.zju.dao.DosingGuidelineDao.lambda$saveDosingGuideline$0(DosingGuidelineDao.java:42)
	at cn.edu.zju.dbutils.DBUtils.execSQL(DBUtils.java:41)
	at cn.edu.zju.dao.DosingGuidelineDao.saveDosingGuideline(DosingGuidelineDao.java:29)
	at cn.edu.zju.crawler.DosingGuidelineCrawler.doCrawlerDosingGuideline(DosingGuidelineCrawler.java:63)
	at cn.edu.zju.crawler.DosingGuidelineCrawler.lambda$doCrawlerDosingGuidelineList$2(DosingGuidelineCrawler.java:40)
	at java.base/java.util.ArrayList.forEach(ArrayList.java:1604)
	at cn.edu.zju.crawler.DosingGuidelineCrawler.lambda$doCrawlerDosingGuidelineList$1(DosingGuidelineCrawler.java:38)
	at java.base/java.lang.Iterable.forEach(Iterable.java:75)
	at cn.edu.zju.crawler.DosingGuidelineCrawler.lambda$doCrawlerDosingGuidelineList$0(DosingGuidelineCrawler.java:32)
	at java.base/java.util.ArrayList$ArrayListSpliterator.forEachRemaining(ArrayList.java:1716)
	at java.base/java.util.stream.ReferencePipeline$Head.forEach(ReferencePipeline.java:807)
	at cn.edu.zju.crawler.DosingGuidelineCrawler.doCrawlerDosingGuidelineList(DosingGuidelineCrawler.java:30)
	at cn.edu.zju.crawler.GuidelineRefreshMain.main(GuidelineRefreshMain.java:7)
[main] INFO cn.edu.zju.crawler.DosingGuidelineCrawler - Saving dosing guideline: PA166222201 source=cpic evidence=4
[main] INFO cn.edu.zju.crawler.DosingGuidelineCrawler - Saving dosing guideline: PA166222181 source=cpic evidence=3
[main] INFO cn.edu.zju.crawler.DosingGuidelineCrawler - {cpic=[{alternateDrugAvailable=false, dosingInformation=false, genes=G6PD, hasTestingInfo=false, otherPrescribingGuidance=false, pediatric=true, recommendation=false, source=CPIC, updatedDate=2025-03-20T10:28:17.183-07:00, url=/guidelineAnnotation/PA166279741}], dpwg=[], drug={objCls=Chemical, id=PA165958406, name=dimercaprol, version=6.0}, drugUrl=/drug/PA165958406, other=[]}
[main] INFO cn.edu.zju.dao.DosingGuidelineDao - 
com.mysql.cj.jdbc.exceptions.MysqlDataTruncation: Data truncation: Data too long for column 'name' at row 1
	at com.mysql.cj.jdbc.exceptions.SQLExceptionsMapping.translateException(SQLExceptionsMapping.java:104)
	at com.mysql.cj.jdbc.ClientPreparedStatement.executeInternal(ClientPreparedStatement.java:953)
	at com.mysql.cj.jdbc.ClientPreparedStatement.execute(ClientPreparedStatement.java:370)
	at cn.edu.zju.dao.DosingGuidelineDao.lambda$saveDosingGuideline$0(DosingGuidelineDao.java:42)
	at cn.edu.zju.dbutils.DBUtils.execSQL(DBUtils.java:41)
	at cn.edu.zju.dao.DosingGuidelineDao.saveDosingGuideline(DosingGuidelineDao.java:29)
	at cn.edu.zju.crawler.DosingGuidelineCrawler.doCrawlerDosingGuideline(DosingGuidelineCrawler.java:63)
	at cn.edu.zju.crawler.DosingGuidelineCrawler.lambda$doCrawlerDosingGuidelineList$2(DosingGuidelineCrawler.java:40)
	at java.base/java.util.ArrayList.forEach(ArrayList.java:1604)
	at cn.edu.zju.crawler.DosingGuidelineCrawler.lambda$doCrawlerDosingGuidelineList$1(DosingGuidelineCrawler.java:38)
	at java.base/java.lang.Iterable.forEach(Iterable.java:75)
	at cn.edu.zju.crawler.DosingGuidelineCrawler.lambda$doCrawlerDosingGuidelineList$0(DosingGuidelineCrawler.java:32)
	at java.base/java.util.ArrayList$ArrayListSpliterator.forEachRemaining(ArrayList.java:1716)
	at java.base/java.util.stream.ReferencePipeline$Head.forEach(ReferencePipeline.java:807)
	at cn.edu.zju.crawler.DosingGuidelineCrawler.doCrawlerDosingGuidelineList(DosingGuidelineCrawler.java:30)
	at cn.edu.zju.crawler.GuidelineRefreshMain.main(GuidelineRefreshMain.java:7)
[main] INFO cn.edu.zju.crawler.DosingGuidelineCrawler - Saving dosing guideline: PA166279741 source=cpic evidence=4
[main] INFO cn.edu.zju.crawler.DosingGuidelineCrawler - {cpic=[{alternateDrugAvailable=false, dosingInformation=false, genes=CYP2C9, hasTestingInfo=false, otherPrescribingGuidance=false, pediatric=false, recommendation=false, source=CPIC, updatedDate=2021-12-10T11:11:00.330-08:00, url=/guidelineAnnotation/PA166222201}], dpwg=[], drug={objCls=Chemical, id=PA166128206, name=dipyrone, version=9.0}, drugUrl=/drug/PA166128206, other=[]}
[main] INFO cn.edu.zju.dao.DosingGuidelineDao - 
com.mysql.cj.jdbc.exceptions.MysqlDataTruncation: Data truncation: Data too long for column 'name' at row 1
	at com.mysql.cj.jdbc.exceptions.SQLExceptionsMapping.translateException(SQLExceptionsMapping.java:104)
	at com.mysql.cj.jdbc.ClientPreparedStatement.executeInternal(ClientPreparedStatement.java:953)
	at com.mysql.cj.jdbc.ClientPreparedStatement.execute(ClientPreparedStatement.java:370)
	at cn.edu.zju.dao.DosingGuidelineDao.lambda$saveDosingGuideline$0(DosingGuidelineDao.java:42)
	at cn.edu.zju.dbutils.DBUtils.execSQL(DBUtils.java:41)
	at cn.edu.zju.dao.DosingGuidelineDao.saveDosingGuideline(DosingGuidelineDao.java:29)
	at cn.edu.zju.crawler.DosingGuidelineCrawler.doCrawlerDosingGuideline(DosingGuidelineCrawler.java:63)
	at cn.edu.zju.crawler.DosingGuidelineCrawler.lambda$doCrawlerDosingGuidelineList$2(DosingGuidelineCrawler.java:40)
	at java.base/java.util.ArrayList.forEach(ArrayList.java:1604)
	at cn.edu.zju.crawler.DosingGuidelineCrawler.lambda$doCrawlerDosingGuidelineList$1(DosingGuidelineCrawler.java:38)
	at java.base/java.lang.Iterable.forEach(Iterable.java:75)
	at cn.edu.zju.crawler.DosingGuidelineCrawler.lambda$doCrawlerDosingGuidelineList$0(DosingGuidelineCrawler.java:32)
	at java.base/java.util.ArrayList$ArrayListSpliterator.forEachRemaining(ArrayList.java:1716)
	at java.base/java.util.stream.ReferencePipeline$Head.forEach(ReferencePipeline.java:807)
	at cn.edu.zju.crawler.DosingGuidelineCrawler.doCrawlerDosingGuidelineList(DosingGuidelineCrawler.java:30)
	at cn.edu.zju.crawler.GuidelineRefreshMain.main(GuidelineRefreshMain.java:7)
[main] INFO cn.edu.zju.crawler.DosingGuidelineCrawler - Saving dosing guideline: PA166222201 source=cpic evidence=4
[main] INFO cn.edu.zju.crawler.DosingGuidelineCrawler - {cpic=[], dpwg=[{alternateDrugAvailable=false, dosingInformation=false, genes=CYP2D6, hasTestingInfo=false, otherPrescribingGuidance=false, pediatric=false, recommendation=false, source=DPWG, updatedDate=2024-03-29T11:38:44.396-07:00, url=/guidelineAnnotation/PA166182811}], drug={objCls=Chemical, id=PA449373, name=disopyramide, version=12.0}, drugUrl=/drug/PA449373, other=[]}
[main] INFO cn.edu.zju.crawler.DosingGuidelineCrawler - Dosing guideline exists, metadata refresh id=PA166182811 updated=1 source=dpwg evidence=4
[main] INFO cn.edu.zju.crawler.DosingGuidelineCrawler - {cpic=[{alternateDrugAvailable=true, dosingInformation=true, genes=CYP2C19, CYP2D6, hasTestingInfo=false, otherPrescribingGuidance=false, pediatric=true, recommendation=true, source=CPIC, updatedDate=2021-06-15T14:16:55.570-07:00, url=/guidelineAnnotation/PA166105000}], dpwg=[{alternateDrugAvailable=false, dosingInformation=false, genes=CYP2C19, hasTestingInfo=false, otherPrescribingGuidance=false, pediatric=false, recommendation=false, source=DPWG, updatedDate=2026-01-20T08:59:37.645-08:00, url=/guidelineAnnotation/PA166184529}, {alternateDrugAvailable=true, dosingInformation=true, genes=CYP2D6, hasTestingInfo=true, otherPrescribingGuidance=true, pediatric=false, recommendation=true, source=DPWG, updatedDate=2026-01-20T08:56:43.257-08:00, url=/guidelineAnnotation/PA166104994}], drug={objCls=Chemical, id=PA449409, name=doxepin, version=11.0}, drugUrl=/drug/PA449409, other=[]}
[main] INFO cn.edu.zju.crawler.DosingGuidelineCrawler - Dosing guideline exists, metadata refresh id=PA166105000 updated=1 source=cpic evidence=4
[main] INFO cn.edu.zju.crawler.DosingGuidelineCrawler - Dosing guideline exists, metadata refresh id=PA166184529 updated=1 source=dpwg evidence=4
[main] INFO cn.edu.zju.crawler.DosingGuidelineCrawler - Dosing guideline exists, metadata refresh id=PA166104994 updated=1 source=dpwg evidence=3
[main] INFO cn.edu.zju.crawler.DosingGuidelineCrawler - {cpic=[{alternateDrugAvailable=false, dosingInformation=false, genes=G6PD, hasTestingInfo=false, otherPrescribingGuidance=false, pediatric=true, recommendation=false, source=CPIC, updatedDate=2025-03-20T10:28:17.183-07:00, url=/guidelineAnnotation/PA166279741}], dpwg=[], drug={objCls=Chemical, id=PA449412, name=doxorubicin, version=33.0}, drugUrl=/drug/PA449412, other=[{alternateDrugAvailable=true, dosingInformation=false, genes=RARG, SLC28A3, UGT1A6, hasTestingInfo=true, otherPrescribingGuidance=true, pediatric=true, recommendation=true, source=CPNDS, updatedDate=2024-04-24T00:00:26.572-07:00, url=/guidelineAnnotation/PA166159180}]}
[main] INFO cn.edu.zju.dao.DosingGuidelineDao - 
com.mysql.cj.jdbc.exceptions.MysqlDataTruncation: Data truncation: Data too long for column 'name' at row 1
	at com.mysql.cj.jdbc.exceptions.SQLExceptionsMapping.translateException(SQLExceptionsMapping.java:104)
	at com.mysql.cj.jdbc.ClientPreparedStatement.executeInternal(ClientPreparedStatement.java:953)
	at com.mysql.cj.jdbc.ClientPreparedStatement.execute(ClientPreparedStatement.java:370)
	at cn.edu.zju.dao.DosingGuidelineDao.lambda$saveDosingGuideline$0(DosingGuidelineDao.java:42)
	at cn.edu.zju.dbutils.DBUtils.execSQL(DBUtils.java:41)
	at cn.edu.zju.dao.DosingGuidelineDao.saveDosingGuideline(DosingGuidelineDao.java:29)
	at cn.edu.zju.crawler.DosingGuidelineCrawler.doCrawlerDosingGuideline(DosingGuidelineCrawler.java:63)
	at cn.edu.zju.crawler.DosingGuidelineCrawler.lambda$doCrawlerDosingGuidelineList$2(DosingGuidelineCrawler.java:40)
	at java.base/java.util.ArrayList.forEach(ArrayList.java:1604)
	at cn.edu.zju.crawler.DosingGuidelineCrawler.lambda$doCrawlerDosingGuidelineList$1(DosingGuidelineCrawler.java:38)
	at java.base/java.lang.Iterable.forEach(Iterable.java:75)
	at cn.edu.zju.crawler.DosingGuidelineCrawler.lambda$doCrawlerDosingGuidelineList$0(DosingGuidelineCrawler.java:32)
	at java.base/java.util.ArrayList$ArrayListSpliterator.forEachRemaining(ArrayList.java:1716)
	at java.base/java.util.stream.ReferencePipeline$Head.forEach(ReferencePipeline.java:807)
	at cn.edu.zju.crawler.DosingGuidelineCrawler.doCrawlerDosingGuidelineList(DosingGuidelineCrawler.java:30)
	at cn.edu.zju.crawler.GuidelineRefreshMain.main(GuidelineRefreshMain.java:7)
[main] INFO cn.edu.zju.crawler.DosingGuidelineCrawler - Saving dosing guideline: PA166279741 source=cpic evidence=4
[main] INFO cn.edu.zju.crawler.DosingGuidelineCrawler - {cpic=[{alternateDrugAvailable=false, dosingInformation=false, genes=SLC6A4, hasTestingInfo=false, otherPrescribingGuidance=false, pediatric=false, recommendation=false, source=CPIC, updatedDate=2024-06-25T01:19:36.027-07:00, url=/guidelineAnnotation/PA166288601}, {alternateDrugAvailable=false, dosingInformation=false, genes=HTR2A, hasTestingInfo=false, otherPrescribingGuidance=false, pediatric=false, recommendation=false, source=CPIC, updatedDate=2024-06-25T01:19:53.023-07:00, url=/guidelineAnnotation/PA166288582}, {alternateDrugAvailable=false, dosingInformation=false, genes=CYP2D6, hasTestingInfo=false, otherPrescribingGuidance=false, pediatric=false, recommendation=false, source=CPIC, updatedDate=2024-06-25T01:20:12.405-07:00, url=/guidelineAnnotation/PA166288561}], dpwg=[{alternateDrugAvailable=false, dosingInformation=false, genes=CYP2D6, hasTestingInfo=false, otherPrescribingGuidance=false, pediatric=false, recommendation=false, source=DPWG, updatedDate=2024-07-09T10:17:58.579-07:00, url=/guidelineAnnotation/PA166104942}], drug={objCls=Chemical, id=PA10066, name=duloxetine, version=9.0}, drugUrl=/drug/PA10066, other=[]}
[main] INFO cn.edu.zju.dao.DosingGuidelineDao - 
com.mysql.cj.jdbc.exceptions.MysqlDataTruncation: Data truncation: Data too long for column 'name' at row 1
	at com.mysql.cj.jdbc.exceptions.SQLExceptionsMapping.translateException(SQLExceptionsMapping.java:104)
	at com.mysql.cj.jdbc.ClientPreparedStatement.executeInternal(ClientPreparedStatement.java:953)
	at com.mysql.cj.jdbc.ClientPreparedStatement.execute(ClientPreparedStatement.java:370)
	at cn.edu.zju.dao.DosingGuidelineDao.lambda$saveDosingGuideline$0(DosingGuidelineDao.java:42)
	at cn.edu.zju.dbutils.DBUtils.execSQL(DBUtils.java:41)
	at cn.edu.zju.dao.DosingGuidelineDao.saveDosingGuideline(DosingGuidelineDao.java:29)
	at cn.edu.zju.crawler.DosingGuidelineCrawler.doCrawlerDosingGuideline(DosingGuidelineCrawler.java:63)
	at cn.edu.zju.crawler.DosingGuidelineCrawler.lambda$doCrawlerDosingGuidelineList$2(DosingGuidelineCrawler.java:40)
	at java.base/java.util.ArrayList.forEach(ArrayList.java:1604)
	at cn.edu.zju.crawler.DosingGuidelineCrawler.lambda$doCrawlerDosingGuidelineList$1(DosingGuidelineCrawler.java:38)
	at java.base/java.lang.Iterable.forEach(Iterable.java:75)
	at cn.edu.zju.crawler.DosingGuidelineCrawler.lambda$doCrawlerDosingGuidelineList$0(DosingGuidelineCrawler.java:32)
	at java.base/java.util.ArrayList$ArrayListSpliterator.forEachRemaining(ArrayList.java:1716)
	at java.base/java.util.stream.ReferencePipeline$Head.forEach(ReferencePipeline.java:807)
	at cn.edu.zju.crawler.DosingGuidelineCrawler.doCrawlerDosingGuidelineList(DosingGuidelineCrawler.java:30)
	at cn.edu.zju.crawler.GuidelineRefreshMain.main(GuidelineRefreshMain.java:7)
[main] INFO cn.edu.zju.crawler.DosingGuidelineCrawler - Saving dosing guideline: PA166288601 source=cpic evidence=4
[main] INFO cn.edu.zju.dao.DosingGuidelineDao - 
com.mysql.cj.jdbc.exceptions.MysqlDataTruncation: Data truncation: Data too long for column 'name' at row 1
	at com.mysql.cj.jdbc.exceptions.SQLExceptionsMapping.translateException(SQLExceptionsMapping.java:104)
	at com.mysql.cj.jdbc.ClientPreparedStatement.executeInternal(ClientPreparedStatement.java:953)
	at com.mysql.cj.jdbc.ClientPreparedStatement.execute(ClientPreparedStatement.java:370)
	at cn.edu.zju.dao.DosingGuidelineDao.lambda$saveDosingGuideline$0(DosingGuidelineDao.java:42)
	at cn.edu.zju.dbutils.DBUtils.execSQL(DBUtils.java:41)
	at cn.edu.zju.dao.DosingGuidelineDao.saveDosingGuideline(DosingGuidelineDao.java:29)
	at cn.edu.zju.crawler.DosingGuidelineCrawler.doCrawlerDosingGuideline(DosingGuidelineCrawler.java:63)
	at cn.edu.zju.crawler.DosingGuidelineCrawler.lambda$doCrawlerDosingGuidelineList$2(DosingGuidelineCrawler.java:40)
	at java.base/java.util.ArrayList.forEach(ArrayList.java:1604)
	at cn.edu.zju.crawler.DosingGuidelineCrawler.lambda$doCrawlerDosingGuidelineList$1(DosingGuidelineCrawler.java:38)
	at java.base/java.lang.Iterable.forEach(Iterable.java:75)
	at cn.edu.zju.crawler.DosingGuidelineCrawler.lambda$doCrawlerDosingGuidelineList$0(DosingGuidelineCrawler.java:32)
	at java.base/java.util.ArrayList$ArrayListSpliterator.forEachRemaining(ArrayList.java:1716)
	at java.base/java.util.stream.ReferencePipeline$Head.forEach(ReferencePipeline.java:807)
	at cn.edu.zju.crawler.DosingGuidelineCrawler.doCrawlerDosingGuidelineList(DosingGuidelineCrawler.java:30)
	at cn.edu.zju.crawler.GuidelineRefreshMain.main(GuidelineRefreshMain.java:7)
[main] INFO cn.edu.zju.crawler.DosingGuidelineCrawler - Saving dosing guideline: PA166288582 source=cpic evidence=4
[main] INFO cn.edu.zju.crawler.DosingGuidelineCrawler - Saving dosing guideline: PA166288561 source=cpic evidence=4
[main] INFO cn.edu.zju.crawler.DosingGuidelineCrawler - Dosing guideline exists, metadata refresh id=PA166104942 updated=1 source=dpwg evidence=3
[main] INFO cn.edu.zju.crawler.DosingGuidelineCrawler - {cpic=[{alternateDrugAvailable=false, dosingInformation=true, genes=CYP2B6, hasTestingInfo=false, otherPrescribingGuidance=false, pediatric=true, recommendation=true, source=CPIC, updatedDate=2023-06-22T20:40:36.709-07:00, url=/guidelineAnnotation/PA166182603}], dpwg=[{alternateDrugAvailable=false, dosingInformation=true, genes=CYP2B6, hasTestingInfo=true, otherPrescribingGuidance=false, pediatric=true, recommendation=true, source=DPWG, updatedDate=2024-03-18T12:00:04.185-07:00, url=/guidelineAnnotation/PA166182846}], drug={objCls=Chemical, id=PA449441, name=efavirenz, version=11.0}, drugUrl=/drug/PA449441, other=[]}
[main] INFO cn.edu.zju.crawler.DosingGuidelineCrawler - Dosing guideline exists, metadata refresh id=PA166182603 updated=1 source=cpic evidence=3
[main] INFO cn.edu.zju.crawler.DosingGuidelineCrawler - Dosing guideline exists, metadata refresh id=PA166182846 updated=1 source=dpwg evidence=3
[main] INFO cn.edu.zju.crawler.DosingGuidelineCrawler - {cpic=[], dpwg=[{alternateDrugAvailable=true, dosingInformation=true, genes=CYP2D6, hasTestingInfo=true, otherPrescribingGuidance=true, pediatric=false, recommendation=true, source=DPWG, updatedDate=2025-09-08T15:08:01.647-07:00, url=/guidelineAnnotation/PA166182823}], drug={objCls=Chemical, id=PA166123486, name=eliglustat, version=5.0}, drugUrl=/drug/PA166123486, other=[]}
[main] INFO cn.edu.zju.crawler.DosingGuidelineCrawler - Dosing guideline exists, metadata refresh id=PA166182823 updated=1 source=dpwg evidence=3
[main] INFO cn.edu.zju.crawler.DosingGuidelineCrawler - {cpic=[{alternateDrugAvailable=true, dosingInformation=false, genes=CACNA1S, RYR1, hasTestingInfo=false, otherPrescribingGuidance=true, pediatric=true, recommendation=true, source=CPIC, updatedDate=2023-12-13T13:21:05.189-08:00, url=/guidelineAnnotation/PA166303941}], dpwg=[], drug={objCls=Chemical, id=PA449461, name=enflurane, version=12.0}, drugUrl=/drug/PA449461, other=[]}
[main] INFO cn.edu.zju.dao.DosingGuidelineDao - 
com.mysql.cj.jdbc.exceptions.MysqlDataTruncation: Data truncation: Data too long for column 'name' at row 1
	at com.mysql.cj.jdbc.exceptions.SQLExceptionsMapping.translateException(SQLExceptionsMapping.java:104)
	at com.mysql.cj.jdbc.ClientPreparedStatement.executeInternal(ClientPreparedStatement.java:953)
	at com.mysql.cj.jdbc.ClientPreparedStatement.execute(ClientPreparedStatement.java:370)
	at cn.edu.zju.dao.DosingGuidelineDao.lambda$saveDosingGuideline$0(DosingGuidelineDao.java:42)
	at cn.edu.zju.dbutils.DBUtils.execSQL(DBUtils.java:41)
	at cn.edu.zju.dao.DosingGuidelineDao.saveDosingGuideline(DosingGuidelineDao.java:29)
	at cn.edu.zju.crawler.DosingGuidelineCrawler.doCrawlerDosingGuideline(DosingGuidelineCrawler.java:63)
	at cn.edu.zju.crawler.DosingGuidelineCrawler.lambda$doCrawlerDosingGuidelineList$2(DosingGuidelineCrawler.java:40)
	at java.base/java.util.ArrayList.forEach(ArrayList.java:1604)
	at cn.edu.zju.crawler.DosingGuidelineCrawler.lambda$doCrawlerDosingGuidelineList$1(DosingGuidelineCrawler.java:38)
	at java.base/java.lang.Iterable.forEach(Iterable.java:75)
	at cn.edu.zju.crawler.DosingGuidelineCrawler.lambda$doCrawlerDosingGuidelineList$0(DosingGuidelineCrawler.java:32)
	at java.base/java.util.ArrayList$ArrayListSpliterator.forEachRemaining(ArrayList.java:1716)
	at java.base/java.util.stream.ReferencePipeline$Head.forEach(ReferencePipeline.java:807)
	at cn.edu.zju.crawler.DosingGuidelineCrawler.doCrawlerDosingGuidelineList(DosingGuidelineCrawler.java:30)
	at cn.edu.zju.crawler.GuidelineRefreshMain.main(GuidelineRefreshMain.java:7)
[main] INFO cn.edu.zju.crawler.DosingGuidelineCrawler - Saving dosing guideline: PA166303941 source=cpic evidence=4
[main] INFO cn.edu.zju.crawler.DosingGuidelineCrawler - {cpic=[{alternateDrugAvailable=true, dosingInformation=true, genes=CYP2C19, hasTestingInfo=false, otherPrescribingGuidance=false, pediatric=true, recommendation=true, source=CPIC, updatedDate=2024-06-25T02:03:45.234-07:00, url=/guidelineAnnotation/PA166127638}, {alternateDrugAvailable=false, dosingInformation=false, genes=SLC6A4, hasTestingInfo=false, otherPrescribingGuidance=false, pediatric=false, recommendation=false, source=CPIC, updatedDate=2024-06-25T01:19:36.027-07:00, url=/guidelineAnnotation/PA166288601}, {alternateDrugAvailable=false, dosingInformation=false, genes=HTR2A, hasTestingInfo=false, otherPrescribingGuidance=false, pediatric=false, recommendation=false, source=CPIC, updatedDate=2024-08-12T04:53:04.005-07:00, url=/guidelineAnnotation/PA166288581}], dpwg=[{alternateDrugAvailable=true, dosingInformation=true, genes=CYP2C19, hasTestingInfo=true, otherPrescribingGuidance=false, pediatric=false, recommendation=true, source=DPWG, updatedDate=2024-03-18T07:12:58.044-07:00, url=/guidelineAnnotation/PA166104975}, {alternateDrugAvailable=false, dosingInformation=false, genes=CYP2D6, hasTestingInfo=false, otherPrescribingGuidance=false, pediatric=false, recommendation=false, source=DPWG, updatedDate=2024-03-29T11:37:28.512-07:00, url=/guidelineAnnotation/PA166182817}], drug={objCls=Chemical, id=PA10074, name=escitalopram, version=13.0}, drugUrl=/drug/PA10074, other=[]}
[main] INFO cn.edu.zju.crawler.DosingGuidelineCrawler - Dosing guideline exists, metadata refresh id=PA166127638 updated=1 source=cpic evidence=3
[main] INFO cn.edu.zju.dao.DosingGuidelineDao - 
com.mysql.cj.jdbc.exceptions.MysqlDataTruncation: Data truncation: Data too long for column 'name' at row 1
	at com.mysql.cj.jdbc.exceptions.SQLExceptionsMapping.translateException(SQLExceptionsMapping.java:104)
	at com.mysql.cj.jdbc.ClientPreparedStatement.executeInternal(ClientPreparedStatement.java:953)
	at com.mysql.cj.jdbc.ClientPreparedStatement.execute(ClientPreparedStatement.java:370)
	at cn.edu.zju.dao.DosingGuidelineDao.lambda$saveDosingGuideline$0(DosingGuidelineDao.java:42)
	at cn.edu.zju.dbutils.DBUtils.execSQL(DBUtils.java:41)
	at cn.edu.zju.dao.DosingGuidelineDao.saveDosingGuideline(DosingGuidelineDao.java:29)
	at cn.edu.zju.crawler.DosingGuidelineCrawler.doCrawlerDosingGuideline(DosingGuidelineCrawler.java:63)
	at cn.edu.zju.crawler.DosingGuidelineCrawler.lambda$doCrawlerDosingGuidelineList$2(DosingGuidelineCrawler.java:40)
	at java.base/java.util.ArrayList.forEach(ArrayList.java:1604)
	at cn.edu.zju.crawler.DosingGuidelineCrawler.lambda$doCrawlerDosingGuidelineList$1(DosingGuidelineCrawler.java:38)
	at java.base/java.lang.Iterable.forEach(Iterable.java:75)
	at cn.edu.zju.crawler.DosingGuidelineCrawler.lambda$doCrawlerDosingGuidelineList$0(DosingGuidelineCrawler.java:32)
	at java.base/java.util.ArrayList$ArrayListSpliterator.forEachRemaining(ArrayList.java:1716)
	at java.base/java.util.stream.ReferencePipeline$Head.forEach(ReferencePipeline.java:807)
	at cn.edu.zju.crawler.DosingGuidelineCrawler.doCrawlerDosingGuidelineList(DosingGuidelineCrawler.java:30)
	at cn.edu.zju.crawler.GuidelineRefreshMain.main(GuidelineRefreshMain.java:7)
[main] INFO cn.edu.zju.crawler.DosingGuidelineCrawler - Saving dosing guideline: PA166288601 source=cpic evidence=4
[main] INFO cn.edu.zju.crawler.DosingGuidelineCrawler - Dosing guideline exists, metadata refresh id=PA166288581 updated=1 source=cpic evidence=4
[main] INFO cn.edu.zju.crawler.DosingGuidelineCrawler - Dosing guideline exists, metadata refresh id=PA166104975 updated=1 source=dpwg evidence=3
[main] INFO cn.edu.zju.crawler.DosingGuidelineCrawler - Dosing guideline exists, metadata refresh id=PA166182817 updated=1 source=dpwg evidence=4
[main] INFO cn.edu.zju.crawler.DosingGuidelineCrawler - {cpic=[{alternateDrugAvailable=false, dosingInformation=false, genes=ADRA2C, ADRB1, GRK4, GRK5, hasTestingInfo=false, otherPrescribingGuidance=false, pediatric=false, recommendation=false, source=CPIC, updatedDate=2024-08-12T04:47:05.554-07:00, url=/guidelineAnnotation/PA166341522}], dpwg=[], drug={objCls=Chemical, id=PA449500, name=esmolol, version=12.0}, drugUrl=/drug/PA449500, other=[]}
[main] INFO cn.edu.zju.dao.DosingGuidelineDao - 
com.mysql.cj.jdbc.exceptions.MysqlDataTruncation: Data truncation: Data too long for column 'name' at row 1
	at com.mysql.cj.jdbc.exceptions.SQLExceptionsMapping.translateException(SQLExceptionsMapping.java:104)
	at com.mysql.cj.jdbc.ClientPreparedStatement.executeInternal(ClientPreparedStatement.java:953)
	at com.mysql.cj.jdbc.ClientPreparedStatement.execute(ClientPreparedStatement.java:370)
	at cn.edu.zju.dao.DosingGuidelineDao.lambda$saveDosingGuideline$0(DosingGuidelineDao.java:42)
	at cn.edu.zju.dbutils.DBUtils.execSQL(DBUtils.java:41)
	at cn.edu.zju.dao.DosingGuidelineDao.saveDosingGuideline(DosingGuidelineDao.java:29)
	at cn.edu.zju.crawler.DosingGuidelineCrawler.doCrawlerDosingGuideline(DosingGuidelineCrawler.java:63)
	at cn.edu.zju.crawler.DosingGuidelineCrawler.lambda$doCrawlerDosingGuidelineList$2(DosingGuidelineCrawler.java:40)
	at java.base/java.util.ArrayList.forEach(ArrayList.java:1604)
	at cn.edu.zju.crawler.DosingGuidelineCrawler.lambda$doCrawlerDosingGuidelineList$1(DosingGuidelineCrawler.java:38)
	at java.base/java.lang.Iterable.forEach(Iterable.java:75)
	at cn.edu.zju.crawler.DosingGuidelineCrawler.lambda$doCrawlerDosingGuidelineList$0(DosingGuidelineCrawler.java:32)
	at java.base/java.util.ArrayList$ArrayListSpliterator.forEachRemaining(ArrayList.java:1716)
	at java.base/java.util.stream.ReferencePipeline$Head.forEach(ReferencePipeline.java:807)
	at cn.edu.zju.crawler.DosingGuidelineCrawler.doCrawlerDosingGuidelineList(DosingGuidelineCrawler.java:30)
	at cn.edu.zju.crawler.GuidelineRefreshMain.main(GuidelineRefreshMain.java:7)
[main] INFO cn.edu.zju.crawler.DosingGuidelineCrawler - Saving dosing guideline: PA166341522 source=cpic evidence=4
[main] INFO cn.edu.zju.crawler.DosingGuidelineCrawler - {cpic=[{alternateDrugAvailable=false, dosingInformation=false, genes=CYP2C19, hasTestingInfo=false, otherPrescribingGuidance=false, pediatric=false, recommendation=false, source=CPIC, updatedDate=2021-12-09T14:02:57.535-08:00, url=/guidelineAnnotation/PA166220321}], dpwg=[{alternateDrugAvailable=false, dosingInformation=false, genes=CYP2C19, hasTestingInfo=false, otherPrescribingGuidance=false, pediatric=false, recommendation=false, source=DPWG, updatedDate=2024-03-29T11:40:22.202-07:00, url=/guidelineAnnotation/PA166104931}], drug={objCls=Chemical, id=PA10075, name=esomeprazole, version=18.0}, drugUrl=/drug/PA10075, other=[]}
[main] INFO cn.edu.zju.crawler.DosingGuidelineCrawler - Saving dosing guideline: PA166220321 source=cpic evidence=4
[main] INFO cn.edu.zju.crawler.DosingGuidelineCrawler - Dosing guideline exists, metadata refresh id=PA166104931 updated=1 source=dpwg evidence=3
[main] INFO cn.edu.zju.crawler.DosingGuidelineCrawler - {cpic=[{alternateDrugAvailable=false, dosingInformation=false, genes=COMT, OPRM1, hasTestingInfo=false, otherPrescribingGuidance=false, pediatric=false, recommendation=false, source=CPIC, updatedDate=2021-11-29T15:42:20.114-08:00, url=/guidelineAnnotation/PA166227941}], dpwg=[], drug={objCls=Chemical, id=PA449599, name=fentanyl, version=11.0}, drugUrl=/drug/PA449599, other=[]}
[main] INFO cn.edu.zju.dao.DosingGuidelineDao - 
com.mysql.cj.jdbc.exceptions.MysqlDataTruncation: Data truncation: Data too long for column 'name' at row 1
	at com.mysql.cj.jdbc.exceptions.SQLExceptionsMapping.translateException(SQLExceptionsMapping.java:104)
	at com.mysql.cj.jdbc.ClientPreparedStatement.executeInternal(ClientPreparedStatement.java:953)
	at com.mysql.cj.jdbc.ClientPreparedStatement.execute(ClientPreparedStatement.java:370)
	at cn.edu.zju.dao.DosingGuidelineDao.lambda$saveDosingGuideline$0(DosingGuidelineDao.java:42)
	at cn.edu.zju.dbutils.DBUtils.execSQL(DBUtils.java:41)
	at cn.edu.zju.dao.DosingGuidelineDao.saveDosingGuideline(DosingGuidelineDao.java:29)
	at cn.edu.zju.crawler.DosingGuidelineCrawler.doCrawlerDosingGuideline(DosingGuidelineCrawler.java:63)
	at cn.edu.zju.crawler.DosingGuidelineCrawler.lambda$doCrawlerDosingGuidelineList$2(DosingGuidelineCrawler.java:40)
	at java.base/java.util.ArrayList.forEach(ArrayList.java:1604)
	at cn.edu.zju.crawler.DosingGuidelineCrawler.lambda$doCrawlerDosingGuidelineList$1(DosingGuidelineCrawler.java:38)
	at java.base/java.lang.Iterable.forEach(Iterable.java:75)
	at cn.edu.zju.crawler.DosingGuidelineCrawler.lambda$doCrawlerDosingGuidelineList$0(DosingGuidelineCrawler.java:32)
	at java.base/java.util.ArrayList$ArrayListSpliterator.forEachRemaining(ArrayList.java:1716)
	at java.base/java.util.stream.ReferencePipeline$Head.forEach(ReferencePipeline.java:807)
	at cn.edu.zju.crawler.DosingGuidelineCrawler.doCrawlerDosingGuidelineList(DosingGuidelineCrawler.java:30)
	at cn.edu.zju.crawler.GuidelineRefreshMain.main(GuidelineRefreshMain.java:7)
[main] INFO cn.edu.zju.crawler.DosingGuidelineCrawler - Saving dosing guideline: PA166227941 source=cpic evidence=4
[main] INFO cn.edu.zju.crawler.DosingGuidelineCrawler - {cpic=[], dpwg=[{alternateDrugAvailable=true, dosingInformation=true, genes=CYP2D6, hasTestingInfo=true, otherPrescribingGuidance=true, pediatric=false, recommendation=true, source=DPWG, updatedDate=2024-03-18T12:00:55.197-07:00, url=/guidelineAnnotation/PA166104969}], drug={objCls=Chemical, id=PA449646, name=flecainide, version=12.0}, drugUrl=/drug/PA449646, other=[]}
[main] INFO cn.edu.zju.crawler.DosingGuidelineCrawler - Dosing guideline exists, metadata refresh id=PA166104969 updated=1 source=dpwg evidence=3
[main] INFO cn.edu.zju.crawler.DosingGuidelineCrawler - {cpic=[], dpwg=[{alternateDrugAvailable=true, dosingInformation=false, genes=HLA-B, hasTestingInfo=true, otherPrescribingGuidance=true, pediatric=false, recommendation=true, source=DPWG, updatedDate=2024-03-18T12:01:36.522-07:00, url=/guidelineAnnotation/PA166182810}], drug={objCls=Chemical, id=PA164781042, name=flucloxacillin, version=7.0}, drugUrl=/drug/PA164781042, other=[]}
[main] INFO cn.edu.zju.crawler.DosingGuidelineCrawler - Dosing guideline exists, metadata refresh id=PA166182810 updated=1 source=dpwg evidence=4
[main] INFO cn.edu.zju.crawler.DosingGuidelineCrawler - {cpic=[], dpwg=[{alternateDrugAvailable=true, dosingInformation=false, genes=DPYD, hasTestingInfo=true, otherPrescribingGuidance=true, pediatric=false, recommendation=true, source=DPWG, updatedDate=2024-03-19T06:17:20.512-07:00, url=/guidelineAnnotation/PA166222801}], drug={objCls=Chemical, id=PA449654, name=flucytosine, version=8.0}, drugUrl=/drug/PA449654, other=[]}
[main] INFO cn.edu.zju.crawler.DosingGuidelineCrawler - Saving dosing guideline: PA166222801 source=dpwg evidence=4
[main] INFO cn.edu.zju.crawler.DosingGuidelineCrawler - {cpic=[], dpwg=[], drug={objCls=Chemical, id=PA165980614, name=fluindione, version=5.0}, drugUrl=/drug/PA165980614, other=[{alternateDrugAvailable=true, dosingInformation=true, genes=CYP2C9, VKORC1, hasTestingInfo=true, otherPrescribingGuidance=false, pediatric=false, recommendation=true, source=RNPGx, updatedDate=2024-04-24T00:00:00-07:00, url=/guidelineAnnotation/PA166202621}]}
[main] INFO cn.edu.zju.crawler.DosingGuidelineCrawler - {cpic=[{alternateDrugAvailable=true, dosingInformation=true, genes=DPYD, hasTestingInfo=false, otherPrescribingGuidance=false, pediatric=true, recommendation=true, source=CPIC, updatedDate=2024-01-17T09:44:42.353-08:00, url=/guidelineAnnotation/PA166122686}], dpwg=[{alternateDrugAvailable=true, dosingInformation=true, genes=DPYD, hasTestingInfo=true, otherPrescribingGuidance=true, pediatric=false, recommendation=true, source=DPWG, updatedDate=2024-03-18T09:18:45.504-07:00, url=/guidelineAnnotation/PA166104939}], drug={objCls=Chemical, id=PA128406956, name=fluorouracil, version=19.0}, drugUrl=/drug/PA128406956, other=[{alternateDrugAvailable=true, dosingInformation=true, genes=DPYD, hasTestingInfo=true, otherPrescribingGuidance=false, pediatric=false, recommendation=true, source=SEFF/SEOM, updatedDate=2024-04-23T23:30:37.324-07:00, url=/guidelineAnnotation/PA166254881}, {alternateDrugAvailable=true, dosingInformation=true, genes=DPYD, hasTestingInfo=true, otherPrescribingGuidance=false, pediatric=false, recommendation=true, source=RNPGx, updatedDate=2024-04-23T23:32:40.454-07:00, url=/guidelineAnnotation/PA166202721}, {alternateDrugAvailable=true, dosingInformation=true, genes=DPYD, hasTestingInfo=true, otherPrescribingGuidance=false, pediatric=false, recommendation=true, source=AIOM, url=/guidelineAnnotation/PA166312801}]}
[main] INFO cn.edu.zju.crawler.DosingGuidelineCrawler - Dosing guideline exists, metadata refresh id=PA166122686 updated=1 source=cpic evidence=3
[main] INFO cn.edu.zju.crawler.DosingGuidelineCrawler - Dosing guideline exists, metadata refresh id=PA166104939 updated=1 source=dpwg evidence=2A
[main] INFO cn.edu.zju.crawler.DosingGuidelineCrawler - {cpic=[{alternateDrugAvailable=false, dosingInformation=false, genes=CYP2D6, hasTestingInfo=false, otherPrescribingGuidance=false, pediatric=false, recommendation=false, source=CPIC, updatedDate=2024-06-25T01:18:30.969-07:00, url=/guidelineAnnotation/PA166288541}, {alternateDrugAvailable=false, dosingInformation=false, genes=SLC6A4, hasTestingInfo=false, otherPrescribingGuidance=false, pediatric=false, recommendation=false, source=CPIC, updatedDate=2024-06-25T01:19:36.027-07:00, url=/guidelineAnnotation/PA166288601}, {alternateDrugAvailable=false, dosingInformation=false, genes=HTR2A, hasTestingInfo=false, otherPrescribingGuidance=false, pediatric=false, recommendation=false, source=CPIC, updatedDate=2024-06-25T01:19:53.023-07:00, url=/guidelineAnnotation/PA166288582}], dpwg=[{alternateDrugAvailable=false, dosingInformation=false, genes=CYP2D6, hasTestingInfo=false, otherPrescribingGuidance=false, pediatric=false, recommendation=false, source=DPWG, updatedDate=2024-03-29T11:41:57.662-07:00, url=/guidelineAnnotation/PA166182852}], drug={objCls=Chemical, id=PA449673, name=fluoxetine, version=21.0}, drugUrl=/drug/PA449673, other=[]}
[main] INFO cn.edu.zju.crawler.DosingGuidelineCrawler - Saving dosing guideline: PA166288541 source=cpic evidence=4
[main] INFO cn.edu.zju.dao.DosingGuidelineDao - 
com.mysql.cj.jdbc.exceptions.MysqlDataTruncation: Data truncation: Data too long for column 'name' at row 1
	at com.mysql.cj.jdbc.exceptions.SQLExceptionsMapping.translateException(SQLExceptionsMapping.java:104)
	at com.mysql.cj.jdbc.ClientPreparedStatement.executeInternal(ClientPreparedStatement.java:953)
	at com.mysql.cj.jdbc.ClientPreparedStatement.execute(ClientPreparedStatement.java:370)
	at cn.edu.zju.dao.DosingGuidelineDao.lambda$saveDosingGuideline$0(DosingGuidelineDao.java:42)
	at cn.edu.zju.dbutils.DBUtils.execSQL(DBUtils.java:41)
	at cn.edu.zju.dao.DosingGuidelineDao.saveDosingGuideline(DosingGuidelineDao.java:29)
	at cn.edu.zju.crawler.DosingGuidelineCrawler.doCrawlerDosingGuideline(DosingGuidelineCrawler.java:63)
	at cn.edu.zju.crawler.DosingGuidelineCrawler.lambda$doCrawlerDosingGuidelineList$2(DosingGuidelineCrawler.java:40)
	at java.base/java.util.ArrayList.forEach(ArrayList.java:1604)
	at cn.edu.zju.crawler.DosingGuidelineCrawler.lambda$doCrawlerDosingGuidelineList$1(DosingGuidelineCrawler.java:38)
	at java.base/java.lang.Iterable.forEach(Iterable.java:75)
	at cn.edu.zju.crawler.DosingGuidelineCrawler.lambda$doCrawlerDosingGuidelineList$0(DosingGuidelineCrawler.java:32)
	at java.base/java.util.ArrayList$ArrayListSpliterator.forEachRemaining(ArrayList.java:1716)
	at java.base/java.util.stream.ReferencePipeline$Head.forEach(ReferencePipeline.java:807)
	at cn.edu.zju.crawler.DosingGuidelineCrawler.doCrawlerDosingGuidelineList(DosingGuidelineCrawler.java:30)
	at cn.edu.zju.crawler.GuidelineRefreshMain.main(GuidelineRefreshMain.java:7)
[main] INFO cn.edu.zju.crawler.DosingGuidelineCrawler - Saving dosing guideline: PA166288601 source=cpic evidence=4
[main] INFO cn.edu.zju.dao.DosingGuidelineDao - 
com.mysql.cj.jdbc.exceptions.MysqlDataTruncation: Data truncation: Data too long for column 'name' at row 1
	at com.mysql.cj.jdbc.exceptions.SQLExceptionsMapping.translateException(SQLExceptionsMapping.java:104)
	at com.mysql.cj.jdbc.ClientPreparedStatement.executeInternal(ClientPreparedStatement.java:953)
	at com.mysql.cj.jdbc.ClientPreparedStatement.execute(ClientPreparedStatement.java:370)
	at cn.edu.zju.dao.DosingGuidelineDao.lambda$saveDosingGuideline$0(DosingGuidelineDao.java:42)
	at cn.edu.zju.dbutils.DBUtils.execSQL(DBUtils.java:41)
	at cn.edu.zju.dao.DosingGuidelineDao.saveDosingGuideline(DosingGuidelineDao.java:29)
	at cn.edu.zju.crawler.DosingGuidelineCrawler.doCrawlerDosingGuideline(DosingGuidelineCrawler.java:63)
	at cn.edu.zju.crawler.DosingGuidelineCrawler.lambda$doCrawlerDosingGuidelineList$2(DosingGuidelineCrawler.java:40)
	at java.base/java.util.ArrayList.forEach(ArrayList.java:1604)
	at cn.edu.zju.crawler.DosingGuidelineCrawler.lambda$doCrawlerDosingGuidelineList$1(DosingGuidelineCrawler.java:38)
	at java.base/java.lang.Iterable.forEach(Iterable.java:75)
	at cn.edu.zju.crawler.DosingGuidelineCrawler.lambda$doCrawlerDosingGuidelineList$0(DosingGuidelineCrawler.java:32)
	at java.base/java.util.ArrayList$ArrayListSpliterator.forEachRemaining(ArrayList.java:1716)
	at java.base/java.util.stream.ReferencePipeline$Head.forEach(ReferencePipeline.java:807)
	at cn.edu.zju.crawler.DosingGuidelineCrawler.doCrawlerDosingGuidelineList(DosingGuidelineCrawler.java:30)
	at cn.edu.zju.crawler.GuidelineRefreshMain.main(GuidelineRefreshMain.java:7)
[main] INFO cn.edu.zju.crawler.DosingGuidelineCrawler - Saving dosing guideline: PA166288582 source=cpic evidence=4
[main] INFO cn.edu.zju.crawler.DosingGuidelineCrawler - Dosing guideline exists, metadata refresh id=PA166182852 updated=1 source=dpwg evidence=4
[main] INFO cn.edu.zju.crawler.DosingGuidelineCrawler - {cpic=[], dpwg=[{alternateDrugAvailable=false, dosingInformation=false, genes=CYP2D6, hasTestingInfo=false, otherPrescribingGuidance=false, pediatric=false, recommendation=false, source=DPWG, updatedDate=2024-03-29T11:42:14.652-07:00, url=/guidelineAnnotation/PA166104981}], drug={objCls=Chemical, id=PA10268, name=flupenthixol, version=7.0}, drugUrl=/drug/PA10268, other=[]}
[main] INFO cn.edu.zju.crawler.DosingGuidelineCrawler - Dosing guideline exists, metadata refresh id=PA166104981 updated=1 source=dpwg evidence=3
[main] INFO cn.edu.zju.crawler.DosingGuidelineCrawler - {cpic=[{alternateDrugAvailable=true, dosingInformation=true, genes=CYP2C9, hasTestingInfo=false, otherPrescribingGuidance=false, pediatric=true, recommendation=true, source=CPIC, updatedDate=2023-06-22T19:16:48.823-07:00, url=/guidelineAnnotation/PA166191841}], dpwg=[], drug={objCls=Chemical, id=PA449683, name=flurbiprofen, version=14.0}, drugUrl=/drug/PA449683, other=[]}
[main] INFO cn.edu.zju.crawler.DosingGuidelineCrawler - Dosing guideline exists, metadata refresh id=PA166191841 updated=1 source=cpic evidence=3
[main] INFO cn.edu.zju.crawler.DosingGuidelineCrawler - {cpic=[{alternateDrugAvailable=true, dosingInformation=true, genes=CYP2C9, SLCO1B1, hasTestingInfo=false, otherPrescribingGuidance=true, pediatric=true, recommendation=true, source=CPIC, updatedDate=2025-09-25T15:36:21.896-07:00, url=/guidelineAnnotation/PA166262341}, {alternateDrugAvailable=false, dosingInformation=false, genes=ABCG2, hasTestingInfo=false, otherPrescribingGuidance=false, pediatric=false, recommendation=false, source=CPIC, updatedDate=2022-09-22T14:17:24.774-07:00, url=/guidelineAnnotation/PA166262661}, {alternateDrugAvailable=false, dosingInformation=false, genes=CYP3A4, CYP3A5, HMGCR, hasTestingInfo=false, otherPrescribingGuidance=false, pediatric=false, recommendation=false, source=CPIC, updatedDate=2022-09-22T14:18:20.767-07:00, url=/guidelineAnnotation/PA166273401}], dpwg=[{alternateDrugAvailable=false, dosingInformation=false, genes=SLCO1B1, hasTestingInfo=false, otherPrescribingGuidance=false, pediatric=false, recommendation=false, source=DPWG, updatedDate=2025-01-16T10:49:30.274-08:00, url=/guidelineAnnotation/PA166182845}], drug={objCls=Chemical, id=PA449688, name=fluvastatin, version=23.0}, drugUrl=/drug/PA449688, other=[]}
[main] INFO cn.edu.zju.crawler.DosingGuidelineCrawler - Saving dosing guideline: PA166262341 source=cpic evidence=4
[main] INFO cn.edu.zju.dao.DosingGuidelineDao - 
com.mysql.cj.jdbc.exceptions.MysqlDataTruncation: Data truncation: Data too long for column 'name' at row 1
	at com.mysql.cj.jdbc.exceptions.SQLExceptionsMapping.translateException(SQLExceptionsMapping.java:104)
	at com.mysql.cj.jdbc.ClientPreparedStatement.executeInternal(ClientPreparedStatement.java:953)
	at com.mysql.cj.jdbc.ClientPreparedStatement.execute(ClientPreparedStatement.java:370)
	at cn.edu.zju.dao.DosingGuidelineDao.lambda$saveDosingGuideline$0(DosingGuidelineDao.java:42)
	at cn.edu.zju.dbutils.DBUtils.execSQL(DBUtils.java:41)
	at cn.edu.zju.dao.DosingGuidelineDao.saveDosingGuideline(DosingGuidelineDao.java:29)
	at cn.edu.zju.crawler.DosingGuidelineCrawler.doCrawlerDosingGuideline(DosingGuidelineCrawler.java:63)
	at cn.edu.zju.crawler.DosingGuidelineCrawler.lambda$doCrawlerDosingGuidelineList$2(DosingGuidelineCrawler.java:40)
	at java.base/java.util.ArrayList.forEach(ArrayList.java:1604)
	at cn.edu.zju.crawler.DosingGuidelineCrawler.lambda$doCrawlerDosingGuidelineList$1(DosingGuidelineCrawler.java:38)
	at java.base/java.lang.Iterable.forEach(Iterable.java:75)
	at cn.edu.zju.crawler.DosingGuidelineCrawler.lambda$doCrawlerDosingGuidelineList$0(DosingGuidelineCrawler.java:32)
	at java.base/java.util.ArrayList$ArrayListSpliterator.forEachRemaining(ArrayList.java:1716)
	at java.base/java.util.stream.ReferencePipeline$Head.forEach(ReferencePipeline.java:807)
	at cn.edu.zju.crawler.DosingGuidelineCrawler.doCrawlerDosingGuidelineList(DosingGuidelineCrawler.java:30)
	at cn.edu.zju.crawler.GuidelineRefreshMain.main(GuidelineRefreshMain.java:7)
[main] INFO cn.edu.zju.crawler.DosingGuidelineCrawler - Saving dosing guideline: PA166262661 source=cpic evidence=3
[main] INFO cn.edu.zju.dao.DosingGuidelineDao - 
com.mysql.cj.jdbc.exceptions.MysqlDataTruncation: Data truncation: Data too long for column 'name' at row 1
	at com.mysql.cj.jdbc.exceptions.SQLExceptionsMapping.translateException(SQLExceptionsMapping.java:104)
	at com.mysql.cj.jdbc.ClientPreparedStatement.executeInternal(ClientPreparedStatement.java:953)
	at com.mysql.cj.jdbc.ClientPreparedStatement.execute(ClientPreparedStatement.java:370)
	at cn.edu.zju.dao.DosingGuidelineDao.lambda$saveDosingGuideline$0(DosingGuidelineDao.java:42)
	at cn.edu.zju.dbutils.DBUtils.execSQL(DBUtils.java:41)
	at cn.edu.zju.dao.DosingGuidelineDao.saveDosingGuideline(DosingGuidelineDao.java:29)
	at cn.edu.zju.crawler.DosingGuidelineCrawler.doCrawlerDosingGuideline(DosingGuidelineCrawler.java:63)
	at cn.edu.zju.crawler.DosingGuidelineCrawler.lambda$doCrawlerDosingGuidelineList$2(DosingGuidelineCrawler.java:40)
	at java.base/java.util.ArrayList.forEach(ArrayList.java:1604)
	at cn.edu.zju.crawler.DosingGuidelineCrawler.lambda$doCrawlerDosingGuidelineList$1(DosingGuidelineCrawler.java:38)
	at java.base/java.lang.Iterable.forEach(Iterable.java:75)
	at cn.edu.zju.crawler.DosingGuidelineCrawler.lambda$doCrawlerDosingGuidelineList$0(DosingGuidelineCrawler.java:32)
	at java.base/java.util.ArrayList$ArrayListSpliterator.forEachRemaining(ArrayList.java:1716)
	at java.base/java.util.stream.ReferencePipeline$Head.forEach(ReferencePipeline.java:807)
	at cn.edu.zju.crawler.DosingGuidelineCrawler.doCrawlerDosingGuidelineList(DosingGuidelineCrawler.java:30)
	at cn.edu.zju.crawler.GuidelineRefreshMain.main(GuidelineRefreshMain.java:7)
[main] INFO cn.edu.zju.crawler.DosingGuidelineCrawler - Saving dosing guideline: PA166273401 source=cpic evidence=4
[main] INFO cn.edu.zju.crawler.DosingGuidelineCrawler - Dosing guideline exists, metadata refresh id=PA166182845 updated=1 source=dpwg evidence=4
[main] INFO cn.edu.zju.crawler.DosingGuidelineCrawler - {cpic=[{alternateDrugAvailable=false, dosingInformation=false, genes=SLC6A4, hasTestingInfo=false, otherPrescribingGuidance=false, pediatric=false, recommendation=false, source=CPIC, updatedDate=2024-06-25T01:19:36.027-07:00, url=/guidelineAnnotation/PA166288601}, {alternateDrugAvailable=false, dosingInformation=false, genes=HTR2A, hasTestingInfo=false, otherPrescribingGuidance=false, pediatric=false, recommendation=false, source=CPIC, updatedDate=2024-06-25T01:19:53.023-07:00, url=/guidelineAnnotation/PA166288582}, {alternateDrugAvailable=true, dosingInformation=true, genes=CYP2D6, hasTestingInfo=false, otherPrescribingGuidance=false, pediatric=true, recommendation=true, source=CPIC, updatedDate=2024-06-25T03:30:59.680-07:00, url=/guidelineAnnotation/PA166127637}], dpwg=[{alternateDrugAvailable=false, dosingInformation=false, genes=CYP2D6, hasTestingInfo=false, otherPrescribingGuidance=false, pediatric=false, recommendation=false, source=DPWG, updatedDate=2024-03-29T11:42:49.865-07:00, url=/guidelineAnnotation/PA166182813}, {alternateDrugAvailable=false, dosingInformation=false, genes=CYP2C19, hasTestingInfo=false, otherPrescribingGuidance=false, pediatric=false, recommendation=false, source=DPWG, updatedDate=2024-03-29T11:43:05.531-07:00, url=/guidelineAnnotation/PA166182814}], drug={objCls=Chemical, id=PA449690, name=fluvoxamine, version=10.0}, drugUrl=/drug/PA449690, other=[]}
[main] INFO cn.edu.zju.dao.DosingGuidelineDao - 
com.mysql.cj.jdbc.exceptions.MysqlDataTruncation: Data truncation: Data too long for column 'name' at row 1
	at com.mysql.cj.jdbc.exceptions.SQLExceptionsMapping.translateException(SQLExceptionsMapping.java:104)
	at com.mysql.cj.jdbc.ClientPreparedStatement.executeInternal(ClientPreparedStatement.java:953)
	at com.mysql.cj.jdbc.ClientPreparedStatement.execute(ClientPreparedStatement.java:370)
	at cn.edu.zju.dao.DosingGuidelineDao.lambda$saveDosingGuideline$0(DosingGuidelineDao.java:42)
	at cn.edu.zju.dbutils.DBUtils.execSQL(DBUtils.java:41)
	at cn.edu.zju.dao.DosingGuidelineDao.saveDosingGuideline(DosingGuidelineDao.java:29)
	at cn.edu.zju.crawler.DosingGuidelineCrawler.doCrawlerDosingGuideline(DosingGuidelineCrawler.java:63)
	at cn.edu.zju.crawler.DosingGuidelineCrawler.lambda$doCrawlerDosingGuidelineList$2(DosingGuidelineCrawler.java:40)
	at java.base/java.util.ArrayList.forEach(ArrayList.java:1604)
	at cn.edu.zju.crawler.DosingGuidelineCrawler.lambda$doCrawlerDosingGuidelineList$1(DosingGuidelineCrawler.java:38)
	at java.base/java.lang.Iterable.forEach(Iterable.java:75)
	at cn.edu.zju.crawler.DosingGuidelineCrawler.lambda$doCrawlerDosingGuidelineList$0(DosingGuidelineCrawler.java:32)
	at java.base/java.util.ArrayList$ArrayListSpliterator.forEachRemaining(ArrayList.java:1716)
	at java.base/java.util.stream.ReferencePipeline$Head.forEach(ReferencePipeline.java:807)
	at cn.edu.zju.crawler.DosingGuidelineCrawler.doCrawlerDosingGuidelineList(DosingGuidelineCrawler.java:30)
	at cn.edu.zju.crawler.GuidelineRefreshMain.main(GuidelineRefreshMain.java:7)
[main] INFO cn.edu.zju.crawler.DosingGuidelineCrawler - Saving dosing guideline: PA166288601 source=cpic evidence=4
[main] INFO cn.edu.zju.dao.DosingGuidelineDao - 
com.mysql.cj.jdbc.exceptions.MysqlDataTruncation: Data truncation: Data too long for column 'name' at row 1
	at com.mysql.cj.jdbc.exceptions.SQLExceptionsMapping.translateException(SQLExceptionsMapping.java:104)
	at com.mysql.cj.jdbc.ClientPreparedStatement.executeInternal(ClientPreparedStatement.java:953)
	at com.mysql.cj.jdbc.ClientPreparedStatement.execute(ClientPreparedStatement.java:370)
	at cn.edu.zju.dao.DosingGuidelineDao.lambda$saveDosingGuideline$0(DosingGuidelineDao.java:42)
	at cn.edu.zju.dbutils.DBUtils.execSQL(DBUtils.java:41)
	at cn.edu.zju.dao.DosingGuidelineDao.saveDosingGuideline(DosingGuidelineDao.java:29)
	at cn.edu.zju.crawler.DosingGuidelineCrawler.doCrawlerDosingGuideline(DosingGuidelineCrawler.java:63)
	at cn.edu.zju.crawler.DosingGuidelineCrawler.lambda$doCrawlerDosingGuidelineList$2(DosingGuidelineCrawler.java:40)
	at java.base/java.util.ArrayList.forEach(ArrayList.java:1604)
	at cn.edu.zju.crawler.DosingGuidelineCrawler.lambda$doCrawlerDosingGuidelineList$1(DosingGuidelineCrawler.java:38)
	at java.base/java.lang.Iterable.forEach(Iterable.java:75)
	at cn.edu.zju.crawler.DosingGuidelineCrawler.lambda$doCrawlerDosingGuidelineList$0(DosingGuidelineCrawler.java:32)
	at java.base/java.util.ArrayList$ArrayListSpliterator.forEachRemaining(ArrayList.java:1716)
	at java.base/java.util.stream.ReferencePipeline$Head.forEach(ReferencePipeline.java:807)
	at cn.edu.zju.crawler.DosingGuidelineCrawler.doCrawlerDosingGuidelineList(DosingGuidelineCrawler.java:30)
	at cn.edu.zju.crawler.GuidelineRefreshMain.main(GuidelineRefreshMain.java:7)
[main] INFO cn.edu.zju.crawler.DosingGuidelineCrawler - Saving dosing guideline: PA166288582 source=cpic evidence=4
[main] INFO cn.edu.zju.crawler.DosingGuidelineCrawler - Dosing guideline exists, metadata refresh id=PA166127637 updated=1 source=cpic evidence=2B
[main] INFO cn.edu.zju.crawler.DosingGuidelineCrawler - Dosing guideline exists, metadata refresh id=PA166182813 updated=1 source=dpwg evidence=4
[main] INFO cn.edu.zju.crawler.DosingGuidelineCrawler - Dosing guideline exists, metadata refresh id=PA166182814 updated=1 source=dpwg evidence=4
[main] INFO cn.edu.zju.crawler.DosingGuidelineCrawler - {cpic=[], dpwg=[{alternateDrugAvailable=false, dosingInformation=false, genes=MTHFR, hasTestingInfo=false, otherPrescribingGuidance=false, pediatric=false, recommendation=false, source=DPWG, updatedDate=2024-03-29T11:43:34.542-07:00, url=/guidelineAnnotation/PA166264981}], drug={objCls=Chemical, id=PA449692, name=folic acid, version=32.0}, drugUrl=/drug/PA449692, other=[]}
[main] INFO cn.edu.zju.crawler.DosingGuidelineCrawler - Saving dosing guideline: PA166264981 source=dpwg evidence=4
[main] INFO cn.edu.zju.crawler.DosingGuidelineCrawler - {cpic=[{alternateDrugAvailable=true, dosingInformation=true, genes=CYP2C9, HLA-B, hasTestingInfo=false, otherPrescribingGuidance=true, pediatric=true, recommendation=true, source=CPIC, updatedDate=2023-06-22T18:53:41.536-07:00, url=/guidelineAnnotation/PA166122806}], dpwg=[], drug={objCls=Chemical, id=PA164746820, name=fosphenytoin, version=10.0}, drugUrl=/drug/PA164746820, other=[]}
[main] INFO cn.edu.zju.crawler.DosingGuidelineCrawler - Dosing guideline exists, metadata refresh id=PA166122806 updated=1 source=cpic evidence=3
[main] INFO cn.edu.zju.crawler.DosingGuidelineCrawler - {cpic=[{alternateDrugAvailable=false, dosingInformation=false, genes=G6PD, hasTestingInfo=false, otherPrescribingGuidance=false, pediatric=true, recommendation=false, source=CPIC, updatedDate=2025-03-20T10:28:17.183-07:00, url=/guidelineAnnotation/PA166279741}], dpwg=[], drug={objCls=Chemical, id=PA164746760, name=furazolidone, version=8.0}, drugUrl=/drug/PA164746760, other=[]}
[main] INFO cn.edu.zju.dao.DosingGuidelineDao - 
com.mysql.cj.jdbc.exceptions.MysqlDataTruncation: Data truncation: Data too long for column 'name' at row 1
	at com.mysql.cj.jdbc.exceptions.SQLExceptionsMapping.translateException(SQLExceptionsMapping.java:104)
	at com.mysql.cj.jdbc.ClientPreparedStatement.executeInternal(ClientPreparedStatement.java:953)
	at com.mysql.cj.jdbc.ClientPreparedStatement.execute(ClientPreparedStatement.java:370)
	at cn.edu.zju.dao.DosingGuidelineDao.lambda$saveDosingGuideline$0(DosingGuidelineDao.java:42)
	at cn.edu.zju.dbutils.DBUtils.execSQL(DBUtils.java:41)
	at cn.edu.zju.dao.DosingGuidelineDao.saveDosingGuideline(DosingGuidelineDao.java:29)
	at cn.edu.zju.crawler.DosingGuidelineCrawler.doCrawlerDosingGuideline(DosingGuidelineCrawler.java:63)
	at cn.edu.zju.crawler.DosingGuidelineCrawler.lambda$doCrawlerDosingGuidelineList$2(DosingGuidelineCrawler.java:40)
	at java.base/java.util.ArrayList.forEach(ArrayList.java:1604)
	at cn.edu.zju.crawler.DosingGuidelineCrawler.lambda$doCrawlerDosingGuidelineList$1(DosingGuidelineCrawler.java:38)
	at java.base/java.lang.Iterable.forEach(Iterable.java:75)
	at cn.edu.zju.crawler.DosingGuidelineCrawler.lambda$doCrawlerDosingGuidelineList$0(DosingGuidelineCrawler.java:32)
	at java.base/java.util.ArrayList$ArrayListSpliterator.forEachRemaining(ArrayList.java:1716)
	at java.base/java.util.stream.ReferencePipeline$Head.forEach(ReferencePipeline.java:807)
	at cn.edu.zju.crawler.DosingGuidelineCrawler.doCrawlerDosingGuidelineList(DosingGuidelineCrawler.java:30)
	at cn.edu.zju.crawler.GuidelineRefreshMain.main(GuidelineRefreshMain.java:7)
[main] INFO cn.edu.zju.crawler.DosingGuidelineCrawler - Saving dosing guideline: PA166279741 source=cpic evidence=4
[main] INFO cn.edu.zju.crawler.DosingGuidelineCrawler - {cpic=[], dpwg=[{alternateDrugAvailable=false, dosingInformation=false, genes=CYP2D6, hasTestingInfo=false, otherPrescribingGuidance=false, pediatric=false, recommendation=false, source=DPWG, updatedDate=2024-03-29T11:43:54.018-07:00, url=/guidelineAnnotation/PA166182809}], drug={objCls=Chemical, id=PA131301952, name=gefitinib, version=20.0}, drugUrl=/drug/PA131301952, other=[]}
[main] INFO cn.edu.zju.crawler.DosingGuidelineCrawler - Dosing guideline exists, metadata refresh id=PA166182809 updated=1 source=dpwg evidence=4
[main] INFO cn.edu.zju.crawler.DosingGuidelineCrawler - {cpic=[{alternateDrugAvailable=true, dosingInformation=false, genes=MT-RNR1, hasTestingInfo=false, otherPrescribingGuidance=true, pediatric=true, recommendation=true, source=CPIC, updatedDate=2025-10-27T00:00:00-07:00, url=/guidelineAnnotation/PA166229081}], dpwg=[], drug={objCls=Chemical, id=PA449753, name=gentamicin, version=10.0}, drugUrl=/drug/PA449753, other=[]}
[main] INFO cn.edu.zju.dao.DosingGuidelineDao - 
com.mysql.cj.jdbc.exceptions.MysqlDataTruncation: Data truncation: Data too long for column 'name' at row 1
	at com.mysql.cj.jdbc.exceptions.SQLExceptionsMapping.translateException(SQLExceptionsMapping.java:104)
	at com.mysql.cj.jdbc.ClientPreparedStatement.executeInternal(ClientPreparedStatement.java:953)
	at com.mysql.cj.jdbc.ClientPreparedStatement.execute(ClientPreparedStatement.java:370)
	at cn.edu.zju.dao.DosingGuidelineDao.lambda$saveDosingGuideline$0(DosingGuidelineDao.java:42)
	at cn.edu.zju.dbutils.DBUtils.execSQL(DBUtils.java:41)
	at cn.edu.zju.dao.DosingGuidelineDao.saveDosingGuideline(DosingGuidelineDao.java:29)
	at cn.edu.zju.crawler.DosingGuidelineCrawler.doCrawlerDosingGuideline(DosingGuidelineCrawler.java:63)
	at cn.edu.zju.crawler.DosingGuidelineCrawler.lambda$doCrawlerDosingGuidelineList$2(DosingGuidelineCrawler.java:40)
	at java.base/java.util.ArrayList.forEach(ArrayList.java:1604)
	at cn.edu.zju.crawler.DosingGuidelineCrawler.lambda$doCrawlerDosingGuidelineList$1(DosingGuidelineCrawler.java:38)
	at java.base/java.lang.Iterable.forEach(Iterable.java:75)
	at cn.edu.zju.crawler.DosingGuidelineCrawler.lambda$doCrawlerDosingGuidelineList$0(DosingGuidelineCrawler.java:32)
	at java.base/java.util.ArrayList$ArrayListSpliterator.forEachRemaining(ArrayList.java:1716)
	at java.base/java.util.stream.ReferencePipeline$Head.forEach(ReferencePipeline.java:807)
	at cn.edu.zju.crawler.DosingGuidelineCrawler.doCrawlerDosingGuidelineList(DosingGuidelineCrawler.java:30)
	at cn.edu.zju.crawler.GuidelineRefreshMain.main(GuidelineRefreshMain.java:7)
[main] INFO cn.edu.zju.crawler.DosingGuidelineCrawler - Saving dosing guideline: PA166229081 source=cpic evidence=3
[main] INFO cn.edu.zju.crawler.DosingGuidelineCrawler - {cpic=[{alternateDrugAvailable=false, dosingInformation=false, genes=G6PD, hasTestingInfo=false, otherPrescribingGuidance=false, pediatric=true, recommendation=false, source=CPIC, updatedDate=2024-05-15T09:44:05.862-07:00, url=/guidelineAnnotation/PA166279481}], dpwg=[{alternateDrugAvailable=false, dosingInformation=false, genes=CYP2C9, hasTestingInfo=false, otherPrescribingGuidance=false, pediatric=false, recommendation=false, source=DPWG, updatedDate=2025-01-21T06:47:45.524-08:00, url=/guidelineAnnotation/PA166104971}], drug={objCls=Chemical, id=PA10892, name=gliclazide, version=11.0}, drugUrl=/drug/PA10892, other=[]}
[main] INFO cn.edu.zju.dao.DosingGuidelineDao - 
com.mysql.cj.jdbc.exceptions.MysqlDataTruncation: Data truncation: Data too long for column 'name' at row 1
	at com.mysql.cj.jdbc.exceptions.SQLExceptionsMapping.translateException(SQLExceptionsMapping.java:104)
	at com.mysql.cj.jdbc.ClientPreparedStatement.executeInternal(ClientPreparedStatement.java:953)
	at com.mysql.cj.jdbc.ClientPreparedStatement.execute(ClientPreparedStatement.java:370)
	at cn.edu.zju.dao.DosingGuidelineDao.lambda$saveDosingGuideline$0(DosingGuidelineDao.java:42)
	at cn.edu.zju.dbutils.DBUtils.execSQL(DBUtils.java:41)
	at cn.edu.zju.dao.DosingGuidelineDao.saveDosingGuideline(DosingGuidelineDao.java:29)
	at cn.edu.zju.crawler.DosingGuidelineCrawler.doCrawlerDosingGuideline(DosingGuidelineCrawler.java:63)
	at cn.edu.zju.crawler.DosingGuidelineCrawler.lambda$doCrawlerDosingGuidelineList$2(DosingGuidelineCrawler.java:40)
	at java.base/java.util.ArrayList.forEach(ArrayList.java:1604)
	at cn.edu.zju.crawler.DosingGuidelineCrawler.lambda$doCrawlerDosingGuidelineList$1(DosingGuidelineCrawler.java:38)
	at java.base/java.lang.Iterable.forEach(Iterable.java:75)
	at cn.edu.zju.crawler.DosingGuidelineCrawler.lambda$doCrawlerDosingGuidelineList$0(DosingGuidelineCrawler.java:32)
	at java.base/java.util.ArrayList$ArrayListSpliterator.forEachRemaining(ArrayList.java:1716)
	at java.base/java.util.stream.ReferencePipeline$Head.forEach(ReferencePipeline.java:807)
	at cn.edu.zju.crawler.DosingGuidelineCrawler.doCrawlerDosingGuidelineList(DosingGuidelineCrawler.java:30)
	at cn.edu.zju.crawler.GuidelineRefreshMain.main(GuidelineRefreshMain.java:7)
[main] INFO cn.edu.zju.crawler.DosingGuidelineCrawler - Saving dosing guideline: PA166279481 source=cpic evidence=4
[main] INFO cn.edu.zju.crawler.DosingGuidelineCrawler - Dosing guideline exists, metadata refresh id=PA166104971 updated=1 source=dpwg evidence=3
[main] INFO cn.edu.zju.crawler.DosingGuidelineCrawler - {cpic=[{alternateDrugAvailable=false, dosingInformation=false, genes=G6PD, hasTestingInfo=false, otherPrescribingGuidance=false, pediatric=true, recommendation=false, source=CPIC, updatedDate=2024-05-15T09:44:05.862-07:00, url=/guidelineAnnotation/PA166279481}], dpwg=[{alternateDrugAvailable=false, dosingInformation=false, genes=CYP2C9, hasTestingInfo=false, otherPrescribingGuidance=false, pediatric=false, recommendation=false, source=DPWG, updatedDate=2025-01-21T06:51:50.101-08:00, url=/guidelineAnnotation/PA166104978}], drug={objCls=Chemical, id=PA449761, name=glimepiride, version=12.0}, drugUrl=/drug/PA449761, other=[]}
[main] INFO cn.edu.zju.dao.DosingGuidelineDao - 
com.mysql.cj.jdbc.exceptions.MysqlDataTruncation: Data truncation: Data too long for column 'name' at row 1
	at com.mysql.cj.jdbc.exceptions.SQLExceptionsMapping.translateException(SQLExceptionsMapping.java:104)
	at com.mysql.cj.jdbc.ClientPreparedStatement.executeInternal(ClientPreparedStatement.java:953)
	at com.mysql.cj.jdbc.ClientPreparedStatement.execute(ClientPreparedStatement.java:370)
	at cn.edu.zju.dao.DosingGuidelineDao.lambda$saveDosingGuideline$0(DosingGuidelineDao.java:42)
	at cn.edu.zju.dbutils.DBUtils.execSQL(DBUtils.java:41)
	at cn.edu.zju.dao.DosingGuidelineDao.saveDosingGuideline(DosingGuidelineDao.java:29)
	at cn.edu.zju.crawler.DosingGuidelineCrawler.doCrawlerDosingGuideline(DosingGuidelineCrawler.java:63)
	at cn.edu.zju.crawler.DosingGuidelineCrawler.lambda$doCrawlerDosingGuidelineList$2(DosingGuidelineCrawler.java:40)
	at java.base/java.util.ArrayList.forEach(ArrayList.java:1604)
	at cn.edu.zju.crawler.DosingGuidelineCrawler.lambda$doCrawlerDosingGuidelineList$1(DosingGuidelineCrawler.java:38)
	at java.base/java.lang.Iterable.forEach(Iterable.java:75)
	at cn.edu.zju.crawler.DosingGuidelineCrawler.lambda$doCrawlerDosingGuidelineList$0(DosingGuidelineCrawler.java:32)
	at java.base/java.util.ArrayList$ArrayListSpliterator.forEachRemaining(ArrayList.java:1716)
	at java.base/java.util.stream.ReferencePipeline$Head.forEach(ReferencePipeline.java:807)
	at cn.edu.zju.crawler.DosingGuidelineCrawler.doCrawlerDosingGuidelineList(DosingGuidelineCrawler.java:30)
	at cn.edu.zju.crawler.GuidelineRefreshMain.main(GuidelineRefreshMain.java:7)
[main] INFO cn.edu.zju.crawler.DosingGuidelineCrawler - Saving dosing guideline: PA166279481 source=cpic evidence=4
[main] INFO cn.edu.zju.crawler.DosingGuidelineCrawler - Dosing guideline exists, metadata refresh id=PA166104978 updated=1 source=dpwg evidence=3
[main] INFO cn.edu.zju.crawler.DosingGuidelineCrawler - {cpic=[{alternateDrugAvailable=false, dosingInformation=false, genes=G6PD, hasTestingInfo=false, otherPrescribingGuidance=false, pediatric=true, recommendation=false, source=CPIC, updatedDate=2024-05-15T09:44:05.862-07:00, url=/guidelineAnnotation/PA166279481}], dpwg=[], drug={objCls=Chemical, id=PA449762, name=glipizide, version=12.0}, drugUrl=/drug/PA449762, other=[]}
[main] INFO cn.edu.zju.dao.DosingGuidelineDao - 
com.mysql.cj.jdbc.exceptions.MysqlDataTruncation: Data truncation: Data too long for column 'name' at row 1
	at com.mysql.cj.jdbc.exceptions.SQLExceptionsMapping.translateException(SQLExceptionsMapping.java:104)
	at com.mysql.cj.jdbc.ClientPreparedStatement.executeInternal(ClientPreparedStatement.java:953)
	at com.mysql.cj.jdbc.ClientPreparedStatement.execute(ClientPreparedStatement.java:370)
	at cn.edu.zju.dao.DosingGuidelineDao.lambda$saveDosingGuideline$0(DosingGuidelineDao.java:42)
	at cn.edu.zju.dbutils.DBUtils.execSQL(DBUtils.java:41)
	at cn.edu.zju.dao.DosingGuidelineDao.saveDosingGuideline(DosingGuidelineDao.java:29)
	at cn.edu.zju.crawler.DosingGuidelineCrawler.doCrawlerDosingGuideline(DosingGuidelineCrawler.java:63)
	at cn.edu.zju.crawler.DosingGuidelineCrawler.lambda$doCrawlerDosingGuidelineList$2(DosingGuidelineCrawler.java:40)
	at java.base/java.util.ArrayList.forEach(ArrayList.java:1604)
	at cn.edu.zju.crawler.DosingGuidelineCrawler.lambda$doCrawlerDosingGuidelineList$1(DosingGuidelineCrawler.java:38)
	at java.base/java.lang.Iterable.forEach(Iterable.java:75)
	at cn.edu.zju.crawler.DosingGuidelineCrawler.lambda$doCrawlerDosingGuidelineList$0(DosingGuidelineCrawler.java:32)
	at java.base/java.util.ArrayList$ArrayListSpliterator.forEachRemaining(ArrayList.java:1716)
	at java.base/java.util.stream.ReferencePipeline$Head.forEach(ReferencePipeline.java:807)
	at cn.edu.zju.crawler.DosingGuidelineCrawler.doCrawlerDosingGuidelineList(DosingGuidelineCrawler.java:30)
	at cn.edu.zju.crawler.GuidelineRefreshMain.main(GuidelineRefreshMain.java:7)
[main] INFO cn.edu.zju.crawler.DosingGuidelineCrawler - Saving dosing guideline: PA166279481 source=cpic evidence=4
[main] INFO cn.edu.zju.crawler.DosingGuidelineCrawler - {cpic=[{alternateDrugAvailable=false, dosingInformation=false, genes=G6PD, hasTestingInfo=false, otherPrescribingGuidance=false, pediatric=true, recommendation=false, source=CPIC, updatedDate=2025-03-20T10:28:17.183-07:00, url=/guidelineAnnotation/PA166279741}], dpwg=[{alternateDrugAvailable=false, dosingInformation=false, genes=CYP2C9, hasTestingInfo=false, otherPrescribingGuidance=false, pediatric=false, recommendation=false, source=DPWG, updatedDate=2025-01-21T06:46:25.367-08:00, url=/guidelineAnnotation/PA166104953}], drug={objCls=Chemical, id=PA449782, name=glyburide, version=9.0}, drugUrl=/drug/PA449782, other=[]}
[main] INFO cn.edu.zju.dao.DosingGuidelineDao - 
com.mysql.cj.jdbc.exceptions.MysqlDataTruncation: Data truncation: Data too long for column 'name' at row 1
	at com.mysql.cj.jdbc.exceptions.SQLExceptionsMapping.translateException(SQLExceptionsMapping.java:104)
	at com.mysql.cj.jdbc.ClientPreparedStatement.executeInternal(ClientPreparedStatement.java:953)
	at com.mysql.cj.jdbc.ClientPreparedStatement.execute(ClientPreparedStatement.java:370)
	at cn.edu.zju.dao.DosingGuidelineDao.lambda$saveDosingGuideline$0(DosingGuidelineDao.java:42)
	at cn.edu.zju.dbutils.DBUtils.execSQL(DBUtils.java:41)
	at cn.edu.zju.dao.DosingGuidelineDao.saveDosingGuideline(DosingGuidelineDao.java:29)
	at cn.edu.zju.crawler.DosingGuidelineCrawler.doCrawlerDosingGuideline(DosingGuidelineCrawler.java:63)
	at cn.edu.zju.crawler.DosingGuidelineCrawler.lambda$doCrawlerDosingGuidelineList$2(DosingGuidelineCrawler.java:40)
	at java.base/java.util.ArrayList.forEach(ArrayList.java:1604)
	at cn.edu.zju.crawler.DosingGuidelineCrawler.lambda$doCrawlerDosingGuidelineList$1(DosingGuidelineCrawler.java:38)
	at java.base/java.lang.Iterable.forEach(Iterable.java:75)
	at cn.edu.zju.crawler.DosingGuidelineCrawler.lambda$doCrawlerDosingGuidelineList$0(DosingGuidelineCrawler.java:32)
	at java.base/java.util.ArrayList$ArrayListSpliterator.forEachRemaining(ArrayList.java:1716)
	at java.base/java.util.stream.ReferencePipeline$Head.forEach(ReferencePipeline.java:807)
	at cn.edu.zju.crawler.DosingGuidelineCrawler.doCrawlerDosingGuidelineList(DosingGuidelineCrawler.java:30)
	at cn.edu.zju.crawler.GuidelineRefreshMain.main(GuidelineRefreshMain.java:7)
[main] INFO cn.edu.zju.crawler.DosingGuidelineCrawler - Saving dosing guideline: PA166279741 source=cpic evidence=4
[main] INFO cn.edu.zju.crawler.DosingGuidelineCrawler - Dosing guideline exists, metadata refresh id=PA166104953 updated=1 source=dpwg evidence=3
[main] INFO cn.edu.zju.crawler.DosingGuidelineCrawler - {cpic=[], dpwg=[{alternateDrugAvailable=true, dosingInformation=true, genes=CYP2D6, hasTestingInfo=true, otherPrescribingGuidance=false, pediatric=false, recommendation=true, source=DPWG, updatedDate=2024-03-14T08:05:32.862-07:00, url=/guidelineAnnotation/PA166104988}], drug={objCls=Chemical, id=PA449841, name=haloperidol, version=15.0}, drugUrl=/drug/PA449841, other=[]}
[main] INFO cn.edu.zju.crawler.DosingGuidelineCrawler - Dosing guideline exists, metadata refresh id=PA166104988 updated=1 source=dpwg evidence=4
[main] INFO cn.edu.zju.crawler.DosingGuidelineCrawler - {cpic=[{alternateDrugAvailable=true, dosingInformation=false, genes=CACNA1S, RYR1, hasTestingInfo=false, otherPrescribingGuidance=true, pediatric=true, recommendation=true, source=CPIC, updatedDate=2023-12-13T13:21:05.189-08:00, url=/guidelineAnnotation/PA166303941}], dpwg=[], drug={objCls=Chemical, id=PA449845, name=halothane, version=19.0}, drugUrl=/drug/PA449845, other=[]}
[main] INFO cn.edu.zju.dao.DosingGuidelineDao - 
com.mysql.cj.jdbc.exceptions.MysqlDataTruncation: Data truncation: Data too long for column 'name' at row 1
	at com.mysql.cj.jdbc.exceptions.SQLExceptionsMapping.translateException(SQLExceptionsMapping.java:104)
	at com.mysql.cj.jdbc.ClientPreparedStatement.executeInternal(ClientPreparedStatement.java:953)
	at com.mysql.cj.jdbc.ClientPreparedStatement.execute(ClientPreparedStatement.java:370)
	at cn.edu.zju.dao.DosingGuidelineDao.lambda$saveDosingGuideline$0(DosingGuidelineDao.java:42)
	at cn.edu.zju.dbutils.DBUtils.execSQL(DBUtils.java:41)
	at cn.edu.zju.dao.DosingGuidelineDao.saveDosingGuideline(DosingGuidelineDao.java:29)
	at cn.edu.zju.crawler.DosingGuidelineCrawler.doCrawlerDosingGuideline(DosingGuidelineCrawler.java:63)
	at cn.edu.zju.crawler.DosingGuidelineCrawler.lambda$doCrawlerDosingGuidelineList$2(DosingGuidelineCrawler.java:40)
	at java.base/java.util.ArrayList.forEach(ArrayList.java:1604)
	at cn.edu.zju.crawler.DosingGuidelineCrawler.lambda$doCrawlerDosingGuidelineList$1(DosingGuidelineCrawler.java:38)
	at java.base/java.lang.Iterable.forEach(Iterable.java:75)
	at cn.edu.zju.crawler.DosingGuidelineCrawler.lambda$doCrawlerDosingGuidelineList$0(DosingGuidelineCrawler.java:32)
	at java.base/java.util.ArrayList$ArrayListSpliterator.forEachRemaining(ArrayList.java:1716)
	at java.base/java.util.stream.ReferencePipeline$Head.forEach(ReferencePipeline.java:807)
	at cn.edu.zju.crawler.DosingGuidelineCrawler.doCrawlerDosingGuidelineList(DosingGuidelineCrawler.java:30)
	at cn.edu.zju.crawler.GuidelineRefreshMain.main(GuidelineRefreshMain.java:7)
[main] INFO cn.edu.zju.crawler.DosingGuidelineCrawler - Saving dosing guideline: PA166303941 source=cpic evidence=4
[main] INFO cn.edu.zju.crawler.DosingGuidelineCrawler - {cpic=[], dpwg=[], drug={objCls=Chemical, id=PA133950441, name=HMG-CoA reductase inhibitors, version=16.0}, drugUrl=/drug/PA133950441, other=[{alternateDrugAvailable=true, dosingInformation=true, genes=SLCO1B1, hasTestingInfo=false, otherPrescribingGuidance=false, pediatric=false, recommendation=true, source=RNPGx, updatedDate=2024-04-24T00:08:33.959-07:00, url=/guidelineAnnotation/PA166202561}]}
[main] INFO cn.edu.zju.crawler.DosingGuidelineCrawler - {cpic=[{alternateDrugAvailable=false, dosingInformation=true, genes=NAT2, hasTestingInfo=false, otherPrescribingGuidance=false, pediatric=true, recommendation=true, source=CPIC, updatedDate=2025-09-24T00:00:00-07:00, url=/guidelineAnnotation/PA166416341}], dpwg=[], drug={objCls=Chemical, id=PA449894, name=hydralazine, version=13.0}, drugUrl=/drug/PA449894, other=[]}
[main] INFO cn.edu.zju.crawler.DosingGuidelineCrawler - Saving dosing guideline: PA166416341 source=cpic evidence=4
[main] INFO cn.edu.zju.crawler.DosingGuidelineCrawler - {cpic=[{alternateDrugAvailable=false, dosingInformation=false, genes=CYP2D6, hasTestingInfo=false, otherPrescribingGuidance=true, pediatric=true, recommendation=true, source=CPIC, updatedDate=2024-05-07T13:08:28.960-07:00, url=/guidelineAnnotation/PA166228121}, {alternateDrugAvailable=false, dosingInformation=false, genes=COMT, OPRM1, hasTestingInfo=false, otherPrescribingGuidance=false, pediatric=false, recommendation=false, source=CPIC, updatedDate=2021-11-29T15:42:20.114-08:00, url=/guidelineAnnotation/PA166227941}], dpwg=[], drug={objCls=Chemical, id=PA449900, name=hydrocodone, version=12.0}, drugUrl=/drug/PA449900, other=[]}
[main] INFO cn.edu.zju.crawler.DosingGuidelineCrawler - Saving dosing guideline: PA166228121 source=cpic evidence=4
[main] INFO cn.edu.zju.dao.DosingGuidelineDao - 
com.mysql.cj.jdbc.exceptions.MysqlDataTruncation: Data truncation: Data too long for column 'name' at row 1
	at com.mysql.cj.jdbc.exceptions.SQLExceptionsMapping.translateException(SQLExceptionsMapping.java:104)
	at com.mysql.cj.jdbc.ClientPreparedStatement.executeInternal(ClientPreparedStatement.java:953)
	at com.mysql.cj.jdbc.ClientPreparedStatement.execute(ClientPreparedStatement.java:370)
	at cn.edu.zju.dao.DosingGuidelineDao.lambda$saveDosingGuideline$0(DosingGuidelineDao.java:42)
	at cn.edu.zju.dbutils.DBUtils.execSQL(DBUtils.java:41)
	at cn.edu.zju.dao.DosingGuidelineDao.saveDosingGuideline(DosingGuidelineDao.java:29)
	at cn.edu.zju.crawler.DosingGuidelineCrawler.doCrawlerDosingGuideline(DosingGuidelineCrawler.java:63)
	at cn.edu.zju.crawler.DosingGuidelineCrawler.lambda$doCrawlerDosingGuidelineList$2(DosingGuidelineCrawler.java:40)
	at java.base/java.util.ArrayList.forEach(ArrayList.java:1604)
	at cn.edu.zju.crawler.DosingGuidelineCrawler.lambda$doCrawlerDosingGuidelineList$1(DosingGuidelineCrawler.java:38)
	at java.base/java.lang.Iterable.forEach(Iterable.java:75)
	at cn.edu.zju.crawler.DosingGuidelineCrawler.lambda$doCrawlerDosingGuidelineList$0(DosingGuidelineCrawler.java:32)
	at java.base/java.util.ArrayList$ArrayListSpliterator.forEachRemaining(ArrayList.java:1716)
	at java.base/java.util.stream.ReferencePipeline$Head.forEach(ReferencePipeline.java:807)
	at cn.edu.zju.crawler.DosingGuidelineCrawler.doCrawlerDosingGuidelineList(DosingGuidelineCrawler.java:30)
	at cn.edu.zju.crawler.GuidelineRefreshMain.main(GuidelineRefreshMain.java:7)
[main] INFO cn.edu.zju.crawler.DosingGuidelineCrawler - Saving dosing guideline: PA166227941 source=cpic evidence=4
[main] INFO cn.edu.zju.crawler.DosingGuidelineCrawler - {cpic=[{alternateDrugAvailable=false, dosingInformation=false, genes=COMT, OPRM1, hasTestingInfo=false, otherPrescribingGuidance=false, pediatric=false, recommendation=false, source=CPIC, updatedDate=2021-11-29T15:42:20.114-08:00, url=/guidelineAnnotation/PA166227941}], dpwg=[], drug={objCls=Chemical, id=PA449918, name=hydromorphone, version=12.0}, drugUrl=/drug/PA449918, other=[]}
[main] INFO cn.edu.zju.dao.DosingGuidelineDao - 
com.mysql.cj.jdbc.exceptions.MysqlDataTruncation: Data truncation: Data too long for column 'name' at row 1
	at com.mysql.cj.jdbc.exceptions.SQLExceptionsMapping.translateException(SQLExceptionsMapping.java:104)
	at com.mysql.cj.jdbc.ClientPreparedStatement.executeInternal(ClientPreparedStatement.java:953)
	at com.mysql.cj.jdbc.ClientPreparedStatement.execute(ClientPreparedStatement.java:370)
	at cn.edu.zju.dao.DosingGuidelineDao.lambda$saveDosingGuideline$0(DosingGuidelineDao.java:42)
	at cn.edu.zju.dbutils.DBUtils.execSQL(DBUtils.java:41)
	at cn.edu.zju.dao.DosingGuidelineDao.saveDosingGuideline(DosingGuidelineDao.java:29)
	at cn.edu.zju.crawler.DosingGuidelineCrawler.doCrawlerDosingGuideline(DosingGuidelineCrawler.java:63)
	at cn.edu.zju.crawler.DosingGuidelineCrawler.lambda$doCrawlerDosingGuidelineList$2(DosingGuidelineCrawler.java:40)
	at java.base/java.util.ArrayList.forEach(ArrayList.java:1604)
	at cn.edu.zju.crawler.DosingGuidelineCrawler.lambda$doCrawlerDosingGuidelineList$1(DosingGuidelineCrawler.java:38)
	at java.base/java.lang.Iterable.forEach(Iterable.java:75)
	at cn.edu.zju.crawler.DosingGuidelineCrawler.lambda$doCrawlerDosingGuidelineList$0(DosingGuidelineCrawler.java:32)
	at java.base/java.util.ArrayList$ArrayListSpliterator.forEachRemaining(ArrayList.java:1716)
	at java.base/java.util.stream.ReferencePipeline$Head.forEach(ReferencePipeline.java:807)
	at cn.edu.zju.crawler.DosingGuidelineCrawler.doCrawlerDosingGuidelineList(DosingGuidelineCrawler.java:30)
	at cn.edu.zju.crawler.GuidelineRefreshMain.main(GuidelineRefreshMain.java:7)
[main] INFO cn.edu.zju.crawler.DosingGuidelineCrawler - Saving dosing guideline: PA166227941 source=cpic evidence=4
[main] INFO cn.edu.zju.crawler.DosingGuidelineCrawler - {cpic=[{alternateDrugAvailable=false, dosingInformation=false, genes=G6PD, hasTestingInfo=false, otherPrescribingGuidance=false, pediatric=true, recommendation=false, source=CPIC, updatedDate=2025-03-20T10:28:17.183-07:00, url=/guidelineAnnotation/PA166279741}], dpwg=[], drug={objCls=Chemical, id=PA164777036, name=hydroxychloroquine, version=12.0}, drugUrl=/drug/PA164777036, other=[]}
[main] INFO cn.edu.zju.dao.DosingGuidelineDao - 
com.mysql.cj.jdbc.exceptions.MysqlDataTruncation: Data truncation: Data too long for column 'name' at row 1
	at com.mysql.cj.jdbc.exceptions.SQLExceptionsMapping.translateException(SQLExceptionsMapping.java:104)
	at com.mysql.cj.jdbc.ClientPreparedStatement.executeInternal(ClientPreparedStatement.java:953)
	at com.mysql.cj.jdbc.ClientPreparedStatement.execute(ClientPreparedStatement.java:370)
	at cn.edu.zju.dao.DosingGuidelineDao.lambda$saveDosingGuideline$0(DosingGuidelineDao.java:42)
	at cn.edu.zju.dbutils.DBUtils.execSQL(DBUtils.java:41)
	at cn.edu.zju.dao.DosingGuidelineDao.saveDosingGuideline(DosingGuidelineDao.java:29)
	at cn.edu.zju.crawler.DosingGuidelineCrawler.doCrawlerDosingGuideline(DosingGuidelineCrawler.java:63)
	at cn.edu.zju.crawler.DosingGuidelineCrawler.lambda$doCrawlerDosingGuidelineList$2(DosingGuidelineCrawler.java:40)
	at java.base/java.util.ArrayList.forEach(ArrayList.java:1604)
	at cn.edu.zju.crawler.DosingGuidelineCrawler.lambda$doCrawlerDosingGuidelineList$1(DosingGuidelineCrawler.java:38)
	at java.base/java.lang.Iterable.forEach(Iterable.java:75)
	at cn.edu.zju.crawler.DosingGuidelineCrawler.lambda$doCrawlerDosingGuidelineList$0(DosingGuidelineCrawler.java:32)
	at java.base/java.util.ArrayList$ArrayListSpliterator.forEachRemaining(ArrayList.java:1716)
	at java.base/java.util.stream.ReferencePipeline$Head.forEach(ReferencePipeline.java:807)
	at cn.edu.zju.crawler.DosingGuidelineCrawler.doCrawlerDosingGuidelineList(DosingGuidelineCrawler.java:30)
	at cn.edu.zju.crawler.GuidelineRefreshMain.main(GuidelineRefreshMain.java:7)
[main] INFO cn.edu.zju.crawler.DosingGuidelineCrawler - Saving dosing guideline: PA166279741 source=cpic evidence=4
[main] INFO cn.edu.zju.crawler.DosingGuidelineCrawler - {cpic=[{alternateDrugAvailable=true, dosingInformation=true, genes=CYP2C9, hasTestingInfo=false, otherPrescribingGuidance=false, pediatric=true, recommendation=true, source=CPIC, updatedDate=2023-06-22T19:16:48.823-07:00, url=/guidelineAnnotation/PA166191841}, {alternateDrugAvailable=false, dosingInformation=false, genes=CYP2C8, hasTestingInfo=false, otherPrescribingGuidance=false, pediatric=false, recommendation=false, source=CPIC, updatedDate=2024-08-12T04:55:05.718-07:00, url=/guidelineAnnotation/PA166222181}], dpwg=[], drug={objCls=Chemical, id=PA449957, name=ibuprofen, version=14.0}, drugUrl=/drug/PA449957, other=[]}
[main] INFO cn.edu.zju.crawler.DosingGuidelineCrawler - Dosing guideline exists, metadata refresh id=PA166191841 updated=1 source=cpic evidence=3
[main] INFO cn.edu.zju.crawler.DosingGuidelineCrawler - Dosing guideline exists, metadata refresh id=PA166222181 updated=1 source=cpic evidence=3
[main] INFO cn.edu.zju.crawler.DosingGuidelineCrawler - {cpic=[{alternateDrugAvailable=true, dosingInformation=true, genes=CYP2C19, CYP2D6, hasTestingInfo=false, otherPrescribingGuidance=false, pediatric=true, recommendation=true, source=CPIC, updatedDate=2021-06-18T14:24:41.830-07:00, url=/guidelineAnnotation/PA166104999}], dpwg=[{alternateDrugAvailable=true, dosingInformation=true, genes=CYP2D6, hasTestingInfo=true, otherPrescribingGuidance=true, pediatric=false, recommendation=true, source=DPWG, updatedDate=2026-01-20T09:44:50.340-08:00, url=/guidelineAnnotation/PA166104972}, {alternateDrugAvailable=true, dosingInformation=true, genes=CYP2C19, hasTestingInfo=true, otherPrescribingGuidance=true, pediatric=false, recommendation=true, source=DPWG, updatedDate=2024-03-18T08:03:06.295-07:00, url=/guidelineAnnotation/PA166104954}], drug={objCls=Chemical, id=PA449969, name=imipramine, version=17.0}, drugUrl=/drug/PA449969, other=[]}
[main] INFO cn.edu.zju.crawler.DosingGuidelineCrawler - Dosing guideline exists, metadata refresh id=PA166104999 updated=1 source=cpic evidence=4
[main] INFO cn.edu.zju.crawler.DosingGuidelineCrawler - Dosing guideline exists, metadata refresh id=PA166104972 updated=1 source=dpwg evidence=4
[main] INFO cn.edu.zju.crawler.DosingGuidelineCrawler - Dosing guideline exists, metadata refresh id=PA166104954 updated=1 source=dpwg evidence=3
[main] INFO cn.edu.zju.crawler.DosingGuidelineCrawler - {cpic=[{alternateDrugAvailable=false, dosingInformation=false, genes=CYP2C9, hasTestingInfo=false, otherPrescribingGuidance=false, pediatric=false, recommendation=false, source=CPIC, updatedDate=2021-12-10T11:11:00.330-08:00, url=/guidelineAnnotation/PA166222201}], dpwg=[], drug={objCls=Chemical, id=PA449982, name=indomethacin, version=12.0}, drugUrl=/drug/PA449982, other=[]}
[main] INFO cn.edu.zju.dao.DosingGuidelineDao - 
com.mysql.cj.jdbc.exceptions.MysqlDataTruncation: Data truncation: Data too long for column 'name' at row 1
	at com.mysql.cj.jdbc.exceptions.SQLExceptionsMapping.translateException(SQLExceptionsMapping.java:104)
	at com.mysql.cj.jdbc.ClientPreparedStatement.executeInternal(ClientPreparedStatement.java:953)
	at com.mysql.cj.jdbc.ClientPreparedStatement.execute(ClientPreparedStatement.java:370)
	at cn.edu.zju.dao.DosingGuidelineDao.lambda$saveDosingGuideline$0(DosingGuidelineDao.java:42)
	at cn.edu.zju.dbutils.DBUtils.execSQL(DBUtils.java:41)
	at cn.edu.zju.dao.DosingGuidelineDao.saveDosingGuideline(DosingGuidelineDao.java:29)
	at cn.edu.zju.crawler.DosingGuidelineCrawler.doCrawlerDosingGuideline(DosingGuidelineCrawler.java:63)
	at cn.edu.zju.crawler.DosingGuidelineCrawler.lambda$doCrawlerDosingGuidelineList$2(DosingGuidelineCrawler.java:40)
	at java.base/java.util.ArrayList.forEach(ArrayList.java:1604)
	at cn.edu.zju.crawler.DosingGuidelineCrawler.lambda$doCrawlerDosingGuidelineList$1(DosingGuidelineCrawler.java:38)
	at java.base/java.lang.Iterable.forEach(Iterable.java:75)
	at cn.edu.zju.crawler.DosingGuidelineCrawler.lambda$doCrawlerDosingGuidelineList$0(DosingGuidelineCrawler.java:32)
	at java.base/java.util.ArrayList$ArrayListSpliterator.forEachRemaining(ArrayList.java:1716)
	at java.base/java.util.stream.ReferencePipeline$Head.forEach(ReferencePipeline.java:807)
	at cn.edu.zju.crawler.DosingGuidelineCrawler.doCrawlerDosingGuidelineList(DosingGuidelineCrawler.java:30)
	at cn.edu.zju.crawler.GuidelineRefreshMain.main(GuidelineRefreshMain.java:7)
[main] INFO cn.edu.zju.crawler.DosingGuidelineCrawler - Saving dosing guideline: PA166222201 source=cpic evidence=4
[main] INFO cn.edu.zju.crawler.DosingGuidelineCrawler - {cpic=[], dpwg=[{alternateDrugAvailable=false, dosingInformation=true, genes=UGT1A1, hasTestingInfo=true, otherPrescribingGuidance=false, pediatric=false, recommendation=true, source=DPWG, updatedDate=2024-03-15T07:53:59.275-07:00, url=/guidelineAnnotation/PA166104951}], drug={objCls=Chemical, id=PA450085, name=irinotecan, version=19.0}, drugUrl=/drug/PA450085, other=[{alternateDrugAvailable=false, dosingInformation=true, genes=UGT1A1, hasTestingInfo=true, otherPrescribingGuidance=false, pediatric=false, recommendation=true, source=RNPGx, updatedDate=2024-04-24T00:09:45.577-07:00, url=/guidelineAnnotation/PA166127626}, {alternateDrugAvailable=false, dosingInformation=true, genes=UGT1A1, hasTestingInfo=true, otherPrescribingGuidance=false, pediatric=false, recommendation=true, source=AIOM, url=/guidelineAnnotation/PA166312821}]}
[main] INFO cn.edu.zju.crawler.DosingGuidelineCrawler - Dosing guideline exists, metadata refresh id=PA166104951 updated=1 source=dpwg evidence=4
[main] INFO cn.edu.zju.crawler.DosingGuidelineCrawler - {cpic=[{alternateDrugAvailable=true, dosingInformation=false, genes=CACNA1S, RYR1, hasTestingInfo=false, otherPrescribingGuidance=true, pediatric=true, recommendation=true, source=CPIC, updatedDate=2023-12-13T13:21:05.189-08:00, url=/guidelineAnnotation/PA166303941}], dpwg=[], drug={objCls=Chemical, id=PA450106, name=isoflurane, version=9.0}, drugUrl=/drug/PA450106, other=[]}
[main] INFO cn.edu.zju.dao.DosingGuidelineDao - 
com.mysql.cj.jdbc.exceptions.MysqlDataTruncation: Data truncation: Data too long for column 'name' at row 1
	at com.mysql.cj.jdbc.exceptions.SQLExceptionsMapping.translateException(SQLExceptionsMapping.java:104)
	at com.mysql.cj.jdbc.ClientPreparedStatement.executeInternal(ClientPreparedStatement.java:953)
	at com.mysql.cj.jdbc.ClientPreparedStatement.execute(ClientPreparedStatement.java:370)
	at cn.edu.zju.dao.DosingGuidelineDao.lambda$saveDosingGuideline$0(DosingGuidelineDao.java:42)
	at cn.edu.zju.dbutils.DBUtils.execSQL(DBUtils.java:41)
	at cn.edu.zju.dao.DosingGuidelineDao.saveDosingGuideline(DosingGuidelineDao.java:29)
	at cn.edu.zju.crawler.DosingGuidelineCrawler.doCrawlerDosingGuideline(DosingGuidelineCrawler.java:63)
	at cn.edu.zju.crawler.DosingGuidelineCrawler.lambda$doCrawlerDosingGuidelineList$2(DosingGuidelineCrawler.java:40)
	at java.base/java.util.ArrayList.forEach(ArrayList.java:1604)
	at cn.edu.zju.crawler.DosingGuidelineCrawler.lambda$doCrawlerDosingGuidelineList$1(DosingGuidelineCrawler.java:38)
	at java.base/java.lang.Iterable.forEach(Iterable.java:75)
	at cn.edu.zju.crawler.DosingGuidelineCrawler.lambda$doCrawlerDosingGuidelineList$0(DosingGuidelineCrawler.java:32)
	at java.base/java.util.ArrayList$ArrayListSpliterator.forEachRemaining(ArrayList.java:1716)
	at java.base/java.util.stream.ReferencePipeline$Head.forEach(ReferencePipeline.java:807)
	at cn.edu.zju.crawler.DosingGuidelineCrawler.doCrawlerDosingGuidelineList(DosingGuidelineCrawler.java:30)
	at cn.edu.zju.crawler.GuidelineRefreshMain.main(GuidelineRefreshMain.java:7)
[main] INFO cn.edu.zju.crawler.DosingGuidelineCrawler - Saving dosing guideline: PA166303941 source=cpic evidence=4
[main] INFO cn.edu.zju.crawler.DosingGuidelineCrawler - {cpic=[{alternateDrugAvailable=true, dosingInformation=false, genes=CFTR, hasTestingInfo=false, otherPrescribingGuidance=false, pediatric=true, recommendation=true, source=CPIC, updatedDate=2026-03-11T13:33:40.931-07:00, url=/guidelineAnnotation/PA166114461}], dpwg=[], drug={objCls=Chemical, id=PA165950341, name=ivacaftor, version=7.0}, drugUrl=/drug/PA165950341, other=[{alternateDrugAvailable=true, dosingInformation=false, genes=CFTR, hasTestingInfo=false, otherPrescribingGuidance=false, pediatric=true, recommendation=true, source=CFF, updatedDate=2024-04-24T00:10:31.745-07:00, url=/guidelineAnnotation/PA166178241}]}
[main] INFO cn.edu.zju.crawler.DosingGuidelineCrawler - Dosing guideline exists, metadata refresh id=PA166114461 updated=1 source=cpic evidence=4
[main] INFO cn.edu.zju.crawler.DosingGuidelineCrawler - {cpic=[{alternateDrugAvailable=true, dosingInformation=false, genes=MT-RNR1, hasTestingInfo=false, otherPrescribingGuidance=true, pediatric=true, recommendation=true, source=CPIC, updatedDate=2025-10-27T00:00:00-07:00, url=/guidelineAnnotation/PA166229081}], dpwg=[], drug={objCls=Chemical, id=PA450137, name=kanamycin, version=7.0}, drugUrl=/drug/PA450137, other=[]}
[main] INFO cn.edu.zju.dao.DosingGuidelineDao - 
com.mysql.cj.jdbc.exceptions.MysqlDataTruncation: Data truncation: Data too long for column 'name' at row 1
	at com.mysql.cj.jdbc.exceptions.SQLExceptionsMapping.translateException(SQLExceptionsMapping.java:104)
	at com.mysql.cj.jdbc.ClientPreparedStatement.executeInternal(ClientPreparedStatement.java:953)
	at com.mysql.cj.jdbc.ClientPreparedStatement.execute(ClientPreparedStatement.java:370)
	at cn.edu.zju.dao.DosingGuidelineDao.lambda$saveDosingGuideline$0(DosingGuidelineDao.java:42)
	at cn.edu.zju.dbutils.DBUtils.execSQL(DBUtils.java:41)
	at cn.edu.zju.dao.DosingGuidelineDao.saveDosingGuideline(DosingGuidelineDao.java:29)
	at cn.edu.zju.crawler.DosingGuidelineCrawler.doCrawlerDosingGuideline(DosingGuidelineCrawler.java:63)
	at cn.edu.zju.crawler.DosingGuidelineCrawler.lambda$doCrawlerDosingGuidelineList$2(DosingGuidelineCrawler.java:40)
	at java.base/java.util.ArrayList.forEach(ArrayList.java:1604)
	at cn.edu.zju.crawler.DosingGuidelineCrawler.lambda$doCrawlerDosingGuidelineList$1(DosingGuidelineCrawler.java:38)
	at java.base/java.lang.Iterable.forEach(Iterable.java:75)
	at cn.edu.zju.crawler.DosingGuidelineCrawler.lambda$doCrawlerDosingGuidelineList$0(DosingGuidelineCrawler.java:32)
	at java.base/java.util.ArrayList$ArrayListSpliterator.forEachRemaining(ArrayList.java:1716)
	at java.base/java.util.stream.ReferencePipeline$Head.forEach(ReferencePipeline.java:807)
	at cn.edu.zju.crawler.DosingGuidelineCrawler.doCrawlerDosingGuidelineList(DosingGuidelineCrawler.java:30)
	at cn.edu.zju.crawler.GuidelineRefreshMain.main(GuidelineRefreshMain.java:7)
[main] INFO cn.edu.zju.crawler.DosingGuidelineCrawler - Saving dosing guideline: PA166229081 source=cpic evidence=3
[main] INFO cn.edu.zju.crawler.DosingGuidelineCrawler - {cpic=[{alternateDrugAvailable=false, dosingInformation=false, genes=ADRA2C, ADRB1, GRK4, GRK5, hasTestingInfo=false, otherPrescribingGuidance=false, pediatric=false, recommendation=false, source=CPIC, updatedDate=2024-08-12T04:47:05.554-07:00, url=/guidelineAnnotation/PA166341522}, {alternateDrugAvailable=false, dosingInformation=false, genes=ADRB2, hasTestingInfo=false, otherPrescribingGuidance=false, pediatric=false, recommendation=false, source=CPIC, updatedDate=2024-08-12T04:47:34.482-07:00, url=/guidelineAnnotation/PA166341524}], dpwg=[], drug={objCls=Chemical, id=PA164743150, name=labetalol, version=9.0}, drugUrl=/drug/PA164743150, other=[]}
[main] INFO cn.edu.zju.dao.DosingGuidelineDao - 
com.mysql.cj.jdbc.exceptions.MysqlDataTruncation: Data truncation: Data too long for column 'name' at row 1
	at com.mysql.cj.jdbc.exceptions.SQLExceptionsMapping.translateException(SQLExceptionsMapping.java:104)
	at com.mysql.cj.jdbc.ClientPreparedStatement.executeInternal(ClientPreparedStatement.java:953)
	at com.mysql.cj.jdbc.ClientPreparedStatement.execute(ClientPreparedStatement.java:370)
	at cn.edu.zju.dao.DosingGuidelineDao.lambda$saveDosingGuideline$0(DosingGuidelineDao.java:42)
	at cn.edu.zju.dbutils.DBUtils.execSQL(DBUtils.java:41)
	at cn.edu.zju.dao.DosingGuidelineDao.saveDosingGuideline(DosingGuidelineDao.java:29)
	at cn.edu.zju.crawler.DosingGuidelineCrawler.doCrawlerDosingGuideline(DosingGuidelineCrawler.java:63)
	at cn.edu.zju.crawler.DosingGuidelineCrawler.lambda$doCrawlerDosingGuidelineList$2(DosingGuidelineCrawler.java:40)
	at java.base/java.util.ArrayList.forEach(ArrayList.java:1604)
	at cn.edu.zju.crawler.DosingGuidelineCrawler.lambda$doCrawlerDosingGuidelineList$1(DosingGuidelineCrawler.java:38)
	at java.base/java.lang.Iterable.forEach(Iterable.java:75)
	at cn.edu.zju.crawler.DosingGuidelineCrawler.lambda$doCrawlerDosingGuidelineList$0(DosingGuidelineCrawler.java:32)
	at java.base/java.util.ArrayList$ArrayListSpliterator.forEachRemaining(ArrayList.java:1716)
	at java.base/java.util.stream.ReferencePipeline$Head.forEach(ReferencePipeline.java:807)
	at cn.edu.zju.crawler.DosingGuidelineCrawler.doCrawlerDosingGuidelineList(DosingGuidelineCrawler.java:30)
	at cn.edu.zju.crawler.GuidelineRefreshMain.main(GuidelineRefreshMain.java:7)
[main] INFO cn.edu.zju.crawler.DosingGuidelineCrawler - Saving dosing guideline: PA166341522 source=cpic evidence=4
[main] INFO cn.edu.zju.dao.DosingGuidelineDao - 
com.mysql.cj.jdbc.exceptions.MysqlDataTruncation: Data truncation: Data too long for column 'name' at row 1
	at com.mysql.cj.jdbc.exceptions.SQLExceptionsMapping.translateException(SQLExceptionsMapping.java:104)
	at com.mysql.cj.jdbc.ClientPreparedStatement.executeInternal(ClientPreparedStatement.java:953)
	at com.mysql.cj.jdbc.ClientPreparedStatement.execute(ClientPreparedStatement.java:370)
	at cn.edu.zju.dao.DosingGuidelineDao.lambda$saveDosingGuideline$0(DosingGuidelineDao.java:42)
	at cn.edu.zju.dbutils.DBUtils.execSQL(DBUtils.java:41)
	at cn.edu.zju.dao.DosingGuidelineDao.saveDosingGuideline(DosingGuidelineDao.java:29)
	at cn.edu.zju.crawler.DosingGuidelineCrawler.doCrawlerDosingGuideline(DosingGuidelineCrawler.java:63)
	at cn.edu.zju.crawler.DosingGuidelineCrawler.lambda$doCrawlerDosingGuidelineList$2(DosingGuidelineCrawler.java:40)
	at java.base/java.util.ArrayList.forEach(ArrayList.java:1604)
	at cn.edu.zju.crawler.DosingGuidelineCrawler.lambda$doCrawlerDosingGuidelineList$1(DosingGuidelineCrawler.java:38)
	at java.base/java.lang.Iterable.forEach(Iterable.java:75)
	at cn.edu.zju.crawler.DosingGuidelineCrawler.lambda$doCrawlerDosingGuidelineList$0(DosingGuidelineCrawler.java:32)
	at java.base/java.util.ArrayList$ArrayListSpliterator.forEachRemaining(ArrayList.java:1716)
	at java.base/java.util.stream.ReferencePipeline$Head.forEach(ReferencePipeline.java:807)
	at cn.edu.zju.crawler.DosingGuidelineCrawler.doCrawlerDosingGuidelineList(DosingGuidelineCrawler.java:30)
	at cn.edu.zju.crawler.GuidelineRefreshMain.main(GuidelineRefreshMain.java:7)
[main] INFO cn.edu.zju.crawler.DosingGuidelineCrawler - Saving dosing guideline: PA166341524 source=cpic evidence=4
[main] INFO cn.edu.zju.crawler.DosingGuidelineCrawler - {cpic=[], dpwg=[{alternateDrugAvailable=true, dosingInformation=false, genes=HLA-B, hasTestingInfo=true, otherPrescribingGuidance=true, pediatric=false, recommendation=true, source=DPWG, updatedDate=2025-04-25T18:59:40.518-07:00, url=/guidelineAnnotation/PA166265341}], drug={objCls=Chemical, id=PA450164, name=lamotrigine, version=8.0}, drugUrl=/drug/PA450164, other=[]}
[main] INFO cn.edu.zju.crawler.DosingGuidelineCrawler - Saving dosing guideline: PA166265341 source=dpwg evidence=4
[main] INFO cn.edu.zju.crawler.DosingGuidelineCrawler - {cpic=[{alternateDrugAvailable=false, dosingInformation=true, genes=CYP2C19, hasTestingInfo=false, otherPrescribingGuidance=false, pediatric=true, recommendation=true, source=CPIC, updatedDate=2026-03-27T23:03:34.684-07:00, url=/guidelineAnnotation/PA166219103}], dpwg=[{alternateDrugAvailable=false, dosingInformation=true, genes=CYP2C19, hasTestingInfo=true, otherPrescribingGuidance=true, pediatric=false, recommendation=true, source=DPWG, updatedDate=2026-02-09T11:12:17.912-08:00, url=/guidelineAnnotation/PA166104987}], drug={objCls=Chemical, id=PA450180, name=lansoprazole, version=19.0}, drugUrl=/drug/PA450180, other=[]}
[main] INFO cn.edu.zju.crawler.DosingGuidelineCrawler - Saving dosing guideline: PA166219103 source=cpic evidence=3
[main] INFO cn.edu.zju.crawler.DosingGuidelineCrawler - Dosing guideline exists, metadata refresh id=PA166104987 updated=1 source=dpwg evidence=4
[main] INFO cn.edu.zju.crawler.DosingGuidelineCrawler - {cpic=[{alternateDrugAvailable=false, dosingInformation=false, genes=COMT, OPRM1, hasTestingInfo=false, otherPrescribingGuidance=false, pediatric=false, recommendation=false, source=CPIC, updatedDate=2021-11-29T15:42:20.114-08:00, url=/guidelineAnnotation/PA166227941}], dpwg=[], drug={objCls=Chemical, id=PA166227621, name=levomethadone, version=5.0}, drugUrl=/drug/PA166227621, other=[]}
[main] INFO cn.edu.zju.dao.DosingGuidelineDao - 
com.mysql.cj.jdbc.exceptions.MysqlDataTruncation: Data truncation: Data too long for column 'name' at row 1
	at com.mysql.cj.jdbc.exceptions.SQLExceptionsMapping.translateException(SQLExceptionsMapping.java:104)
	at com.mysql.cj.jdbc.ClientPreparedStatement.executeInternal(ClientPreparedStatement.java:953)
	at com.mysql.cj.jdbc.ClientPreparedStatement.execute(ClientPreparedStatement.java:370)
	at cn.edu.zju.dao.DosingGuidelineDao.lambda$saveDosingGuideline$0(DosingGuidelineDao.java:42)
	at cn.edu.zju.dbutils.DBUtils.execSQL(DBUtils.java:41)
	at cn.edu.zju.dao.DosingGuidelineDao.saveDosingGuideline(DosingGuidelineDao.java:29)
	at cn.edu.zju.crawler.DosingGuidelineCrawler.doCrawlerDosingGuideline(DosingGuidelineCrawler.java:63)
	at cn.edu.zju.crawler.DosingGuidelineCrawler.lambda$doCrawlerDosingGuidelineList$2(DosingGuidelineCrawler.java:40)
	at java.base/java.util.ArrayList.forEach(ArrayList.java:1604)
	at cn.edu.zju.crawler.DosingGuidelineCrawler.lambda$doCrawlerDosingGuidelineList$1(DosingGuidelineCrawler.java:38)
	at java.base/java.lang.Iterable.forEach(Iterable.java:75)
	at cn.edu.zju.crawler.DosingGuidelineCrawler.lambda$doCrawlerDosingGuidelineList$0(DosingGuidelineCrawler.java:32)
	at java.base/java.util.ArrayList$ArrayListSpliterator.forEachRemaining(ArrayList.java:1716)
	at java.base/java.util.stream.ReferencePipeline$Head.forEach(ReferencePipeline.java:807)
	at cn.edu.zju.crawler.DosingGuidelineCrawler.doCrawlerDosingGuidelineList(DosingGuidelineCrawler.java:30)
	at cn.edu.zju.crawler.GuidelineRefreshMain.main(GuidelineRefreshMain.java:7)
[main] INFO cn.edu.zju.crawler.DosingGuidelineCrawler - Saving dosing guideline: PA166227941 source=cpic evidence=4
[main] INFO cn.edu.zju.crawler.DosingGuidelineCrawler - {cpic=[{alternateDrugAvailable=false, dosingInformation=false, genes=SLC6A4, hasTestingInfo=false, otherPrescribingGuidance=false, pediatric=false, recommendation=false, source=CPIC, updatedDate=2024-06-25T01:19:36.027-07:00, url=/guidelineAnnotation/PA166288601}, {alternateDrugAvailable=false, dosingInformation=false, genes=HTR2A, hasTestingInfo=false, otherPrescribingGuidance=false, pediatric=false, recommendation=false, source=CPIC, updatedDate=2024-06-25T01:19:53.023-07:00, url=/guidelineAnnotation/PA166288582}], dpwg=[], drug={objCls=Chemical, id=PA166182150, name=levomilnacipran, version=3.0}, drugUrl=/drug/PA166182150, other=[]}
[main] INFO cn.edu.zju.dao.DosingGuidelineDao - 
com.mysql.cj.jdbc.exceptions.MysqlDataTruncation: Data truncation: Data too long for column 'name' at row 1
	at com.mysql.cj.jdbc.exceptions.SQLExceptionsMapping.translateException(SQLExceptionsMapping.java:104)
	at com.mysql.cj.jdbc.ClientPreparedStatement.executeInternal(ClientPreparedStatement.java:953)
	at com.mysql.cj.jdbc.ClientPreparedStatement.execute(ClientPreparedStatement.java:370)
	at cn.edu.zju.dao.DosingGuidelineDao.lambda$saveDosingGuideline$0(DosingGuidelineDao.java:42)
	at cn.edu.zju.dbutils.DBUtils.execSQL(DBUtils.java:41)
	at cn.edu.zju.dao.DosingGuidelineDao.saveDosingGuideline(DosingGuidelineDao.java:29)
	at cn.edu.zju.crawler.DosingGuidelineCrawler.doCrawlerDosingGuideline(DosingGuidelineCrawler.java:63)
	at cn.edu.zju.crawler.DosingGuidelineCrawler.lambda$doCrawlerDosingGuidelineList$2(DosingGuidelineCrawler.java:40)
	at java.base/java.util.ArrayList.forEach(ArrayList.java:1604)
	at cn.edu.zju.crawler.DosingGuidelineCrawler.lambda$doCrawlerDosingGuidelineList$1(DosingGuidelineCrawler.java:38)
	at java.base/java.lang.Iterable.forEach(Iterable.java:75)
	at cn.edu.zju.crawler.DosingGuidelineCrawler.lambda$doCrawlerDosingGuidelineList$0(DosingGuidelineCrawler.java:32)
	at java.base/java.util.ArrayList$ArrayListSpliterator.forEachRemaining(ArrayList.java:1716)
	at java.base/java.util.stream.ReferencePipeline$Head.forEach(ReferencePipeline.java:807)
	at cn.edu.zju.crawler.DosingGuidelineCrawler.doCrawlerDosingGuidelineList(DosingGuidelineCrawler.java:30)
	at cn.edu.zju.crawler.GuidelineRefreshMain.main(GuidelineRefreshMain.java:7)
[main] INFO cn.edu.zju.crawler.DosingGuidelineCrawler - Saving dosing guideline: PA166288601 source=cpic evidence=4
[main] INFO cn.edu.zju.dao.DosingGuidelineDao - 
com.mysql.cj.jdbc.exceptions.MysqlDataTruncation: Data truncation: Data too long for column 'name' at row 1
	at com.mysql.cj.jdbc.exceptions.SQLExceptionsMapping.translateException(SQLExceptionsMapping.java:104)
	at com.mysql.cj.jdbc.ClientPreparedStatement.executeInternal(ClientPreparedStatement.java:953)
	at com.mysql.cj.jdbc.ClientPreparedStatement.execute(ClientPreparedStatement.java:370)
	at cn.edu.zju.dao.DosingGuidelineDao.lambda$saveDosingGuideline$0(DosingGuidelineDao.java:42)
	at cn.edu.zju.dbutils.DBUtils.execSQL(DBUtils.java:41)
	at cn.edu.zju.dao.DosingGuidelineDao.saveDosingGuideline(DosingGuidelineDao.java:29)
	at cn.edu.zju.crawler.DosingGuidelineCrawler.doCrawlerDosingGuideline(DosingGuidelineCrawler.java:63)
	at cn.edu.zju.crawler.DosingGuidelineCrawler.lambda$doCrawlerDosingGuidelineList$2(DosingGuidelineCrawler.java:40)
	at java.base/java.util.ArrayList.forEach(ArrayList.java:1604)
	at cn.edu.zju.crawler.DosingGuidelineCrawler.lambda$doCrawlerDosingGuidelineList$1(DosingGuidelineCrawler.java:38)
	at java.base/java.lang.Iterable.forEach(Iterable.java:75)
	at cn.edu.zju.crawler.DosingGuidelineCrawler.lambda$doCrawlerDosingGuidelineList$0(DosingGuidelineCrawler.java:32)
	at java.base/java.util.ArrayList$ArrayListSpliterator.forEachRemaining(ArrayList.java:1716)
	at java.base/java.util.stream.ReferencePipeline$Head.forEach(ReferencePipeline.java:807)
	at cn.edu.zju.crawler.DosingGuidelineCrawler.doCrawlerDosingGuidelineList(DosingGuidelineCrawler.java:30)
	at cn.edu.zju.crawler.GuidelineRefreshMain.main(GuidelineRefreshMain.java:7)
[main] INFO cn.edu.zju.crawler.DosingGuidelineCrawler - Saving dosing guideline: PA166288582 source=cpic evidence=4
[main] INFO cn.edu.zju.crawler.DosingGuidelineCrawler - {cpic=[{alternateDrugAvailable=true, dosingInformation=true, genes=CYP2C9, hasTestingInfo=false, otherPrescribingGuidance=false, pediatric=true, recommendation=true, source=CPIC, updatedDate=2023-06-22T19:16:48.823-07:00, url=/guidelineAnnotation/PA166191841}], dpwg=[], drug={objCls=Chemical, id=PA165958395, name=lornoxicam, version=8.0}, drugUrl=/drug/PA165958395, other=[]}
[main] INFO cn.edu.zju.crawler.DosingGuidelineCrawler - Dosing guideline exists, metadata refresh id=PA166191841 updated=1 source=cpic evidence=3
[main] INFO cn.edu.zju.crawler.DosingGuidelineCrawler - {cpic=[{alternateDrugAvailable=true, dosingInformation=true, genes=SLCO1B1, hasTestingInfo=false, otherPrescribingGuidance=false, pediatric=true, recommendation=true, source=CPIC, updatedDate=2025-09-25T15:37:51.005-07:00, url=/guidelineAnnotation/PA166262241}, {alternateDrugAvailable=false, dosingInformation=false, genes=ABCG2, hasTestingInfo=false, otherPrescribingGuidance=false, pediatric=false, recommendation=false, source=CPIC, updatedDate=2022-09-22T14:17:24.774-07:00, url=/guidelineAnnotation/PA166262661}, {alternateDrugAvailable=false, dosingInformation=false, genes=CYP3A4, CYP3A5, HMGCR, hasTestingInfo=false, otherPrescribingGuidance=false, pediatric=false, recommendation=false, source=CPIC, updatedDate=2022-09-22T14:18:20.767-07:00, url=/guidelineAnnotation/PA166273401}], dpwg=[], drug={objCls=Chemical, id=PA450272, name=lovastatin, version=22.0}, drugUrl=/drug/PA450272, other=[]}
[main] INFO cn.edu.zju.crawler.DosingGuidelineCrawler - Saving dosing guideline: PA166262241 source=cpic evidence=4
[main] INFO cn.edu.zju.dao.DosingGuidelineDao - 
com.mysql.cj.jdbc.exceptions.MysqlDataTruncation: Data truncation: Data too long for column 'name' at row 1
	at com.mysql.cj.jdbc.exceptions.SQLExceptionsMapping.translateException(SQLExceptionsMapping.java:104)
	at com.mysql.cj.jdbc.ClientPreparedStatement.executeInternal(ClientPreparedStatement.java:953)
	at com.mysql.cj.jdbc.ClientPreparedStatement.execute(ClientPreparedStatement.java:370)
	at cn.edu.zju.dao.DosingGuidelineDao.lambda$saveDosingGuideline$0(DosingGuidelineDao.java:42)
	at cn.edu.zju.dbutils.DBUtils.execSQL(DBUtils.java:41)
	at cn.edu.zju.dao.DosingGuidelineDao.saveDosingGuideline(DosingGuidelineDao.java:29)
	at cn.edu.zju.crawler.DosingGuidelineCrawler.doCrawlerDosingGuideline(DosingGuidelineCrawler.java:63)
	at cn.edu.zju.crawler.DosingGuidelineCrawler.lambda$doCrawlerDosingGuidelineList$2(DosingGuidelineCrawler.java:40)
	at java.base/java.util.ArrayList.forEach(ArrayList.java:1604)
	at cn.edu.zju.crawler.DosingGuidelineCrawler.lambda$doCrawlerDosingGuidelineList$1(DosingGuidelineCrawler.java:38)
	at java.base/java.lang.Iterable.forEach(Iterable.java:75)
	at cn.edu.zju.crawler.DosingGuidelineCrawler.lambda$doCrawlerDosingGuidelineList$0(DosingGuidelineCrawler.java:32)
	at java.base/java.util.ArrayList$ArrayListSpliterator.forEachRemaining(ArrayList.java:1716)
	at java.base/java.util.stream.ReferencePipeline$Head.forEach(ReferencePipeline.java:807)
	at cn.edu.zju.crawler.DosingGuidelineCrawler.doCrawlerDosingGuidelineList(DosingGuidelineCrawler.java:30)
	at cn.edu.zju.crawler.GuidelineRefreshMain.main(GuidelineRefreshMain.java:7)
[main] INFO cn.edu.zju.crawler.DosingGuidelineCrawler - Saving dosing guideline: PA166262661 source=cpic evidence=3
[main] INFO cn.edu.zju.dao.DosingGuidelineDao - 
com.mysql.cj.jdbc.exceptions.MysqlDataTruncation: Data truncation: Data too long for column 'name' at row 1
	at com.mysql.cj.jdbc.exceptions.SQLExceptionsMapping.translateException(SQLExceptionsMapping.java:104)
	at com.mysql.cj.jdbc.ClientPreparedStatement.executeInternal(ClientPreparedStatement.java:953)
	at com.mysql.cj.jdbc.ClientPreparedStatement.execute(ClientPreparedStatement.java:370)
	at cn.edu.zju.dao.DosingGuidelineDao.lambda$saveDosingGuideline$0(DosingGuidelineDao.java:42)
	at cn.edu.zju.dbutils.DBUtils.execSQL(DBUtils.java:41)
	at cn.edu.zju.dao.DosingGuidelineDao.saveDosingGuideline(DosingGuidelineDao.java:29)
	at cn.edu.zju.crawler.DosingGuidelineCrawler.doCrawlerDosingGuideline(DosingGuidelineCrawler.java:63)
	at cn.edu.zju.crawler.DosingGuidelineCrawler.lambda$doCrawlerDosingGuidelineList$2(DosingGuidelineCrawler.java:40)
	at java.base/java.util.ArrayList.forEach(ArrayList.java:1604)
	at cn.edu.zju.crawler.DosingGuidelineCrawler.lambda$doCrawlerDosingGuidelineList$1(DosingGuidelineCrawler.java:38)
	at java.base/java.lang.Iterable.forEach(Iterable.java:75)
	at cn.edu.zju.crawler.DosingGuidelineCrawler.lambda$doCrawlerDosingGuidelineList$0(DosingGuidelineCrawler.java:32)
	at java.base/java.util.ArrayList$ArrayListSpliterator.forEachRemaining(ArrayList.java:1716)
	at java.base/java.util.stream.ReferencePipeline$Head.forEach(ReferencePipeline.java:807)
	at cn.edu.zju.crawler.DosingGuidelineCrawler.doCrawlerDosingGuidelineList(DosingGuidelineCrawler.java:30)
	at cn.edu.zju.crawler.GuidelineRefreshMain.main(GuidelineRefreshMain.java:7)
[main] INFO cn.edu.zju.crawler.DosingGuidelineCrawler - Saving dosing guideline: PA166273401 source=cpic evidence=4
[main] INFO cn.edu.zju.crawler.DosingGuidelineCrawler - {cpic=[{alternateDrugAvailable=false, dosingInformation=false, genes=CYP2C9, hasTestingInfo=false, otherPrescribingGuidance=false, pediatric=false, recommendation=false, source=CPIC, updatedDate=2021-12-10T11:11:00.330-08:00, url=/guidelineAnnotation/PA166222201}], dpwg=[], drug={objCls=Chemical, id=PA164769031, name=lumiracoxib, version=7.0}, drugUrl=/drug/PA164769031, other=[]}
[main] INFO cn.edu.zju.dao.DosingGuidelineDao - 
com.mysql.cj.jdbc.exceptions.MysqlDataTruncation: Data truncation: Data too long for column 'name' at row 1
	at com.mysql.cj.jdbc.exceptions.SQLExceptionsMapping.translateException(SQLExceptionsMapping.java:104)
	at com.mysql.cj.jdbc.ClientPreparedStatement.executeInternal(ClientPreparedStatement.java:953)
	at com.mysql.cj.jdbc.ClientPreparedStatement.execute(ClientPreparedStatement.java:370)
	at cn.edu.zju.dao.DosingGuidelineDao.lambda$saveDosingGuideline$0(DosingGuidelineDao.java:42)
	at cn.edu.zju.dbutils.DBUtils.execSQL(DBUtils.java:41)
	at cn.edu.zju.dao.DosingGuidelineDao.saveDosingGuideline(DosingGuidelineDao.java:29)
	at cn.edu.zju.crawler.DosingGuidelineCrawler.doCrawlerDosingGuideline(DosingGuidelineCrawler.java:63)
	at cn.edu.zju.crawler.DosingGuidelineCrawler.lambda$doCrawlerDosingGuidelineList$2(DosingGuidelineCrawler.java:40)
	at java.base/java.util.ArrayList.forEach(ArrayList.java:1604)
	at cn.edu.zju.crawler.DosingGuidelineCrawler.lambda$doCrawlerDosingGuidelineList$1(DosingGuidelineCrawler.java:38)
	at java.base/java.lang.Iterable.forEach(Iterable.java:75)
	at cn.edu.zju.crawler.DosingGuidelineCrawler.lambda$doCrawlerDosingGuidelineList$0(DosingGuidelineCrawler.java:32)
	at java.base/java.util.ArrayList$ArrayListSpliterator.forEachRemaining(ArrayList.java:1716)
	at java.base/java.util.stream.ReferencePipeline$Head.forEach(ReferencePipeline.java:807)
	at cn.edu.zju.crawler.DosingGuidelineCrawler.doCrawlerDosingGuidelineList(DosingGuidelineCrawler.java:30)
	at cn.edu.zju.crawler.GuidelineRefreshMain.main(GuidelineRefreshMain.java:7)
[main] INFO cn.edu.zju.crawler.DosingGuidelineCrawler - Saving dosing guideline: PA166222201 source=cpic evidence=4
[main] INFO cn.edu.zju.crawler.DosingGuidelineCrawler - {cpic=[{alternateDrugAvailable=false, dosingInformation=false, genes=G6PD, hasTestingInfo=false, otherPrescribingGuidance=false, pediatric=true, recommendation=false, source=CPIC, updatedDate=2025-03-20T10:28:17.183-07:00, url=/guidelineAnnotation/PA166279741}], dpwg=[], drug={objCls=Chemical, id=PA166114925, name=mafenide, version=4.0}, drugUrl=/drug/PA166114925, other=[]}
[main] INFO cn.edu.zju.dao.DosingGuidelineDao - 
com.mysql.cj.jdbc.exceptions.MysqlDataTruncation: Data truncation: Data too long for column 'name' at row 1
	at com.mysql.cj.jdbc.exceptions.SQLExceptionsMapping.translateException(SQLExceptionsMapping.java:104)
	at com.mysql.cj.jdbc.ClientPreparedStatement.executeInternal(ClientPreparedStatement.java:953)
	at com.mysql.cj.jdbc.ClientPreparedStatement.execute(ClientPreparedStatement.java:370)
	at cn.edu.zju.dao.DosingGuidelineDao.lambda$saveDosingGuideline$0(DosingGuidelineDao.java:42)
	at cn.edu.zju.dbutils.DBUtils.execSQL(DBUtils.java:41)
	at cn.edu.zju.dao.DosingGuidelineDao.saveDosingGuideline(DosingGuidelineDao.java:29)
	at cn.edu.zju.crawler.DosingGuidelineCrawler.doCrawlerDosingGuideline(DosingGuidelineCrawler.java:63)
	at cn.edu.zju.crawler.DosingGuidelineCrawler.lambda$doCrawlerDosingGuidelineList$2(DosingGuidelineCrawler.java:40)
	at java.base/java.util.ArrayList.forEach(ArrayList.java:1604)
	at cn.edu.zju.crawler.DosingGuidelineCrawler.lambda$doCrawlerDosingGuidelineList$1(DosingGuidelineCrawler.java:38)
	at java.base/java.lang.Iterable.forEach(Iterable.java:75)
	at cn.edu.zju.crawler.DosingGuidelineCrawler.lambda$doCrawlerDosingGuidelineList$0(DosingGuidelineCrawler.java:32)
	at java.base/java.util.ArrayList$ArrayListSpliterator.forEachRemaining(ArrayList.java:1716)
	at java.base/java.util.stream.ReferencePipeline$Head.forEach(ReferencePipeline.java:807)
	at cn.edu.zju.crawler.DosingGuidelineCrawler.doCrawlerDosingGuidelineList(DosingGuidelineCrawler.java:30)
	at cn.edu.zju.crawler.GuidelineRefreshMain.main(GuidelineRefreshMain.java:7)
[main] INFO cn.edu.zju.crawler.DosingGuidelineCrawler - Saving dosing guideline: PA166279741 source=cpic evidence=4
[main] INFO cn.edu.zju.crawler.DosingGuidelineCrawler - {cpic=[], dpwg=[{alternateDrugAvailable=true, dosingInformation=true, genes=CYP2C19, hasTestingInfo=true, otherPrescribingGuidance=false, pediatric=false, recommendation=true, source=DPWG, updatedDate=2025-09-08T00:00:00-07:00, url=/guidelineAnnotation/PA166418081}], drug={objCls=Chemical, id=PA166272922, name=mavacamten, version=3.0}, drugUrl=/drug/PA166272922, other=[{alternateDrugAvailable=false, dosingInformation=true, genes=CYP2C19, hasTestingInfo=true, otherPrescribingGuidance=false, pediatric=false, recommendation=true, source=RNPGx, updatedDate=2024-12-04T00:00:00-08:00, url=/guidelineAnnotation/PA166360361}]}
[main] INFO cn.edu.zju.crawler.DosingGuidelineCrawler - Saving dosing guideline: PA166418081 source=dpwg evidence=3
[main] INFO cn.edu.zju.crawler.DosingGuidelineCrawler - {cpic=[{alternateDrugAvailable=true, dosingInformation=true, genes=CYP2C9, hasTestingInfo=false, otherPrescribingGuidance=false, pediatric=true, recommendation=true, source=CPIC, updatedDate=2023-06-22T19:22:31.178-07:00, url=/guidelineAnnotation/PA166192301}], dpwg=[], drug={objCls=Chemical, id=PA450353, name=meloxicam, version=16.0}, drugUrl=/drug/PA450353, other=[]}
[main] INFO cn.edu.zju.crawler.DosingGuidelineCrawler - Saving dosing guideline: PA166192301 source=cpic evidence=3
[main] INFO cn.edu.zju.crawler.DosingGuidelineCrawler - {cpic=[{alternateDrugAvailable=false, dosingInformation=true, genes=NUDT15, TPMT, hasTestingInfo=false, otherPrescribingGuidance=true, pediatric=true, recommendation=true, source=CPIC, updatedDate=2026-02-04T01:52:40.830-08:00, url=/guidelineAnnotation/PA166104945}], dpwg=[{alternateDrugAvailable=true, dosingInformation=true, genes=TPMT, hasTestingInfo=true, otherPrescribingGuidance=true, pediatric=false, recommendation=true, source=DPWG, updatedDate=2025-12-19T07:51:18.101-08:00, url=/guidelineAnnotation/PA166104952}, {alternateDrugAvailable=true, dosingInformation=true, genes=NUDT15, hasTestingInfo=true, otherPrescribingGuidance=true, pediatric=false, recommendation=true, source=DPWG, updatedDate=2025-12-19T07:50:08.411-08:00, url=/guidelineAnnotation/PA166184613}], drug={objCls=Chemical, id=PA450379, name=mercaptopurine, version=33.0}, drugUrl=/drug/PA450379, other=[{alternateDrugAvailable=false, dosingInformation=false, genes=TPMT, hasTestingInfo=true, otherPrescribingGuidance=false, pediatric=false, recommendation=true, source=RNPGx, updatedDate=2022-04-05T14:09:45.109-07:00, url=/guidelineAnnotation/PA166202761}]}
[main] INFO cn.edu.zju.crawler.DosingGuidelineCrawler - Dosing guideline exists, metadata refresh id=PA166104945 updated=1 source=cpic evidence=4
[main] INFO cn.edu.zju.crawler.DosingGuidelineCrawler - Dosing guideline exists, metadata refresh id=PA166104952 updated=1 source=dpwg evidence=3
[main] INFO cn.edu.zju.crawler.DosingGuidelineCrawler - Dosing guideline exists, metadata refresh id=PA166184613 updated=1 source=dpwg evidence=4
[main] INFO cn.edu.zju.crawler.DosingGuidelineCrawler - {cpic=[{alternateDrugAvailable=false, dosingInformation=false, genes=G6PD, hasTestingInfo=false, otherPrescribingGuidance=false, pediatric=true, recommendation=false, source=CPIC, updatedDate=2024-05-15T09:44:05.862-07:00, url=/guidelineAnnotation/PA166279481}], dpwg=[], drug={objCls=Chemical, id=PA450384, name=mesalazine, version=9.0}, drugUrl=/drug/PA450384, other=[]}
[main] INFO cn.edu.zju.dao.DosingGuidelineDao - 
com.mysql.cj.jdbc.exceptions.MysqlDataTruncation: Data truncation: Data too long for column 'name' at row 1
	at com.mysql.cj.jdbc.exceptions.SQLExceptionsMapping.translateException(SQLExceptionsMapping.java:104)
	at com.mysql.cj.jdbc.ClientPreparedStatement.executeInternal(ClientPreparedStatement.java:953)
	at com.mysql.cj.jdbc.ClientPreparedStatement.execute(ClientPreparedStatement.java:370)
	at cn.edu.zju.dao.DosingGuidelineDao.lambda$saveDosingGuideline$0(DosingGuidelineDao.java:42)
	at cn.edu.zju.dbutils.DBUtils.execSQL(DBUtils.java:41)
	at cn.edu.zju.dao.DosingGuidelineDao.saveDosingGuideline(DosingGuidelineDao.java:29)
	at cn.edu.zju.crawler.DosingGuidelineCrawler.doCrawlerDosingGuideline(DosingGuidelineCrawler.java:63)
	at cn.edu.zju.crawler.DosingGuidelineCrawler.lambda$doCrawlerDosingGuidelineList$2(DosingGuidelineCrawler.java:40)
	at java.base/java.util.ArrayList.forEach(ArrayList.java:1604)
	at cn.edu.zju.crawler.DosingGuidelineCrawler.lambda$doCrawlerDosingGuidelineList$1(DosingGuidelineCrawler.java:38)
	at java.base/java.lang.Iterable.forEach(Iterable.java:75)
	at cn.edu.zju.crawler.DosingGuidelineCrawler.lambda$doCrawlerDosingGuidelineList$0(DosingGuidelineCrawler.java:32)
	at java.base/java.util.ArrayList$ArrayListSpliterator.forEachRemaining(ArrayList.java:1716)
	at java.base/java.util.stream.ReferencePipeline$Head.forEach(ReferencePipeline.java:807)
	at cn.edu.zju.crawler.DosingGuidelineCrawler.doCrawlerDosingGuidelineList(DosingGuidelineCrawler.java:30)
	at cn.edu.zju.crawler.GuidelineRefreshMain.main(GuidelineRefreshMain.java:7)
[main] INFO cn.edu.zju.crawler.DosingGuidelineCrawler - Saving dosing guideline: PA166279481 source=cpic evidence=4
[main] INFO cn.edu.zju.crawler.DosingGuidelineCrawler - {cpic=[{alternateDrugAvailable=false, dosingInformation=false, genes=COMT, CYP2D6, OPRM1, hasTestingInfo=false, otherPrescribingGuidance=false, pediatric=false, recommendation=false, source=CPIC, updatedDate=2021-11-29T15:42:35.821-08:00, url=/guidelineAnnotation/PA166228022}, {alternateDrugAvailable=false, dosingInformation=false, genes=CYP2B6, hasTestingInfo=false, otherPrescribingGuidance=false, pediatric=true, recommendation=false, source=CPIC, updatedDate=2024-08-26T12:19:29.198-07:00, url=/guidelineAnnotation/PA166345801}], dpwg=[], drug={objCls=Chemical, id=PA450401, name=methadone, version=19.0}, drugUrl=/drug/PA450401, other=[]}
[main] INFO cn.edu.zju.crawler.DosingGuidelineCrawler - Saving dosing guideline: PA166228022 source=cpic evidence=4
[main] INFO cn.edu.zju.crawler.DosingGuidelineCrawler - Saving dosing guideline: PA166345801 source=cpic evidence=4
[main] INFO cn.edu.zju.crawler.DosingGuidelineCrawler - {cpic=[], dpwg=[{alternateDrugAvailable=false, dosingInformation=false, genes=MTHFR, hasTestingInfo=false, otherPrescribingGuidance=false, pediatric=false, recommendation=false, source=DPWG, updatedDate=2024-03-29T11:48:45.270-07:00, url=/guidelineAnnotation/PA166265001}], drug={objCls=Chemical, id=PA450428, name=methotrexate, version=36.0}, drugUrl=/drug/PA450428, other=[{alternateDrugAvailable=false, dosingInformation=false, genes=ABCB1, MTHFR, SLC19A1, SLCO1B1, hasTestingInfo=false, otherPrescribingGuidance=false, pediatric=false, recommendation=false, source=RNPGx, updatedDate=2022-02-10T13:51:22.090-08:00, url=/guidelineAnnotation/PA166202781}]}
[main] INFO cn.edu.zju.crawler.DosingGuidelineCrawler - Saving dosing guideline: PA166265001 source=dpwg evidence=4
[main] INFO cn.edu.zju.crawler.DosingGuidelineCrawler - {cpic=[{alternateDrugAvailable=true, dosingInformation=false, genes=CACNA1S, RYR1, hasTestingInfo=false, otherPrescribingGuidance=true, pediatric=true, recommendation=true, source=CPIC, updatedDate=2023-12-13T13:21:05.189-08:00, url=/guidelineAnnotation/PA166303941}], dpwg=[], drug={objCls=Chemical, id=PA450434, name=methoxyflurane, version=9.0}, drugUrl=/drug/PA450434, other=[]}
[main] INFO cn.edu.zju.dao.DosingGuidelineDao - 
com.mysql.cj.jdbc.exceptions.MysqlDataTruncation: Data truncation: Data too long for column 'name' at row 1
	at com.mysql.cj.jdbc.exceptions.SQLExceptionsMapping.translateException(SQLExceptionsMapping.java:104)
	at com.mysql.cj.jdbc.ClientPreparedStatement.executeInternal(ClientPreparedStatement.java:953)
	at com.mysql.cj.jdbc.ClientPreparedStatement.execute(ClientPreparedStatement.java:370)
	at cn.edu.zju.dao.DosingGuidelineDao.lambda$saveDosingGuideline$0(DosingGuidelineDao.java:42)
	at cn.edu.zju.dbutils.DBUtils.execSQL(DBUtils.java:41)
	at cn.edu.zju.dao.DosingGuidelineDao.saveDosingGuideline(DosingGuidelineDao.java:29)
	at cn.edu.zju.crawler.DosingGuidelineCrawler.doCrawlerDosingGuideline(DosingGuidelineCrawler.java:63)
	at cn.edu.zju.crawler.DosingGuidelineCrawler.lambda$doCrawlerDosingGuidelineList$2(DosingGuidelineCrawler.java:40)
	at java.base/java.util.ArrayList.forEach(ArrayList.java:1604)
	at cn.edu.zju.crawler.DosingGuidelineCrawler.lambda$doCrawlerDosingGuidelineList$1(DosingGuidelineCrawler.java:38)
	at java.base/java.lang.Iterable.forEach(Iterable.java:75)
	at cn.edu.zju.crawler.DosingGuidelineCrawler.lambda$doCrawlerDosingGuidelineList$0(DosingGuidelineCrawler.java:32)
	at java.base/java.util.ArrayList$ArrayListSpliterator.forEachRemaining(ArrayList.java:1716)
	at java.base/java.util.stream.ReferencePipeline$Head.forEach(ReferencePipeline.java:807)
	at cn.edu.zju.crawler.DosingGuidelineCrawler.doCrawlerDosingGuidelineList(DosingGuidelineCrawler.java:30)
	at cn.edu.zju.crawler.GuidelineRefreshMain.main(GuidelineRefreshMain.java:7)
[main] INFO cn.edu.zju.crawler.DosingGuidelineCrawler - Saving dosing guideline: PA166303941 source=cpic evidence=4
[main] INFO cn.edu.zju.crawler.DosingGuidelineCrawler - {cpic=[{alternateDrugAvailable=true, dosingInformation=false, genes=G6PD, hasTestingInfo=false, otherPrescribingGuidance=true, pediatric=true, recommendation=true, source=CPIC, updatedDate=2024-05-15T09:41:39.548-07:00, url=/guidelineAnnotation/PA166119846}], dpwg=[], drug={objCls=Chemical, id=PA450457, name=methylene blue, version=8.0}, drugUrl=/drug/PA450457, other=[]}
[main] INFO cn.edu.zju.crawler.DosingGuidelineCrawler - Dosing guideline exists, metadata refresh id=PA166119846 updated=1 source=cpic evidence=3
[main] INFO cn.edu.zju.crawler.DosingGuidelineCrawler - {cpic=[], dpwg=[{alternateDrugAvailable=false, dosingInformation=false, genes=CYP2D6, hasTestingInfo=false, otherPrescribingGuidance=false, pediatric=false, recommendation=false, source=DPWG, updatedDate=2024-03-29T11:49:09.952-07:00, url=/guidelineAnnotation/PA166182808}, {alternateDrugAvailable=false, dosingInformation=false, genes=COMT, hasTestingInfo=false, otherPrescribingGuidance=false, pediatric=false, recommendation=false, source=DPWG, updatedDate=2024-03-19T05:42:03.901-07:00, url=/guidelineAnnotation/PA166264901}], drug={objCls=Chemical, id=PA450464, name=methylphenidate, version=10.0}, drugUrl=/drug/PA450464, other=[]}
[main] INFO cn.edu.zju.crawler.DosingGuidelineCrawler - Dosing guideline exists, metadata refresh id=PA166182808 updated=1 source=dpwg evidence=4
[main] INFO cn.edu.zju.crawler.DosingGuidelineCrawler - Saving dosing guideline: PA166264901 source=dpwg evidence=4
[main] INFO cn.edu.zju.crawler.DosingGuidelineCrawler - {cpic=[{alternateDrugAvailable=true, dosingInformation=false, genes=CYP2D6, hasTestingInfo=false, otherPrescribingGuidance=true, pediatric=true, recommendation=true, source=CPIC, updatedDate=2024-08-12T04:33:37.897-07:00, url=/guidelineAnnotation/PA166341321}, {alternateDrugAvailable=false, dosingInformation=false, genes=ADRA2C, ADRB1, GRK4, GRK5, hasTestingInfo=false, otherPrescribingGuidance=false, pediatric=false, recommendation=false, source=CPIC, updatedDate=2024-08-12T04:47:05.554-07:00, url=/guidelineAnnotation/PA166341522}], dpwg=[{alternateDrugAvailable=true, dosingInformation=true, genes=CYP2D6, hasTestingInfo=true, otherPrescribingGuidance=false, pediatric=false, recommendation=true, source=DPWG, updatedDate=2024-03-18T12:02:17.564-07:00, url=/guidelineAnnotation/PA166104995}], drug={objCls=Chemical, id=PA450480, name=metoprolol, version=17.0}, drugUrl=/drug/PA450480, other=[]}
[main] INFO cn.edu.zju.crawler.DosingGuidelineCrawler - Saving dosing guideline: PA166341321 source=cpic evidence=4
[main] INFO cn.edu.zju.dao.DosingGuidelineDao - 
com.mysql.cj.jdbc.exceptions.MysqlDataTruncation: Data truncation: Data too long for column 'name' at row 1
	at com.mysql.cj.jdbc.exceptions.SQLExceptionsMapping.translateException(SQLExceptionsMapping.java:104)
	at com.mysql.cj.jdbc.ClientPreparedStatement.executeInternal(ClientPreparedStatement.java:953)
	at com.mysql.cj.jdbc.ClientPreparedStatement.execute(ClientPreparedStatement.java:370)
	at cn.edu.zju.dao.DosingGuidelineDao.lambda$saveDosingGuideline$0(DosingGuidelineDao.java:42)
	at cn.edu.zju.dbutils.DBUtils.execSQL(DBUtils.java:41)
	at cn.edu.zju.dao.DosingGuidelineDao.saveDosingGuideline(DosingGuidelineDao.java:29)
	at cn.edu.zju.crawler.DosingGuidelineCrawler.doCrawlerDosingGuideline(DosingGuidelineCrawler.java:63)
	at cn.edu.zju.crawler.DosingGuidelineCrawler.lambda$doCrawlerDosingGuidelineList$2(DosingGuidelineCrawler.java:40)
	at java.base/java.util.ArrayList.forEach(ArrayList.java:1604)
	at cn.edu.zju.crawler.DosingGuidelineCrawler.lambda$doCrawlerDosingGuidelineList$1(DosingGuidelineCrawler.java:38)
	at java.base/java.lang.Iterable.forEach(Iterable.java:75)
	at cn.edu.zju.crawler.DosingGuidelineCrawler.lambda$doCrawlerDosingGuidelineList$0(DosingGuidelineCrawler.java:32)
	at java.base/java.util.ArrayList$ArrayListSpliterator.forEachRemaining(ArrayList.java:1716)
	at java.base/java.util.stream.ReferencePipeline$Head.forEach(ReferencePipeline.java:807)
	at cn.edu.zju.crawler.DosingGuidelineCrawler.doCrawlerDosingGuidelineList(DosingGuidelineCrawler.java:30)
	at cn.edu.zju.crawler.GuidelineRefreshMain.main(GuidelineRefreshMain.java:7)
[main] INFO cn.edu.zju.crawler.DosingGuidelineCrawler - Saving dosing guideline: PA166341522 source=cpic evidence=4
[main] INFO cn.edu.zju.crawler.DosingGuidelineCrawler - Dosing guideline exists, metadata refresh id=PA166104995 updated=1 source=dpwg evidence=4
[main] INFO cn.edu.zju.crawler.DosingGuidelineCrawler - {cpic=[{alternateDrugAvailable=false, dosingInformation=false, genes=SLC6A4, hasTestingInfo=false, otherPrescribingGuidance=false, pediatric=false, recommendation=false, source=CPIC, updatedDate=2024-06-25T01:19:36.027-07:00, url=/guidelineAnnotation/PA166288601}, {alternateDrugAvailable=false, dosingInformation=false, genes=HTR2A, hasTestingInfo=false, otherPrescribingGuidance=false, pediatric=false, recommendation=false, source=CPIC, updatedDate=2024-06-25T01:19:53.023-07:00, url=/guidelineAnnotation/PA166288582}], dpwg=[], drug={objCls=Chemical, id=PA164752812, name=milnacipran, version=8.0}, drugUrl=/drug/PA164752812, other=[]}
[main] INFO cn.edu.zju.dao.DosingGuidelineDao - 
com.mysql.cj.jdbc.exceptions.MysqlDataTruncation: Data truncation: Data too long for column 'name' at row 1
	at com.mysql.cj.jdbc.exceptions.SQLExceptionsMapping.translateException(SQLExceptionsMapping.java:104)
	at com.mysql.cj.jdbc.ClientPreparedStatement.executeInternal(ClientPreparedStatement.java:953)
	at com.mysql.cj.jdbc.ClientPreparedStatement.execute(ClientPreparedStatement.java:370)
	at cn.edu.zju.dao.DosingGuidelineDao.lambda$saveDosingGuideline$0(DosingGuidelineDao.java:42)
	at cn.edu.zju.dbutils.DBUtils.execSQL(DBUtils.java:41)
	at cn.edu.zju.dao.DosingGuidelineDao.saveDosingGuideline(DosingGuidelineDao.java:29)
	at cn.edu.zju.crawler.DosingGuidelineCrawler.doCrawlerDosingGuideline(DosingGuidelineCrawler.java:63)
	at cn.edu.zju.crawler.DosingGuidelineCrawler.lambda$doCrawlerDosingGuidelineList$2(DosingGuidelineCrawler.java:40)
	at java.base/java.util.ArrayList.forEach(ArrayList.java:1604)
	at cn.edu.zju.crawler.DosingGuidelineCrawler.lambda$doCrawlerDosingGuidelineList$1(DosingGuidelineCrawler.java:38)
	at java.base/java.lang.Iterable.forEach(Iterable.java:75)
	at cn.edu.zju.crawler.DosingGuidelineCrawler.lambda$doCrawlerDosingGuidelineList$0(DosingGuidelineCrawler.java:32)
	at java.base/java.util.ArrayList$ArrayListSpliterator.forEachRemaining(ArrayList.java:1716)
	at java.base/java.util.stream.ReferencePipeline$Head.forEach(ReferencePipeline.java:807)
	at cn.edu.zju.crawler.DosingGuidelineCrawler.doCrawlerDosingGuidelineList(DosingGuidelineCrawler.java:30)
	at cn.edu.zju.crawler.GuidelineRefreshMain.main(GuidelineRefreshMain.java:7)
[main] INFO cn.edu.zju.crawler.DosingGuidelineCrawler - Saving dosing guideline: PA166288601 source=cpic evidence=4
[main] INFO cn.edu.zju.dao.DosingGuidelineDao - 
com.mysql.cj.jdbc.exceptions.MysqlDataTruncation: Data truncation: Data too long for column 'name' at row 1
	at com.mysql.cj.jdbc.exceptions.SQLExceptionsMapping.translateException(SQLExceptionsMapping.java:104)
	at com.mysql.cj.jdbc.ClientPreparedStatement.executeInternal(ClientPreparedStatement.java:953)
	at com.mysql.cj.jdbc.ClientPreparedStatement.execute(ClientPreparedStatement.java:370)
	at cn.edu.zju.dao.DosingGuidelineDao.lambda$saveDosingGuideline$0(DosingGuidelineDao.java:42)
	at cn.edu.zju.dbutils.DBUtils.execSQL(DBUtils.java:41)
	at cn.edu.zju.dao.DosingGuidelineDao.saveDosingGuideline(DosingGuidelineDao.java:29)
	at cn.edu.zju.crawler.DosingGuidelineCrawler.doCrawlerDosingGuideline(DosingGuidelineCrawler.java:63)
	at cn.edu.zju.crawler.DosingGuidelineCrawler.lambda$doCrawlerDosingGuidelineList$2(DosingGuidelineCrawler.java:40)
	at java.base/java.util.ArrayList.forEach(ArrayList.java:1604)
	at cn.edu.zju.crawler.DosingGuidelineCrawler.lambda$doCrawlerDosingGuidelineList$1(DosingGuidelineCrawler.java:38)
	at java.base/java.lang.Iterable.forEach(Iterable.java:75)
	at cn.edu.zju.crawler.DosingGuidelineCrawler.lambda$doCrawlerDosingGuidelineList$0(DosingGuidelineCrawler.java:32)
	at java.base/java.util.ArrayList$ArrayListSpliterator.forEachRemaining(ArrayList.java:1716)
	at java.base/java.util.stream.ReferencePipeline$Head.forEach(ReferencePipeline.java:807)
	at cn.edu.zju.crawler.DosingGuidelineCrawler.doCrawlerDosingGuidelineList(DosingGuidelineCrawler.java:30)
	at cn.edu.zju.crawler.GuidelineRefreshMain.main(GuidelineRefreshMain.java:7)
[main] INFO cn.edu.zju.crawler.DosingGuidelineCrawler - Saving dosing guideline: PA166288582 source=cpic evidence=4
[main] INFO cn.edu.zju.crawler.DosingGuidelineCrawler - {cpic=[], dpwg=[{alternateDrugAvailable=false, dosingInformation=false, genes=CYP2C19, hasTestingInfo=false, otherPrescribingGuidance=false, pediatric=false, recommendation=false, source=DPWG, updatedDate=2024-07-09T10:20:03.819-07:00, url=/guidelineAnnotation/PA166182805}, {alternateDrugAvailable=false, dosingInformation=false, genes=CYP2D6, hasTestingInfo=false, otherPrescribingGuidance=false, pediatric=false, recommendation=false, source=DPWG, updatedDate=2024-07-09T10:22:28.564-07:00, url=/guidelineAnnotation/PA166104967}], drug={objCls=Chemical, id=PA450522, name=mirtazapine, version=9.0}, drugUrl=/drug/PA450522, other=[]}
[main] INFO cn.edu.zju.crawler.DosingGuidelineCrawler - Dosing guideline exists, metadata refresh id=PA166182805 updated=1 source=dpwg evidence=4
[main] INFO cn.edu.zju.crawler.DosingGuidelineCrawler - Dosing guideline exists, metadata refresh id=PA166104967 updated=1 source=dpwg evidence=3
[main] INFO cn.edu.zju.crawler.DosingGuidelineCrawler - {cpic=[], dpwg=[{alternateDrugAvailable=false, dosingInformation=false, genes=CYP2C19, hasTestingInfo=false, otherPrescribingGuidance=false, pediatric=false, recommendation=false, source=DPWG, updatedDate=2024-07-09T10:30:48.679-07:00, url=/guidelineAnnotation/PA166104941}], drug={objCls=Chemical, id=PA452615, name=moclobemide, version=8.0}, drugUrl=/drug/PA452615, other=[]}
[main] INFO cn.edu.zju.crawler.DosingGuidelineCrawler - Dosing guideline exists, metadata refresh id=PA166104941 updated=1 source=dpwg evidence=3
[main] INFO cn.edu.zju.crawler.DosingGuidelineCrawler - {cpic=[{alternateDrugAvailable=false, dosingInformation=false, genes=COMT, OPRM1, hasTestingInfo=false, otherPrescribingGuidance=false, pediatric=false, recommendation=false, source=CPIC, updatedDate=2021-11-29T15:42:20.114-08:00, url=/guidelineAnnotation/PA166227941}], dpwg=[], drug={objCls=Chemical, id=PA450550, name=morphine, version=16.0}, drugUrl=/drug/PA450550, other=[]}
[main] INFO cn.edu.zju.dao.DosingGuidelineDao - 
com.mysql.cj.jdbc.exceptions.MysqlDataTruncation: Data truncation: Data too long for column 'name' at row 1
	at com.mysql.cj.jdbc.exceptions.SQLExceptionsMapping.translateException(SQLExceptionsMapping.java:104)
	at com.mysql.cj.jdbc.ClientPreparedStatement.executeInternal(ClientPreparedStatement.java:953)
	at com.mysql.cj.jdbc.ClientPreparedStatement.execute(ClientPreparedStatement.java:370)
	at cn.edu.zju.dao.DosingGuidelineDao.lambda$saveDosingGuideline$0(DosingGuidelineDao.java:42)
	at cn.edu.zju.dbutils.DBUtils.execSQL(DBUtils.java:41)
	at cn.edu.zju.dao.DosingGuidelineDao.saveDosingGuideline(DosingGuidelineDao.java:29)
	at cn.edu.zju.crawler.DosingGuidelineCrawler.doCrawlerDosingGuideline(DosingGuidelineCrawler.java:63)
	at cn.edu.zju.crawler.DosingGuidelineCrawler.lambda$doCrawlerDosingGuidelineList$2(DosingGuidelineCrawler.java:40)
	at java.base/java.util.ArrayList.forEach(ArrayList.java:1604)
	at cn.edu.zju.crawler.DosingGuidelineCrawler.lambda$doCrawlerDosingGuidelineList$1(DosingGuidelineCrawler.java:38)
	at java.base/java.lang.Iterable.forEach(Iterable.java:75)
	at cn.edu.zju.crawler.DosingGuidelineCrawler.lambda$doCrawlerDosingGuidelineList$0(DosingGuidelineCrawler.java:32)
	at java.base/java.util.ArrayList$ArrayListSpliterator.forEachRemaining(ArrayList.java:1716)
	at java.base/java.util.stream.ReferencePipeline$Head.forEach(ReferencePipeline.java:807)
	at cn.edu.zju.crawler.DosingGuidelineCrawler.doCrawlerDosingGuidelineList(DosingGuidelineCrawler.java:30)
	at cn.edu.zju.crawler.GuidelineRefreshMain.main(GuidelineRefreshMain.java:7)
[main] INFO cn.edu.zju.crawler.DosingGuidelineCrawler - Saving dosing guideline: PA166227941 source=cpic evidence=4
[main] INFO cn.edu.zju.crawler.DosingGuidelineCrawler - {cpic=[{alternateDrugAvailable=false, dosingInformation=false, genes=G6PD, hasTestingInfo=false, otherPrescribingGuidance=false, pediatric=true, recommendation=false, source=CPIC, updatedDate=2024-05-15T09:44:05.862-07:00, url=/guidelineAnnotation/PA166279481}], dpwg=[], drug={objCls=Chemical, id=PA450555, name=moxifloxacin, version=7.0}, drugUrl=/drug/PA450555, other=[]}
[main] INFO cn.edu.zju.dao.DosingGuidelineDao - 
com.mysql.cj.jdbc.exceptions.MysqlDataTruncation: Data truncation: Data too long for column 'name' at row 1
	at com.mysql.cj.jdbc.exceptions.SQLExceptionsMapping.translateException(SQLExceptionsMapping.java:104)
	at com.mysql.cj.jdbc.ClientPreparedStatement.executeInternal(ClientPreparedStatement.java:953)
	at com.mysql.cj.jdbc.ClientPreparedStatement.execute(ClientPreparedStatement.java:370)
	at cn.edu.zju.dao.DosingGuidelineDao.lambda$saveDosingGuideline$0(DosingGuidelineDao.java:42)
	at cn.edu.zju.dbutils.DBUtils.execSQL(DBUtils.java:41)
	at cn.edu.zju.dao.DosingGuidelineDao.saveDosingGuideline(DosingGuidelineDao.java:29)
	at cn.edu.zju.crawler.DosingGuidelineCrawler.doCrawlerDosingGuideline(DosingGuidelineCrawler.java:63)
	at cn.edu.zju.crawler.DosingGuidelineCrawler.lambda$doCrawlerDosingGuidelineList$2(DosingGuidelineCrawler.java:40)
	at java.base/java.util.ArrayList.forEach(ArrayList.java:1604)
	at cn.edu.zju.crawler.DosingGuidelineCrawler.lambda$doCrawlerDosingGuidelineList$1(DosingGuidelineCrawler.java:38)
	at java.base/java.lang.Iterable.forEach(Iterable.java:75)
	at cn.edu.zju.crawler.DosingGuidelineCrawler.lambda$doCrawlerDosingGuidelineList$0(DosingGuidelineCrawler.java:32)
	at java.base/java.util.ArrayList$ArrayListSpliterator.forEachRemaining(ArrayList.java:1716)
	at java.base/java.util.stream.ReferencePipeline$Head.forEach(ReferencePipeline.java:807)
	at cn.edu.zju.crawler.DosingGuidelineCrawler.doCrawlerDosingGuidelineList(DosingGuidelineCrawler.java:30)
	at cn.edu.zju.crawler.GuidelineRefreshMain.main(GuidelineRefreshMain.java:7)
[main] INFO cn.edu.zju.crawler.DosingGuidelineCrawler - Saving dosing guideline: PA166279481 source=cpic evidence=4
[main] INFO cn.edu.zju.crawler.DosingGuidelineCrawler - {cpic=[{alternateDrugAvailable=false, dosingInformation=false, genes=CYP2C9, hasTestingInfo=false, otherPrescribingGuidance=false, pediatric=false, recommendation=false, source=CPIC, updatedDate=2021-12-10T11:11:00.330-08:00, url=/guidelineAnnotation/PA166222201}], dpwg=[], drug={objCls=Chemical, id=PA450572, name=nabumetone, version=12.0}, drugUrl=/drug/PA450572, other=[]}
[main] INFO cn.edu.zju.dao.DosingGuidelineDao - 
com.mysql.cj.jdbc.exceptions.MysqlDataTruncation: Data truncation: Data too long for column 'name' at row 1
	at com.mysql.cj.jdbc.exceptions.SQLExceptionsMapping.translateException(SQLExceptionsMapping.java:104)
	at com.mysql.cj.jdbc.ClientPreparedStatement.executeInternal(ClientPreparedStatement.java:953)
	at com.mysql.cj.jdbc.ClientPreparedStatement.execute(ClientPreparedStatement.java:370)
	at cn.edu.zju.dao.DosingGuidelineDao.lambda$saveDosingGuideline$0(DosingGuidelineDao.java:42)
	at cn.edu.zju.dbutils.DBUtils.execSQL(DBUtils.java:41)
	at cn.edu.zju.dao.DosingGuidelineDao.saveDosingGuideline(DosingGuidelineDao.java:29)
	at cn.edu.zju.crawler.DosingGuidelineCrawler.doCrawlerDosingGuideline(DosingGuidelineCrawler.java:63)
	at cn.edu.zju.crawler.DosingGuidelineCrawler.lambda$doCrawlerDosingGuidelineList$2(DosingGuidelineCrawler.java:40)
	at java.base/java.util.ArrayList.forEach(ArrayList.java:1604)
	at cn.edu.zju.crawler.DosingGuidelineCrawler.lambda$doCrawlerDosingGuidelineList$1(DosingGuidelineCrawler.java:38)
	at java.base/java.lang.Iterable.forEach(Iterable.java:75)
	at cn.edu.zju.crawler.DosingGuidelineCrawler.lambda$doCrawlerDosingGuidelineList$0(DosingGuidelineCrawler.java:32)
	at java.base/java.util.ArrayList$ArrayListSpliterator.forEachRemaining(ArrayList.java:1716)
	at java.base/java.util.stream.ReferencePipeline$Head.forEach(ReferencePipeline.java:807)
	at cn.edu.zju.crawler.DosingGuidelineCrawler.doCrawlerDosingGuidelineList(DosingGuidelineCrawler.java:30)
	at cn.edu.zju.crawler.GuidelineRefreshMain.main(GuidelineRefreshMain.java:7)
[main] INFO cn.edu.zju.crawler.DosingGuidelineCrawler - Saving dosing guideline: PA166222201 source=cpic evidence=4
[main] INFO cn.edu.zju.crawler.DosingGuidelineCrawler - {cpic=[{alternateDrugAvailable=false, dosingInformation=false, genes=ADRA2C, ADRB1, GRK4, GRK5, hasTestingInfo=false, otherPrescribingGuidance=false, pediatric=false, recommendation=false, source=CPIC, updatedDate=2024-08-12T04:47:05.554-07:00, url=/guidelineAnnotation/PA166341522}, {alternateDrugAvailable=false, dosingInformation=false, genes=ADRB2, hasTestingInfo=false, otherPrescribingGuidance=false, pediatric=false, recommendation=false, source=CPIC, updatedDate=2024-08-12T04:47:34.482-07:00, url=/guidelineAnnotation/PA166341524}], dpwg=[], drug={objCls=Chemical, id=PA450573, name=nadolol, version=12.0}, drugUrl=/drug/PA450573, other=[]}
[main] INFO cn.edu.zju.dao.DosingGuidelineDao - 
com.mysql.cj.jdbc.exceptions.MysqlDataTruncation: Data truncation: Data too long for column 'name' at row 1
	at com.mysql.cj.jdbc.exceptions.SQLExceptionsMapping.translateException(SQLExceptionsMapping.java:104)
	at com.mysql.cj.jdbc.ClientPreparedStatement.executeInternal(ClientPreparedStatement.java:953)
	at com.mysql.cj.jdbc.ClientPreparedStatement.execute(ClientPreparedStatement.java:370)
	at cn.edu.zju.dao.DosingGuidelineDao.lambda$saveDosingGuideline$0(DosingGuidelineDao.java:42)
	at cn.edu.zju.dbutils.DBUtils.execSQL(DBUtils.java:41)
	at cn.edu.zju.dao.DosingGuidelineDao.saveDosingGuideline(DosingGuidelineDao.java:29)
	at cn.edu.zju.crawler.DosingGuidelineCrawler.doCrawlerDosingGuideline(DosingGuidelineCrawler.java:63)
	at cn.edu.zju.crawler.DosingGuidelineCrawler.lambda$doCrawlerDosingGuidelineList$2(DosingGuidelineCrawler.java:40)
	at java.base/java.util.ArrayList.forEach(ArrayList.java:1604)
	at cn.edu.zju.crawler.DosingGuidelineCrawler.lambda$doCrawlerDosingGuidelineList$1(DosingGuidelineCrawler.java:38)
	at java.base/java.lang.Iterable.forEach(Iterable.java:75)
	at cn.edu.zju.crawler.DosingGuidelineCrawler.lambda$doCrawlerDosingGuidelineList$0(DosingGuidelineCrawler.java:32)
	at java.base/java.util.ArrayList$ArrayListSpliterator.forEachRemaining(ArrayList.java:1716)
	at java.base/java.util.stream.ReferencePipeline$Head.forEach(ReferencePipeline.java:807)
	at cn.edu.zju.crawler.DosingGuidelineCrawler.doCrawlerDosingGuidelineList(DosingGuidelineCrawler.java:30)
	at cn.edu.zju.crawler.GuidelineRefreshMain.main(GuidelineRefreshMain.java:7)
[main] INFO cn.edu.zju.crawler.DosingGuidelineCrawler - Saving dosing guideline: PA166341522 source=cpic evidence=4
[main] INFO cn.edu.zju.dao.DosingGuidelineDao - 
com.mysql.cj.jdbc.exceptions.MysqlDataTruncation: Data truncation: Data too long for column 'name' at row 1
	at com.mysql.cj.jdbc.exceptions.SQLExceptionsMapping.translateException(SQLExceptionsMapping.java:104)
	at com.mysql.cj.jdbc.ClientPreparedStatement.executeInternal(ClientPreparedStatement.java:953)
	at com.mysql.cj.jdbc.ClientPreparedStatement.execute(ClientPreparedStatement.java:370)
	at cn.edu.zju.dao.DosingGuidelineDao.lambda$saveDosingGuideline$0(DosingGuidelineDao.java:42)
	at cn.edu.zju.dbutils.DBUtils.execSQL(DBUtils.java:41)
	at cn.edu.zju.dao.DosingGuidelineDao.saveDosingGuideline(DosingGuidelineDao.java:29)
	at cn.edu.zju.crawler.DosingGuidelineCrawler.doCrawlerDosingGuideline(DosingGuidelineCrawler.java:63)
	at cn.edu.zju.crawler.DosingGuidelineCrawler.lambda$doCrawlerDosingGuidelineList$2(DosingGuidelineCrawler.java:40)
	at java.base/java.util.ArrayList.forEach(ArrayList.java:1604)
	at cn.edu.zju.crawler.DosingGuidelineCrawler.lambda$doCrawlerDosingGuidelineList$1(DosingGuidelineCrawler.java:38)
	at java.base/java.lang.Iterable.forEach(Iterable.java:75)
	at cn.edu.zju.crawler.DosingGuidelineCrawler.lambda$doCrawlerDosingGuidelineList$0(DosingGuidelineCrawler.java:32)
	at java.base/java.util.ArrayList$ArrayListSpliterator.forEachRemaining(ArrayList.java:1716)
	at java.base/java.util.stream.ReferencePipeline$Head.forEach(ReferencePipeline.java:807)
	at cn.edu.zju.crawler.DosingGuidelineCrawler.doCrawlerDosingGuidelineList(DosingGuidelineCrawler.java:30)
	at cn.edu.zju.crawler.GuidelineRefreshMain.main(GuidelineRefreshMain.java:7)
[main] INFO cn.edu.zju.crawler.DosingGuidelineCrawler - Saving dosing guideline: PA166341524 source=cpic evidence=4
[main] INFO cn.edu.zju.crawler.DosingGuidelineCrawler - {cpic=[{alternateDrugAvailable=false, dosingInformation=false, genes=G6PD, hasTestingInfo=false, otherPrescribingGuidance=false, pediatric=true, recommendation=false, source=CPIC, updatedDate=2025-03-20T10:28:17.183-07:00, url=/guidelineAnnotation/PA166279741}], dpwg=[], drug={objCls=Chemical, id=PA164746384, name=nalidixic acid, version=8.0}, drugUrl=/drug/PA164746384, other=[]}
[main] INFO cn.edu.zju.dao.DosingGuidelineDao - 
com.mysql.cj.jdbc.exceptions.MysqlDataTruncation: Data truncation: Data too long for column 'name' at row 1
	at com.mysql.cj.jdbc.exceptions.SQLExceptionsMapping.translateException(SQLExceptionsMapping.java:104)
	at com.mysql.cj.jdbc.ClientPreparedStatement.executeInternal(ClientPreparedStatement.java:953)
	at com.mysql.cj.jdbc.ClientPreparedStatement.execute(ClientPreparedStatement.java:370)
	at cn.edu.zju.dao.DosingGuidelineDao.lambda$saveDosingGuideline$0(DosingGuidelineDao.java:42)
	at cn.edu.zju.dbutils.DBUtils.execSQL(DBUtils.java:41)
	at cn.edu.zju.dao.DosingGuidelineDao.saveDosingGuideline(DosingGuidelineDao.java:29)
	at cn.edu.zju.crawler.DosingGuidelineCrawler.doCrawlerDosingGuideline(DosingGuidelineCrawler.java:63)
	at cn.edu.zju.crawler.DosingGuidelineCrawler.lambda$doCrawlerDosingGuidelineList$2(DosingGuidelineCrawler.java:40)
	at java.base/java.util.ArrayList.forEach(ArrayList.java:1604)
	at cn.edu.zju.crawler.DosingGuidelineCrawler.lambda$doCrawlerDosingGuidelineList$1(DosingGuidelineCrawler.java:38)
	at java.base/java.lang.Iterable.forEach(Iterable.java:75)
	at cn.edu.zju.crawler.DosingGuidelineCrawler.lambda$doCrawlerDosingGuidelineList$0(DosingGuidelineCrawler.java:32)
	at java.base/java.util.ArrayList$ArrayListSpliterator.forEachRemaining(ArrayList.java:1716)
	at java.base/java.util.stream.ReferencePipeline$Head.forEach(ReferencePipeline.java:807)
	at cn.edu.zju.crawler.DosingGuidelineCrawler.doCrawlerDosingGuidelineList(DosingGuidelineCrawler.java:30)
	at cn.edu.zju.crawler.GuidelineRefreshMain.main(GuidelineRefreshMain.java:7)
[main] INFO cn.edu.zju.crawler.DosingGuidelineCrawler - Saving dosing guideline: PA166279741 source=cpic evidence=4
[main] INFO cn.edu.zju.crawler.DosingGuidelineCrawler - {cpic=[{alternateDrugAvailable=false, dosingInformation=false, genes=COMT, OPRM1, hasTestingInfo=false, otherPrescribingGuidance=false, pediatric=false, recommendation=false, source=CPIC, updatedDate=2021-11-29T15:42:20.114-08:00, url=/guidelineAnnotation/PA166227941}], dpwg=[], drug={objCls=Chemical, id=PA450588, name=naltrexone, version=8.0}, drugUrl=/drug/PA450588, other=[]}
[main] INFO cn.edu.zju.dao.DosingGuidelineDao - 
com.mysql.cj.jdbc.exceptions.MysqlDataTruncation: Data truncation: Data too long for column 'name' at row 1
	at com.mysql.cj.jdbc.exceptions.SQLExceptionsMapping.translateException(SQLExceptionsMapping.java:104)
	at com.mysql.cj.jdbc.ClientPreparedStatement.executeInternal(ClientPreparedStatement.java:953)
	at com.mysql.cj.jdbc.ClientPreparedStatement.execute(ClientPreparedStatement.java:370)
	at cn.edu.zju.dao.DosingGuidelineDao.lambda$saveDosingGuideline$0(DosingGuidelineDao.java:42)
	at cn.edu.zju.dbutils.DBUtils.execSQL(DBUtils.java:41)
	at cn.edu.zju.dao.DosingGuidelineDao.saveDosingGuideline(DosingGuidelineDao.java:29)
	at cn.edu.zju.crawler.DosingGuidelineCrawler.doCrawlerDosingGuideline(DosingGuidelineCrawler.java:63)
	at cn.edu.zju.crawler.DosingGuidelineCrawler.lambda$doCrawlerDosingGuidelineList$2(DosingGuidelineCrawler.java:40)
	at java.base/java.util.ArrayList.forEach(ArrayList.java:1604)
	at cn.edu.zju.crawler.DosingGuidelineCrawler.lambda$doCrawlerDosingGuidelineList$1(DosingGuidelineCrawler.java:38)
	at java.base/java.lang.Iterable.forEach(Iterable.java:75)
	at cn.edu.zju.crawler.DosingGuidelineCrawler.lambda$doCrawlerDosingGuidelineList$0(DosingGuidelineCrawler.java:32)
	at java.base/java.util.ArrayList$ArrayListSpliterator.forEachRemaining(ArrayList.java:1716)
	at java.base/java.util.stream.ReferencePipeline$Head.forEach(ReferencePipeline.java:807)
	at cn.edu.zju.crawler.DosingGuidelineCrawler.doCrawlerDosingGuidelineList(DosingGuidelineCrawler.java:30)
	at cn.edu.zju.crawler.GuidelineRefreshMain.main(GuidelineRefreshMain.java:7)
[main] INFO cn.edu.zju.crawler.DosingGuidelineCrawler - Saving dosing guideline: PA166227941 source=cpic evidence=4
[main] INFO cn.edu.zju.crawler.DosingGuidelineCrawler - {cpic=[{alternateDrugAvailable=false, dosingInformation=false, genes=CYP2C9, hasTestingInfo=false, otherPrescribingGuidance=false, pediatric=false, recommendation=false, source=CPIC, updatedDate=2021-12-10T11:11:00.330-08:00, url=/guidelineAnnotation/PA166222201}], dpwg=[], drug={objCls=Chemical, id=PA450595, name=naproxen, version=14.0}, drugUrl=/drug/PA450595, other=[]}
[main] INFO cn.edu.zju.dao.DosingGuidelineDao - 
com.mysql.cj.jdbc.exceptions.MysqlDataTruncation: Data truncation: Data too long for column 'name' at row 1
	at com.mysql.cj.jdbc.exceptions.SQLExceptionsMapping.translateException(SQLExceptionsMapping.java:104)
	at com.mysql.cj.jdbc.ClientPreparedStatement.executeInternal(ClientPreparedStatement.java:953)
	at com.mysql.cj.jdbc.ClientPreparedStatement.execute(ClientPreparedStatement.java:370)
	at cn.edu.zju.dao.DosingGuidelineDao.lambda$saveDosingGuideline$0(DosingGuidelineDao.java:42)
	at cn.edu.zju.dbutils.DBUtils.execSQL(DBUtils.java:41)
	at cn.edu.zju.dao.DosingGuidelineDao.saveDosingGuideline(DosingGuidelineDao.java:29)
	at cn.edu.zju.crawler.DosingGuidelineCrawler.doCrawlerDosingGuideline(DosingGuidelineCrawler.java:63)
	at cn.edu.zju.crawler.DosingGuidelineCrawler.lambda$doCrawlerDosingGuidelineList$2(DosingGuidelineCrawler.java:40)
	at java.base/java.util.ArrayList.forEach(ArrayList.java:1604)
	at cn.edu.zju.crawler.DosingGuidelineCrawler.lambda$doCrawlerDosingGuidelineList$1(DosingGuidelineCrawler.java:38)
	at java.base/java.lang.Iterable.forEach(Iterable.java:75)
	at cn.edu.zju.crawler.DosingGuidelineCrawler.lambda$doCrawlerDosingGuidelineList$0(DosingGuidelineCrawler.java:32)
	at java.base/java.util.ArrayList$ArrayListSpliterator.forEachRemaining(ArrayList.java:1716)
	at java.base/java.util.stream.ReferencePipeline$Head.forEach(ReferencePipeline.java:807)
	at cn.edu.zju.crawler.DosingGuidelineCrawler.doCrawlerDosingGuidelineList(DosingGuidelineCrawler.java:30)
	at cn.edu.zju.crawler.GuidelineRefreshMain.main(GuidelineRefreshMain.java:7)
[main] INFO cn.edu.zju.crawler.DosingGuidelineCrawler - Saving dosing guideline: PA166222201 source=cpic evidence=4
[main] INFO cn.edu.zju.crawler.DosingGuidelineCrawler - {cpic=[{alternateDrugAvailable=false, dosingInformation=false, genes=ADRA2C, ADRB1, GRK4, GRK5, hasTestingInfo=false, otherPrescribingGuidance=false, pediatric=false, recommendation=false, source=CPIC, updatedDate=2024-08-12T04:47:05.554-07:00, url=/guidelineAnnotation/PA166341522}, {alternateDrugAvailable=false, dosingInformation=false, genes=CYP2D6, hasTestingInfo=false, otherPrescribingGuidance=false, pediatric=false, recommendation=false, source=CPIC, updatedDate=2024-08-12T04:47:19.610-07:00, url=/guidelineAnnotation/PA166341341}], dpwg=[], drug={objCls=Chemical, id=PA151958426, name=nebivolol, version=8.0}, drugUrl=/drug/PA151958426, other=[]}
[main] INFO cn.edu.zju.dao.DosingGuidelineDao - 
com.mysql.cj.jdbc.exceptions.MysqlDataTruncation: Data truncation: Data too long for column 'name' at row 1
	at com.mysql.cj.jdbc.exceptions.SQLExceptionsMapping.translateException(SQLExceptionsMapping.java:104)
	at com.mysql.cj.jdbc.ClientPreparedStatement.executeInternal(ClientPreparedStatement.java:953)
	at com.mysql.cj.jdbc.ClientPreparedStatement.execute(ClientPreparedStatement.java:370)
	at cn.edu.zju.dao.DosingGuidelineDao.lambda$saveDosingGuideline$0(DosingGuidelineDao.java:42)
	at cn.edu.zju.dbutils.DBUtils.execSQL(DBUtils.java:41)
	at cn.edu.zju.dao.DosingGuidelineDao.saveDosingGuideline(DosingGuidelineDao.java:29)
	at cn.edu.zju.crawler.DosingGuidelineCrawler.doCrawlerDosingGuideline(DosingGuidelineCrawler.java:63)
	at cn.edu.zju.crawler.DosingGuidelineCrawler.lambda$doCrawlerDosingGuidelineList$2(DosingGuidelineCrawler.java:40)
	at java.base/java.util.ArrayList.forEach(ArrayList.java:1604)
	at cn.edu.zju.crawler.DosingGuidelineCrawler.lambda$doCrawlerDosingGuidelineList$1(DosingGuidelineCrawler.java:38)
	at java.base/java.lang.Iterable.forEach(Iterable.java:75)
	at cn.edu.zju.crawler.DosingGuidelineCrawler.lambda$doCrawlerDosingGuidelineList$0(DosingGuidelineCrawler.java:32)
	at java.base/java.util.ArrayList$ArrayListSpliterator.forEachRemaining(ArrayList.java:1716)
	at java.base/java.util.stream.ReferencePipeline$Head.forEach(ReferencePipeline.java:807)
	at cn.edu.zju.crawler.DosingGuidelineCrawler.doCrawlerDosingGuidelineList(DosingGuidelineCrawler.java:30)
	at cn.edu.zju.crawler.GuidelineRefreshMain.main(GuidelineRefreshMain.java:7)
[main] INFO cn.edu.zju.crawler.DosingGuidelineCrawler - Saving dosing guideline: PA166341522 source=cpic evidence=4
[main] INFO cn.edu.zju.dao.DosingGuidelineDao - 
com.mysql.cj.jdbc.exceptions.MysqlDataTruncation: Data truncation: Data too long for column 'name' at row 1
	at com.mysql.cj.jdbc.exceptions.SQLExceptionsMapping.translateException(SQLExceptionsMapping.java:104)
	at com.mysql.cj.jdbc.ClientPreparedStatement.executeInternal(ClientPreparedStatement.java:953)
	at com.mysql.cj.jdbc.ClientPreparedStatement.execute(ClientPreparedStatement.java:370)
	at cn.edu.zju.dao.DosingGuidelineDao.lambda$saveDosingGuideline$0(DosingGuidelineDao.java:42)
	at cn.edu.zju.dbutils.DBUtils.execSQL(DBUtils.java:41)
	at cn.edu.zju.dao.DosingGuidelineDao.saveDosingGuideline(DosingGuidelineDao.java:29)
	at cn.edu.zju.crawler.DosingGuidelineCrawler.doCrawlerDosingGuideline(DosingGuidelineCrawler.java:63)
	at cn.edu.zju.crawler.DosingGuidelineCrawler.lambda$doCrawlerDosingGuidelineList$2(DosingGuidelineCrawler.java:40)
	at java.base/java.util.ArrayList.forEach(ArrayList.java:1604)
	at cn.edu.zju.crawler.DosingGuidelineCrawler.lambda$doCrawlerDosingGuidelineList$1(DosingGuidelineCrawler.java:38)
	at java.base/java.lang.Iterable.forEach(Iterable.java:75)
	at cn.edu.zju.crawler.DosingGuidelineCrawler.lambda$doCrawlerDosingGuidelineList$0(DosingGuidelineCrawler.java:32)
	at java.base/java.util.ArrayList$ArrayListSpliterator.forEachRemaining(ArrayList.java:1716)
	at java.base/java.util.stream.ReferencePipeline$Head.forEach(ReferencePipeline.java:807)
	at cn.edu.zju.crawler.DosingGuidelineCrawler.doCrawlerDosingGuidelineList(DosingGuidelineCrawler.java:30)
	at cn.edu.zju.crawler.GuidelineRefreshMain.main(GuidelineRefreshMain.java:7)
[main] INFO cn.edu.zju.crawler.DosingGuidelineCrawler - Saving dosing guideline: PA166341341 source=cpic evidence=4
[main] INFO cn.edu.zju.crawler.DosingGuidelineCrawler - {cpic=[{alternateDrugAvailable=true, dosingInformation=false, genes=MT-RNR1, hasTestingInfo=false, otherPrescribingGuidance=true, pediatric=true, recommendation=true, source=CPIC, updatedDate=2025-10-27T00:00:00-07:00, url=/guidelineAnnotation/PA166229081}], dpwg=[], drug={objCls=Chemical, id=PA450608, name=neomycin, version=9.0}, drugUrl=/drug/PA450608, other=[]}
[main] INFO cn.edu.zju.dao.DosingGuidelineDao - 
com.mysql.cj.jdbc.exceptions.MysqlDataTruncation: Data truncation: Data too long for column 'name' at row 1
	at com.mysql.cj.jdbc.exceptions.SQLExceptionsMapping.translateException(SQLExceptionsMapping.java:104)
	at com.mysql.cj.jdbc.ClientPreparedStatement.executeInternal(ClientPreparedStatement.java:953)
	at com.mysql.cj.jdbc.ClientPreparedStatement.execute(ClientPreparedStatement.java:370)
	at cn.edu.zju.dao.DosingGuidelineDao.lambda$saveDosingGuideline$0(DosingGuidelineDao.java:42)
	at cn.edu.zju.dbutils.DBUtils.execSQL(DBUtils.java:41)
	at cn.edu.zju.dao.DosingGuidelineDao.saveDosingGuideline(DosingGuidelineDao.java:29)
	at cn.edu.zju.crawler.DosingGuidelineCrawler.doCrawlerDosingGuideline(DosingGuidelineCrawler.java:63)
	at cn.edu.zju.crawler.DosingGuidelineCrawler.lambda$doCrawlerDosingGuidelineList$2(DosingGuidelineCrawler.java:40)
	at java.base/java.util.ArrayList.forEach(ArrayList.java:1604)
	at cn.edu.zju.crawler.DosingGuidelineCrawler.lambda$doCrawlerDosingGuidelineList$1(DosingGuidelineCrawler.java:38)
	at java.base/java.lang.Iterable.forEach(Iterable.java:75)
	at cn.edu.zju.crawler.DosingGuidelineCrawler.lambda$doCrawlerDosingGuidelineList$0(DosingGuidelineCrawler.java:32)
	at java.base/java.util.ArrayList$ArrayListSpliterator.forEachRemaining(ArrayList.java:1716)
	at java.base/java.util.stream.ReferencePipeline$Head.forEach(ReferencePipeline.java:807)
	at cn.edu.zju.crawler.DosingGuidelineCrawler.doCrawlerDosingGuidelineList(DosingGuidelineCrawler.java:30)
	at cn.edu.zju.crawler.GuidelineRefreshMain.main(GuidelineRefreshMain.java:7)
[main] INFO cn.edu.zju.crawler.DosingGuidelineCrawler - Saving dosing guideline: PA166229081 source=cpic evidence=3
[main] INFO cn.edu.zju.crawler.DosingGuidelineCrawler - {cpic=[{alternateDrugAvailable=true, dosingInformation=false, genes=MT-RNR1, hasTestingInfo=false, otherPrescribingGuidance=true, pediatric=true, recommendation=true, source=CPIC, updatedDate=2025-10-27T00:00:00-07:00, url=/guidelineAnnotation/PA166229081}], dpwg=[], drug={objCls=Chemical, id=PA164754913, name=netilmicin, version=7.0}, drugUrl=/drug/PA164754913, other=[]}
[main] INFO cn.edu.zju.dao.DosingGuidelineDao - 
com.mysql.cj.jdbc.exceptions.MysqlDataTruncation: Data truncation: Data too long for column 'name' at row 1
	at com.mysql.cj.jdbc.exceptions.SQLExceptionsMapping.translateException(SQLExceptionsMapping.java:104)
	at com.mysql.cj.jdbc.ClientPreparedStatement.executeInternal(ClientPreparedStatement.java:953)
	at com.mysql.cj.jdbc.ClientPreparedStatement.execute(ClientPreparedStatement.java:370)
	at cn.edu.zju.dao.DosingGuidelineDao.lambda$saveDosingGuideline$0(DosingGuidelineDao.java:42)
	at cn.edu.zju.dbutils.DBUtils.execSQL(DBUtils.java:41)
	at cn.edu.zju.dao.DosingGuidelineDao.saveDosingGuideline(DosingGuidelineDao.java:29)
	at cn.edu.zju.crawler.DosingGuidelineCrawler.doCrawlerDosingGuideline(DosingGuidelineCrawler.java:63)
	at cn.edu.zju.crawler.DosingGuidelineCrawler.lambda$doCrawlerDosingGuidelineList$2(DosingGuidelineCrawler.java:40)
	at java.base/java.util.ArrayList.forEach(ArrayList.java:1604)
	at cn.edu.zju.crawler.DosingGuidelineCrawler.lambda$doCrawlerDosingGuidelineList$1(DosingGuidelineCrawler.java:38)
	at java.base/java.lang.Iterable.forEach(Iterable.java:75)
	at cn.edu.zju.crawler.DosingGuidelineCrawler.lambda$doCrawlerDosingGuidelineList$0(DosingGuidelineCrawler.java:32)
	at java.base/java.util.ArrayList$ArrayListSpliterator.forEachRemaining(ArrayList.java:1716)
	at java.base/java.util.stream.ReferencePipeline$Head.forEach(ReferencePipeline.java:807)
	at cn.edu.zju.crawler.DosingGuidelineCrawler.doCrawlerDosingGuidelineList(DosingGuidelineCrawler.java:30)
	at cn.edu.zju.crawler.GuidelineRefreshMain.main(GuidelineRefreshMain.java:7)
[main] INFO cn.edu.zju.crawler.DosingGuidelineCrawler - Saving dosing guideline: PA166229081 source=cpic evidence=3
[main] INFO cn.edu.zju.crawler.DosingGuidelineCrawler - {cpic=[{alternateDrugAvailable=false, dosingInformation=false, genes=G6PD, hasTestingInfo=false, otherPrescribingGuidance=false, pediatric=true, recommendation=false, source=CPIC, updatedDate=2024-05-15T09:44:05.862-07:00, url=/guidelineAnnotation/PA166279481}], dpwg=[], drug={objCls=Chemical, id=PA166184081, name=nicorandil, version=3.0}, drugUrl=/drug/PA166184081, other=[]}
[main] INFO cn.edu.zju.dao.DosingGuidelineDao - 
com.mysql.cj.jdbc.exceptions.MysqlDataTruncation: Data truncation: Data too long for column 'name' at row 1
	at com.mysql.cj.jdbc.exceptions.SQLExceptionsMapping.translateException(SQLExceptionsMapping.java:104)
	at com.mysql.cj.jdbc.ClientPreparedStatement.executeInternal(ClientPreparedStatement.java:953)
	at com.mysql.cj.jdbc.ClientPreparedStatement.execute(ClientPreparedStatement.java:370)
	at cn.edu.zju.dao.DosingGuidelineDao.lambda$saveDosingGuideline$0(DosingGuidelineDao.java:42)
	at cn.edu.zju.dbutils.DBUtils.execSQL(DBUtils.java:41)
	at cn.edu.zju.dao.DosingGuidelineDao.saveDosingGuideline(DosingGuidelineDao.java:29)
	at cn.edu.zju.crawler.DosingGuidelineCrawler.doCrawlerDosingGuideline(DosingGuidelineCrawler.java:63)
	at cn.edu.zju.crawler.DosingGuidelineCrawler.lambda$doCrawlerDosingGuidelineList$2(DosingGuidelineCrawler.java:40)
	at java.base/java.util.ArrayList.forEach(ArrayList.java:1604)
	at cn.edu.zju.crawler.DosingGuidelineCrawler.lambda$doCrawlerDosingGuidelineList$1(DosingGuidelineCrawler.java:38)
	at java.base/java.lang.Iterable.forEach(Iterable.java:75)
	at cn.edu.zju.crawler.DosingGuidelineCrawler.lambda$doCrawlerDosingGuidelineList$0(DosingGuidelineCrawler.java:32)
	at java.base/java.util.ArrayList$ArrayListSpliterator.forEachRemaining(ArrayList.java:1716)
	at java.base/java.util.stream.ReferencePipeline$Head.forEach(ReferencePipeline.java:807)
	at cn.edu.zju.crawler.DosingGuidelineCrawler.doCrawlerDosingGuidelineList(DosingGuidelineCrawler.java:30)
	at cn.edu.zju.crawler.GuidelineRefreshMain.main(GuidelineRefreshMain.java:7)
[main] INFO cn.edu.zju.crawler.DosingGuidelineCrawler - Saving dosing guideline: PA166279481 source=cpic evidence=4
[main] INFO cn.edu.zju.crawler.DosingGuidelineCrawler - {cpic=[{alternateDrugAvailable=true, dosingInformation=false, genes=G6PD, hasTestingInfo=false, otherPrescribingGuidance=true, pediatric=true, recommendation=true, source=CPIC, updatedDate=2024-05-15T09:42:07.572-07:00, url=/guidelineAnnotation/PA166279721}], dpwg=[], drug={objCls=Chemical, id=PA450640, name=nitrofurantoin, version=8.0}, drugUrl=/drug/PA450640, other=[]}
[main] INFO cn.edu.zju.crawler.DosingGuidelineCrawler - Saving dosing guideline: PA166279721 source=cpic evidence=4
[main] INFO cn.edu.zju.crawler.DosingGuidelineCrawler - {cpic=[{alternateDrugAvailable=false, dosingInformation=false, genes=G6PD, hasTestingInfo=false, otherPrescribingGuidance=false, pediatric=true, recommendation=false, source=CPIC, updatedDate=2024-05-15T09:44:05.862-07:00, url=/guidelineAnnotation/PA166279481}], dpwg=[], drug={objCls=Chemical, id=PA164754877, name=nitrofurazone, version=7.0}, drugUrl=/drug/PA164754877, other=[]}
[main] INFO cn.edu.zju.dao.DosingGuidelineDao - 
com.mysql.cj.jdbc.exceptions.MysqlDataTruncation: Data truncation: Data too long for column 'name' at row 1
	at com.mysql.cj.jdbc.exceptions.SQLExceptionsMapping.translateException(SQLExceptionsMapping.java:104)
	at com.mysql.cj.jdbc.ClientPreparedStatement.executeInternal(ClientPreparedStatement.java:953)
	at com.mysql.cj.jdbc.ClientPreparedStatement.execute(ClientPreparedStatement.java:370)
	at cn.edu.zju.dao.DosingGuidelineDao.lambda$saveDosingGuideline$0(DosingGuidelineDao.java:42)
	at cn.edu.zju.dbutils.DBUtils.execSQL(DBUtils.java:41)
	at cn.edu.zju.dao.DosingGuidelineDao.saveDosingGuideline(DosingGuidelineDao.java:29)
	at cn.edu.zju.crawler.DosingGuidelineCrawler.doCrawlerDosingGuideline(DosingGuidelineCrawler.java:63)
	at cn.edu.zju.crawler.DosingGuidelineCrawler.lambda$doCrawlerDosingGuidelineList$2(DosingGuidelineCrawler.java:40)
	at java.base/java.util.ArrayList.forEach(ArrayList.java:1604)
	at cn.edu.zju.crawler.DosingGuidelineCrawler.lambda$doCrawlerDosingGuidelineList$1(DosingGuidelineCrawler.java:38)
	at java.base/java.lang.Iterable.forEach(Iterable.java:75)
	at cn.edu.zju.crawler.DosingGuidelineCrawler.lambda$doCrawlerDosingGuidelineList$0(DosingGuidelineCrawler.java:32)
	at java.base/java.util.ArrayList$ArrayListSpliterator.forEachRemaining(ArrayList.java:1716)
	at java.base/java.util.stream.ReferencePipeline$Head.forEach(ReferencePipeline.java:807)
	at cn.edu.zju.crawler.DosingGuidelineCrawler.doCrawlerDosingGuidelineList(DosingGuidelineCrawler.java:30)
	at cn.edu.zju.crawler.GuidelineRefreshMain.main(GuidelineRefreshMain.java:7)
[main] INFO cn.edu.zju.crawler.DosingGuidelineCrawler - Saving dosing guideline: PA166279481 source=cpic evidence=4
[main] INFO cn.edu.zju.crawler.DosingGuidelineCrawler - {cpic=[{alternateDrugAvailable=false, dosingInformation=false, genes=G6PD, hasTestingInfo=false, otherPrescribingGuidance=false, pediatric=true, recommendation=false, source=CPIC, updatedDate=2025-03-20T10:28:17.183-07:00, url=/guidelineAnnotation/PA166279741}], dpwg=[], drug={objCls=Chemical, id=PA450654, name=norfloxacin, version=7.0}, drugUrl=/drug/PA450654, other=[]}
[main] INFO cn.edu.zju.dao.DosingGuidelineDao - 
com.mysql.cj.jdbc.exceptions.MysqlDataTruncation: Data truncation: Data too long for column 'name' at row 1
	at com.mysql.cj.jdbc.exceptions.SQLExceptionsMapping.translateException(SQLExceptionsMapping.java:104)
	at com.mysql.cj.jdbc.ClientPreparedStatement.executeInternal(ClientPreparedStatement.java:953)
	at com.mysql.cj.jdbc.ClientPreparedStatement.execute(ClientPreparedStatement.java:370)
	at cn.edu.zju.dao.DosingGuidelineDao.lambda$saveDosingGuideline$0(DosingGuidelineDao.java:42)
	at cn.edu.zju.dbutils.DBUtils.execSQL(DBUtils.java:41)
	at cn.edu.zju.dao.DosingGuidelineDao.saveDosingGuideline(DosingGuidelineDao.java:29)
	at cn.edu.zju.crawler.DosingGuidelineCrawler.doCrawlerDosingGuideline(DosingGuidelineCrawler.java:63)
	at cn.edu.zju.crawler.DosingGuidelineCrawler.lambda$doCrawlerDosingGuidelineList$2(DosingGuidelineCrawler.java:40)
	at java.base/java.util.ArrayList.forEach(ArrayList.java:1604)
	at cn.edu.zju.crawler.DosingGuidelineCrawler.lambda$doCrawlerDosingGuidelineList$1(DosingGuidelineCrawler.java:38)
	at java.base/java.lang.Iterable.forEach(Iterable.java:75)
	at cn.edu.zju.crawler.DosingGuidelineCrawler.lambda$doCrawlerDosingGuidelineList$0(DosingGuidelineCrawler.java:32)
	at java.base/java.util.ArrayList$ArrayListSpliterator.forEachRemaining(ArrayList.java:1716)
	at java.base/java.util.stream.ReferencePipeline$Head.forEach(ReferencePipeline.java:807)
	at cn.edu.zju.crawler.DosingGuidelineCrawler.doCrawlerDosingGuidelineList(DosingGuidelineCrawler.java:30)
	at cn.edu.zju.crawler.GuidelineRefreshMain.main(GuidelineRefreshMain.java:7)
[main] INFO cn.edu.zju.crawler.DosingGuidelineCrawler - Saving dosing guideline: PA166279741 source=cpic evidence=4
[main] INFO cn.edu.zju.crawler.DosingGuidelineCrawler - {cpic=[{alternateDrugAvailable=true, dosingInformation=true, genes=CYP2D6, hasTestingInfo=false, otherPrescribingGuidance=false, pediatric=true, recommendation=true, source=CPIC, updatedDate=2021-06-11T13:37:05.272-07:00, url=/guidelineAnnotation/PA166104998}], dpwg=[{alternateDrugAvailable=true, dosingInformation=true, genes=CYP2D6, hasTestingInfo=true, otherPrescribingGuidance=true, pediatric=false, recommendation=true, source=DPWG, updatedDate=2025-11-11T14:32:31.335-08:00, url=/guidelineAnnotation/PA166104961}], drug={objCls=Chemical, id=PA450657, name=nortriptyline, version=9.0}, drugUrl=/drug/PA450657, other=[]}
[main] INFO cn.edu.zju.crawler.DosingGuidelineCrawler - Dosing guideline exists, metadata refresh id=PA166104998 updated=1 source=cpic evidence=4
[main] INFO cn.edu.zju.crawler.DosingGuidelineCrawler - Dosing guideline exists, metadata refresh id=PA166104961 updated=1 source=dpwg evidence=4
[main] INFO cn.edu.zju.crawler.DosingGuidelineCrawler - {cpic=[{alternateDrugAvailable=false, dosingInformation=false, genes=G6PD, hasTestingInfo=false, otherPrescribingGuidance=false, pediatric=true, recommendation=false, source=CPIC, updatedDate=2025-03-20T10:28:17.183-07:00, url=/guidelineAnnotation/PA166279741}], dpwg=[], drug={objCls=Chemical, id=PA450684, name=ofloxacin, version=7.0}, drugUrl=/drug/PA450684, other=[]}
[main] INFO cn.edu.zju.dao.DosingGuidelineDao - 
com.mysql.cj.jdbc.exceptions.MysqlDataTruncation: Data truncation: Data too long for column 'name' at row 1
	at com.mysql.cj.jdbc.exceptions.SQLExceptionsMapping.translateException(SQLExceptionsMapping.java:104)
	at com.mysql.cj.jdbc.ClientPreparedStatement.executeInternal(ClientPreparedStatement.java:953)
	at com.mysql.cj.jdbc.ClientPreparedStatement.execute(ClientPreparedStatement.java:370)
	at cn.edu.zju.dao.DosingGuidelineDao.lambda$saveDosingGuideline$0(DosingGuidelineDao.java:42)
	at cn.edu.zju.dbutils.DBUtils.execSQL(DBUtils.java:41)
	at cn.edu.zju.dao.DosingGuidelineDao.saveDosingGuideline(DosingGuidelineDao.java:29)
	at cn.edu.zju.crawler.DosingGuidelineCrawler.doCrawlerDosingGuideline(DosingGuidelineCrawler.java:63)
	at cn.edu.zju.crawler.DosingGuidelineCrawler.lambda$doCrawlerDosingGuidelineList$2(DosingGuidelineCrawler.java:40)
	at java.base/java.util.ArrayList.forEach(ArrayList.java:1604)
	at cn.edu.zju.crawler.DosingGuidelineCrawler.lambda$doCrawlerDosingGuidelineList$1(DosingGuidelineCrawler.java:38)
	at java.base/java.lang.Iterable.forEach(Iterable.java:75)
	at cn.edu.zju.crawler.DosingGuidelineCrawler.lambda$doCrawlerDosingGuidelineList$0(DosingGuidelineCrawler.java:32)
	at java.base/java.util.ArrayList$ArrayListSpliterator.forEachRemaining(ArrayList.java:1716)
	at java.base/java.util.stream.ReferencePipeline$Head.forEach(ReferencePipeline.java:807)
	at cn.edu.zju.crawler.DosingGuidelineCrawler.doCrawlerDosingGuidelineList(DosingGuidelineCrawler.java:30)
	at cn.edu.zju.crawler.GuidelineRefreshMain.main(GuidelineRefreshMain.java:7)
[main] INFO cn.edu.zju.crawler.DosingGuidelineCrawler - Saving dosing guideline: PA166279741 source=cpic evidence=4
[main] INFO cn.edu.zju.crawler.DosingGuidelineCrawler - {cpic=[], dpwg=[{alternateDrugAvailable=false, dosingInformation=false, genes=CYP2D6, hasTestingInfo=false, otherPrescribingGuidance=false, pediatric=false, recommendation=false, source=DPWG, updatedDate=2024-03-29T11:50:38.679-07:00, url=/guidelineAnnotation/PA166104946}, {alternateDrugAvailable=false, dosingInformation=false, genes=CYP1A2, hasTestingInfo=false, otherPrescribingGuidance=false, pediatric=false, recommendation=false, source=DPWG, updatedDate=2024-03-29T11:50:53.012-07:00, url=/guidelineAnnotation/PA166265221}], drug={objCls=Chemical, id=PA450688, name=olanzapine, version=8.0}, drugUrl=/drug/PA450688, other=[]}
[main] INFO cn.edu.zju.crawler.DosingGuidelineCrawler - Dosing guideline exists, metadata refresh id=PA166104946 updated=1 source=dpwg evidence=3
[main] INFO cn.edu.zju.crawler.DosingGuidelineCrawler - Saving dosing guideline: PA166265221 source=dpwg evidence=4
[main] INFO cn.edu.zju.crawler.DosingGuidelineCrawler - {cpic=[{alternateDrugAvailable=false, dosingInformation=true, genes=CYP2C19, hasTestingInfo=false, otherPrescribingGuidance=false, pediatric=true, recommendation=true, source=CPIC, updatedDate=2026-03-27T23:03:34.684-07:00, url=/guidelineAnnotation/PA166219103}], dpwg=[{alternateDrugAvailable=false, dosingInformation=true, genes=CYP2C19, hasTestingInfo=true, otherPrescribingGuidance=true, pediatric=false, recommendation=true, source=DPWG, updatedDate=2026-02-09T12:34:36.769-08:00, url=/guidelineAnnotation/PA166104957}], drug={objCls=Chemical, id=PA450704, name=omeprazole, version=23.0}, drugUrl=/drug/PA450704, other=[]}
[main] INFO cn.edu.zju.crawler.DosingGuidelineCrawler - Dosing guideline exists, metadata refresh id=PA166219103 updated=1 source=cpic evidence=3
[main] INFO cn.edu.zju.crawler.DosingGuidelineCrawler - Dosing guideline exists, metadata refresh id=PA166104957 updated=1 source=dpwg evidence=3
[main] INFO cn.edu.zju.crawler.DosingGuidelineCrawler - {cpic=[{alternateDrugAvailable=true, dosingInformation=false, genes=CYP2D6, hasTestingInfo=false, otherPrescribingGuidance=false, pediatric=true, recommendation=true, source=CPIC, updatedDate=2023-06-22T22:35:48.579-07:00, url=/guidelineAnnotation/PA166161954}], dpwg=[], drug={objCls=Chemical, id=PA450705, name=ondansetron, version=11.0}, drugUrl=/drug/PA450705, other=[]}
[main] INFO cn.edu.zju.crawler.DosingGuidelineCrawler - Dosing guideline exists, metadata refresh id=PA166161954 updated=1 source=cpic evidence=3
[main] INFO cn.edu.zju.crawler.DosingGuidelineCrawler - {cpic=[{alternateDrugAvailable=true, dosingInformation=false, genes=HLA-B, hasTestingInfo=false, otherPrescribingGuidance=true, pediatric=false, recommendation=true, source=CPIC, updatedDate=2023-06-22T18:44:50.566-07:00, url=/guidelineAnnotation/PA166176623}], dpwg=[{alternateDrugAvailable=true, dosingInformation=false, genes=HLA-B, hasTestingInfo=true, otherPrescribingGuidance=true, pediatric=false, recommendation=true, source=DPWG, updatedDate=2026-04-06T06:36:36.346-07:00, url=/guidelineAnnotation/PA166265201}], drug={objCls=Chemical, id=PA450732, name=oxcarbazepine, version=11.0}, drugUrl=/drug/PA450732, other=[{alternateDrugAvailable=false, dosingInformation=false, genes=HLA-A, HLA-B, hasTestingInfo=false, otherPrescribingGuidance=false, pediatric=false, recommendation=true, source=RNPGx, url=/guidelineAnnotation/PA166422201}]}
[main] INFO cn.edu.zju.crawler.DosingGuidelineCrawler - Dosing guideline exists, metadata refresh id=PA166176623 updated=1 source=cpic evidence=3
[main] INFO cn.edu.zju.crawler.DosingGuidelineCrawler - Saving dosing guideline: PA166265201 source=dpwg evidence=4
[main] INFO cn.edu.zju.crawler.DosingGuidelineCrawler - {cpic=[{alternateDrugAvailable=false, dosingInformation=false, genes=COMT, CYP2D6, OPRM1, hasTestingInfo=false, otherPrescribingGuidance=false, pediatric=false, recommendation=false, source=CPIC, updatedDate=2021-11-29T15:42:35.821-08:00, url=/guidelineAnnotation/PA166228022}], dpwg=[{alternateDrugAvailable=false, dosingInformation=false, genes=CYP2D6, hasTestingInfo=false, otherPrescribingGuidance=false, pediatric=false, recommendation=false, source=DPWG, updatedDate=2024-03-29T11:51:13.440-07:00, url=/guidelineAnnotation/PA166104973}], drug={objCls=Chemical, id=PA450741, name=oxycodone, version=10.0}, drugUrl=/drug/PA450741, other=[]}
[main] INFO cn.edu.zju.crawler.DosingGuidelineCrawler - Dosing guideline exists, metadata refresh id=PA166228022 updated=1 source=cpic evidence=4
[main] INFO cn.edu.zju.crawler.DosingGuidelineCrawler - Dosing guideline exists, metadata refresh id=PA166104973 updated=1 source=dpwg evidence=3
[main] INFO cn.edu.zju.crawler.DosingGuidelineCrawler - {cpic=[], dpwg=[{alternateDrugAvailable=false, dosingInformation=false, genes=CYP3A4, hasTestingInfo=false, otherPrescribingGuidance=false, pediatric=false, recommendation=false, source=DPWG, updatedDate=2024-03-29T11:51:28.256-07:00, url=/guidelineAnnotation/PA166265202}], drug={objCls=Chemical, id=PA450761, name=paclitaxel, version=22.0}, drugUrl=/drug/PA450761, other=[]}
[main] INFO cn.edu.zju.crawler.DosingGuidelineCrawler - Saving dosing guideline: PA166265202 source=dpwg evidence=4
[main] INFO cn.edu.zju.crawler.DosingGuidelineCrawler - {cpic=[{alternateDrugAvailable=false, dosingInformation=true, genes=CYP2C19, hasTestingInfo=false, otherPrescribingGuidance=false, pediatric=true, recommendation=true, source=CPIC, updatedDate=2026-03-27T23:03:34.684-07:00, url=/guidelineAnnotation/PA166219103}], dpwg=[{alternateDrugAvailable=false, dosingInformation=true, genes=CYP2C19, hasTestingInfo=true, otherPrescribingGuidance=true, pediatric=false, recommendation=true, source=DPWG, updatedDate=2026-02-09T12:46:41.451-08:00, url=/guidelineAnnotation/PA166104958}], drug={objCls=Chemical, id=PA450774, name=pantoprazole, version=17.0}, drugUrl=/drug/PA450774, other=[]}
[main] INFO cn.edu.zju.crawler.DosingGuidelineCrawler - Dosing guideline exists, metadata refresh id=PA166219103 updated=1 source=cpic evidence=3
[main] INFO cn.edu.zju.crawler.DosingGuidelineCrawler - Dosing guideline exists, metadata refresh id=PA166104958 updated=1 source=dpwg evidence=3
[main] INFO cn.edu.zju.crawler.DosingGuidelineCrawler - {cpic=[{alternateDrugAvailable=true, dosingInformation=false, genes=MT-RNR1, hasTestingInfo=false, otherPrescribingGuidance=true, pediatric=true, recommendation=true, source=CPIC, updatedDate=2025-10-27T00:00:00-07:00, url=/guidelineAnnotation/PA166229081}], dpwg=[], drug={objCls=Chemical, id=PA164784023, name=paromomycin, version=7.0}, drugUrl=/drug/PA164784023, other=[]}
[main] INFO cn.edu.zju.dao.DosingGuidelineDao - 
com.mysql.cj.jdbc.exceptions.MysqlDataTruncation: Data truncation: Data too long for column 'name' at row 1
	at com.mysql.cj.jdbc.exceptions.SQLExceptionsMapping.translateException(SQLExceptionsMapping.java:104)
	at com.mysql.cj.jdbc.ClientPreparedStatement.executeInternal(ClientPreparedStatement.java:953)
	at com.mysql.cj.jdbc.ClientPreparedStatement.execute(ClientPreparedStatement.java:370)
	at cn.edu.zju.dao.DosingGuidelineDao.lambda$saveDosingGuideline$0(DosingGuidelineDao.java:42)
	at cn.edu.zju.dbutils.DBUtils.execSQL(DBUtils.java:41)
	at cn.edu.zju.dao.DosingGuidelineDao.saveDosingGuideline(DosingGuidelineDao.java:29)
	at cn.edu.zju.crawler.DosingGuidelineCrawler.doCrawlerDosingGuideline(DosingGuidelineCrawler.java:63)
	at cn.edu.zju.crawler.DosingGuidelineCrawler.lambda$doCrawlerDosingGuidelineList$2(DosingGuidelineCrawler.java:40)
	at java.base/java.util.ArrayList.forEach(ArrayList.java:1604)
	at cn.edu.zju.crawler.DosingGuidelineCrawler.lambda$doCrawlerDosingGuidelineList$1(DosingGuidelineCrawler.java:38)
	at java.base/java.lang.Iterable.forEach(Iterable.java:75)
	at cn.edu.zju.crawler.DosingGuidelineCrawler.lambda$doCrawlerDosingGuidelineList$0(DosingGuidelineCrawler.java:32)
	at java.base/java.util.ArrayList$ArrayListSpliterator.forEachRemaining(ArrayList.java:1716)
	at java.base/java.util.stream.ReferencePipeline$Head.forEach(ReferencePipeline.java:807)
	at cn.edu.zju.crawler.DosingGuidelineCrawler.doCrawlerDosingGuidelineList(DosingGuidelineCrawler.java:30)
	at cn.edu.zju.crawler.GuidelineRefreshMain.main(GuidelineRefreshMain.java:7)
[main] INFO cn.edu.zju.crawler.DosingGuidelineCrawler - Saving dosing guideline: PA166229081 source=cpic evidence=3
[main] INFO cn.edu.zju.crawler.DosingGuidelineCrawler - {cpic=[{alternateDrugAvailable=true, dosingInformation=true, genes=CYP2D6, hasTestingInfo=false, otherPrescribingGuidance=false, pediatric=true, recommendation=true, source=CPIC, updatedDate=2024-06-26T03:38:00.482-07:00, url=/guidelineAnnotation/PA166127636}, {alternateDrugAvailable=false, dosingInformation=false, genes=SLC6A4, hasTestingInfo=false, otherPrescribingGuidance=false, pediatric=false, recommendation=false, source=CPIC, updatedDate=2024-06-25T01:19:36.027-07:00, url=/guidelineAnnotation/PA166288601}, {alternateDrugAvailable=false, dosingInformation=false, genes=HTR2A, hasTestingInfo=false, otherPrescribingGuidance=false, pediatric=false, recommendation=false, source=CPIC, updatedDate=2024-06-25T01:19:53.023-07:00, url=/guidelineAnnotation/PA166288582}], dpwg=[{alternateDrugAvailable=true, dosingInformation=false, genes=CYP2D6, hasTestingInfo=true, otherPrescribingGuidance=false, pediatric=false, recommendation=true, source=DPWG, updatedDate=2024-03-19T11:13:27.301-07:00, url=/guidelineAnnotation/PA166104976}], drug={objCls=Chemical, id=PA450801, name=paroxetine, version=17.0}, drugUrl=/drug/PA450801, other=[]}
[main] INFO cn.edu.zju.crawler.DosingGuidelineCrawler - Dosing guideline exists, metadata refresh id=PA166127636 updated=1 source=cpic evidence=2A
[main] INFO cn.edu.zju.dao.DosingGuidelineDao - 
com.mysql.cj.jdbc.exceptions.MysqlDataTruncation: Data truncation: Data too long for column 'name' at row 1
	at com.mysql.cj.jdbc.exceptions.SQLExceptionsMapping.translateException(SQLExceptionsMapping.java:104)
	at com.mysql.cj.jdbc.ClientPreparedStatement.executeInternal(ClientPreparedStatement.java:953)
	at com.mysql.cj.jdbc.ClientPreparedStatement.execute(ClientPreparedStatement.java:370)
	at cn.edu.zju.dao.DosingGuidelineDao.lambda$saveDosingGuideline$0(DosingGuidelineDao.java:42)
	at cn.edu.zju.dbutils.DBUtils.execSQL(DBUtils.java:41)
	at cn.edu.zju.dao.DosingGuidelineDao.saveDosingGuideline(DosingGuidelineDao.java:29)
	at cn.edu.zju.crawler.DosingGuidelineCrawler.doCrawlerDosingGuideline(DosingGuidelineCrawler.java:63)
	at cn.edu.zju.crawler.DosingGuidelineCrawler.lambda$doCrawlerDosingGuidelineList$2(DosingGuidelineCrawler.java:40)
	at java.base/java.util.ArrayList.forEach(ArrayList.java:1604)
	at cn.edu.zju.crawler.DosingGuidelineCrawler.lambda$doCrawlerDosingGuidelineList$1(DosingGuidelineCrawler.java:38)
	at java.base/java.lang.Iterable.forEach(Iterable.java:75)
	at cn.edu.zju.crawler.DosingGuidelineCrawler.lambda$doCrawlerDosingGuidelineList$0(DosingGuidelineCrawler.java:32)
	at java.base/java.util.ArrayList$ArrayListSpliterator.forEachRemaining(ArrayList.java:1716)
	at java.base/java.util.stream.ReferencePipeline$Head.forEach(ReferencePipeline.java:807)
	at cn.edu.zju.crawler.DosingGuidelineCrawler.doCrawlerDosingGuidelineList(DosingGuidelineCrawler.java:30)
	at cn.edu.zju.crawler.GuidelineRefreshMain.main(GuidelineRefreshMain.java:7)
[main] INFO cn.edu.zju.crawler.DosingGuidelineCrawler - Saving dosing guideline: PA166288601 source=cpic evidence=4
[main] INFO cn.edu.zju.dao.DosingGuidelineDao - 
com.mysql.cj.jdbc.exceptions.MysqlDataTruncation: Data truncation: Data too long for column 'name' at row 1
	at com.mysql.cj.jdbc.exceptions.SQLExceptionsMapping.translateException(SQLExceptionsMapping.java:104)
	at com.mysql.cj.jdbc.ClientPreparedStatement.executeInternal(ClientPreparedStatement.java:953)
	at com.mysql.cj.jdbc.ClientPreparedStatement.execute(ClientPreparedStatement.java:370)
	at cn.edu.zju.dao.DosingGuidelineDao.lambda$saveDosingGuideline$0(DosingGuidelineDao.java:42)
	at cn.edu.zju.dbutils.DBUtils.execSQL(DBUtils.java:41)
	at cn.edu.zju.dao.DosingGuidelineDao.saveDosingGuideline(DosingGuidelineDao.java:29)
	at cn.edu.zju.crawler.DosingGuidelineCrawler.doCrawlerDosingGuideline(DosingGuidelineCrawler.java:63)
	at cn.edu.zju.crawler.DosingGuidelineCrawler.lambda$doCrawlerDosingGuidelineList$2(DosingGuidelineCrawler.java:40)
	at java.base/java.util.ArrayList.forEach(ArrayList.java:1604)
	at cn.edu.zju.crawler.DosingGuidelineCrawler.lambda$doCrawlerDosingGuidelineList$1(DosingGuidelineCrawler.java:38)
	at java.base/java.lang.Iterable.forEach(Iterable.java:75)
	at cn.edu.zju.crawler.DosingGuidelineCrawler.lambda$doCrawlerDosingGuidelineList$0(DosingGuidelineCrawler.java:32)
	at java.base/java.util.ArrayList$ArrayListSpliterator.forEachRemaining(ArrayList.java:1716)
	at java.base/java.util.stream.ReferencePipeline$Head.forEach(ReferencePipeline.java:807)
	at cn.edu.zju.crawler.DosingGuidelineCrawler.doCrawlerDosingGuidelineList(DosingGuidelineCrawler.java:30)
	at cn.edu.zju.crawler.GuidelineRefreshMain.main(GuidelineRefreshMain.java:7)
[main] INFO cn.edu.zju.crawler.DosingGuidelineCrawler - Saving dosing guideline: PA166288582 source=cpic evidence=4
[main] INFO cn.edu.zju.crawler.DosingGuidelineCrawler - Dosing guideline exists, metadata refresh id=PA166104976 updated=1 source=dpwg evidence=4
[main] INFO cn.edu.zju.crawler.DosingGuidelineCrawler - {cpic=[{alternateDrugAvailable=false, dosingInformation=false, genes=IFNL3, hasTestingInfo=false, otherPrescribingGuidance=false, pediatric=false, recommendation=true, source=CPIC, updatedDate=2023-02-28T11:21:24.771-08:00, url=/guidelineAnnotation/PA166110235}], dpwg=[], drug={objCls=Chemical, id=PA164749390, name=peginterferon alfa-2a, version=7.0}, drugUrl=/drug/PA164749390, other=[]}
[main] INFO cn.edu.zju.crawler.DosingGuidelineCrawler - Dosing guideline exists, metadata refresh id=PA166110235 updated=1 source=cpic evidence=4
[main] INFO cn.edu.zju.crawler.DosingGuidelineCrawler - {cpic=[{alternateDrugAvailable=false, dosingInformation=false, genes=IFNL3, hasTestingInfo=false, otherPrescribingGuidance=false, pediatric=false, recommendation=true, source=CPIC, updatedDate=2023-02-28T11:21:24.771-08:00, url=/guidelineAnnotation/PA166110235}], dpwg=[], drug={objCls=Chemical, id=PA164784024, name=peginterferon alfa-2b, version=8.0}, drugUrl=/drug/PA164784024, other=[]}
[main] INFO cn.edu.zju.crawler.DosingGuidelineCrawler - Dosing guideline exists, metadata refresh id=PA166110235 updated=1 source=cpic evidence=4
[main] INFO cn.edu.zju.crawler.DosingGuidelineCrawler - {cpic=[{alternateDrugAvailable=true, dosingInformation=false, genes=G6PD, hasTestingInfo=false, otherPrescribingGuidance=true, pediatric=true, recommendation=true, source=CPIC, updatedDate=2024-05-15T09:41:39.548-07:00, url=/guidelineAnnotation/PA166119846}], dpwg=[], drug={objCls=Chemical, id=PA165963961, name=pegloticase, version=6.0}, drugUrl=/drug/PA165963961, other=[]}
[main] INFO cn.edu.zju.crawler.DosingGuidelineCrawler - Dosing guideline exists, metadata refresh id=PA166119846 updated=1 source=cpic evidence=3
[main] INFO cn.edu.zju.crawler.DosingGuidelineCrawler - {cpic=[{alternateDrugAvailable=false, dosingInformation=false, genes=G6PD, hasTestingInfo=false, otherPrescribingGuidance=false, pediatric=true, recommendation=false, source=CPIC, updatedDate=2025-03-20T10:28:17.183-07:00, url=/guidelineAnnotation/PA166279741}], dpwg=[], drug={objCls=Chemical, id=PA164746899, name=phenazopyridine, version=7.0}, drugUrl=/drug/PA164746899, other=[]}
[main] INFO cn.edu.zju.dao.DosingGuidelineDao - 
com.mysql.cj.jdbc.exceptions.MysqlDataTruncation: Data truncation: Data too long for column 'name' at row 1
	at com.mysql.cj.jdbc.exceptions.SQLExceptionsMapping.translateException(SQLExceptionsMapping.java:104)
	at com.mysql.cj.jdbc.ClientPreparedStatement.executeInternal(ClientPreparedStatement.java:953)
	at com.mysql.cj.jdbc.ClientPreparedStatement.execute(ClientPreparedStatement.java:370)
	at cn.edu.zju.dao.DosingGuidelineDao.lambda$saveDosingGuideline$0(DosingGuidelineDao.java:42)
	at cn.edu.zju.dbutils.DBUtils.execSQL(DBUtils.java:41)
	at cn.edu.zju.dao.DosingGuidelineDao.saveDosingGuideline(DosingGuidelineDao.java:29)
	at cn.edu.zju.crawler.DosingGuidelineCrawler.doCrawlerDosingGuideline(DosingGuidelineCrawler.java:63)
	at cn.edu.zju.crawler.DosingGuidelineCrawler.lambda$doCrawlerDosingGuidelineList$2(DosingGuidelineCrawler.java:40)
	at java.base/java.util.ArrayList.forEach(ArrayList.java:1604)
	at cn.edu.zju.crawler.DosingGuidelineCrawler.lambda$doCrawlerDosingGuidelineList$1(DosingGuidelineCrawler.java:38)
	at java.base/java.lang.Iterable.forEach(Iterable.java:75)
	at cn.edu.zju.crawler.DosingGuidelineCrawler.lambda$doCrawlerDosingGuidelineList$0(DosingGuidelineCrawler.java:32)
	at java.base/java.util.ArrayList$ArrayListSpliterator.forEachRemaining(ArrayList.java:1716)
	at java.base/java.util.stream.ReferencePipeline$Head.forEach(ReferencePipeline.java:807)
	at cn.edu.zju.crawler.DosingGuidelineCrawler.doCrawlerDosingGuidelineList(DosingGuidelineCrawler.java:30)
	at cn.edu.zju.crawler.GuidelineRefreshMain.main(GuidelineRefreshMain.java:7)
[main] INFO cn.edu.zju.crawler.DosingGuidelineCrawler - Saving dosing guideline: PA166279741 source=cpic evidence=4
[main] INFO cn.edu.zju.crawler.DosingGuidelineCrawler - {cpic=[], dpwg=[{alternateDrugAvailable=false, dosingInformation=false, genes=CYP2C9, hasTestingInfo=false, otherPrescribingGuidance=false, pediatric=false, recommendation=false, source=DPWG, updatedDate=2024-03-29T11:51:53.024-07:00, url=/guidelineAnnotation/PA166105004}, {alternateDrugAvailable=false, dosingInformation=true, genes=VKORC1, hasTestingInfo=true, otherPrescribingGuidance=false, pediatric=false, recommendation=true, source=DPWG, updatedDate=2024-03-22T09:05:40.567-07:00, url=/guidelineAnnotation/PA166104940}], drug={objCls=Chemical, id=PA450921, name=phenprocoumon, version=8.0}, drugUrl=/drug/PA450921, other=[]}
[main] INFO cn.edu.zju.crawler.DosingGuidelineCrawler - Dosing guideline exists, metadata refresh id=PA166105004 updated=1 source=dpwg evidence=3
[main] INFO cn.edu.zju.crawler.DosingGuidelineCrawler - Dosing guideline exists, metadata refresh id=PA166104940 updated=1 source=dpwg evidence=3
[main] INFO cn.edu.zju.crawler.DosingGuidelineCrawler - {cpic=[{alternateDrugAvailable=true, dosingInformation=true, genes=CYP2C9, HLA-B, hasTestingInfo=false, otherPrescribingGuidance=true, pediatric=true, recommendation=true, source=CPIC, updatedDate=2023-06-22T18:53:41.536-07:00, url=/guidelineAnnotation/PA166122806}], dpwg=[{alternateDrugAvailable=false, dosingInformation=true, genes=CYP2C9, hasTestingInfo=true, otherPrescribingGuidance=true, pediatric=false, recommendation=true, source=DPWG, updatedDate=2025-04-25T13:55:48.781-07:00, url=/guidelineAnnotation/PA166104984}, {alternateDrugAvailable=true, dosingInformation=false, genes=HLA-B, hasTestingInfo=true, otherPrescribingGuidance=true, pediatric=false, recommendation=true, source=DPWG, updatedDate=2025-04-25T17:42:48.122-07:00, url=/guidelineAnnotation/PA166264881}], drug={objCls=Chemical, id=PA450947, name=phenytoin, version=16.0}, drugUrl=/drug/PA450947, other=[]}
[main] INFO cn.edu.zju.crawler.DosingGuidelineCrawler - Dosing guideline exists, metadata refresh id=PA166122806 updated=1 source=cpic evidence=3
[main] INFO cn.edu.zju.crawler.DosingGuidelineCrawler - Dosing guideline exists, metadata refresh id=PA166104984 updated=1 source=dpwg evidence=3
[main] INFO cn.edu.zju.crawler.DosingGuidelineCrawler - Saving dosing guideline: PA166264881 source=dpwg evidence=4
[main] INFO cn.edu.zju.crawler.DosingGuidelineCrawler - {cpic=[], dpwg=[{alternateDrugAvailable=false, dosingInformation=true, genes=CYP2D6, hasTestingInfo=true, otherPrescribingGuidance=false, pediatric=true, recommendation=true, source=DPWG, updatedDate=2024-03-18T08:59:00.899-07:00, url=/guidelineAnnotation/PA166182819}], drug={objCls=Chemical, id=PA450965, name=pimozide, version=13.0}, drugUrl=/drug/PA450965, other=[]}
[main] INFO cn.edu.zju.crawler.DosingGuidelineCrawler - Dosing guideline exists, metadata refresh id=PA166182819 updated=1 source=dpwg evidence=3
[main] INFO cn.edu.zju.crawler.DosingGuidelineCrawler - {cpic=[{alternateDrugAvailable=false, dosingInformation=false, genes=ADRA2C, ADRB1, GRK4, GRK5, hasTestingInfo=false, otherPrescribingGuidance=false, pediatric=false, recommendation=false, source=CPIC, updatedDate=2024-08-12T04:47:05.554-07:00, url=/guidelineAnnotation/PA166341522}, {alternateDrugAvailable=false, dosingInformation=false, genes=ADRB2, hasTestingInfo=false, otherPrescribingGuidance=false, pediatric=false, recommendation=false, source=CPIC, updatedDate=2024-08-12T04:47:34.482-07:00, url=/guidelineAnnotation/PA166341524}], dpwg=[], drug={objCls=Chemical, id=PA450966, name=pindolol, version=10.0}, drugUrl=/drug/PA450966, other=[]}
[main] INFO cn.edu.zju.dao.DosingGuidelineDao - 
com.mysql.cj.jdbc.exceptions.MysqlDataTruncation: Data truncation: Data too long for column 'name' at row 1
	at com.mysql.cj.jdbc.exceptions.SQLExceptionsMapping.translateException(SQLExceptionsMapping.java:104)
	at com.mysql.cj.jdbc.ClientPreparedStatement.executeInternal(ClientPreparedStatement.java:953)
	at com.mysql.cj.jdbc.ClientPreparedStatement.execute(ClientPreparedStatement.java:370)
	at cn.edu.zju.dao.DosingGuidelineDao.lambda$saveDosingGuideline$0(DosingGuidelineDao.java:42)
	at cn.edu.zju.dbutils.DBUtils.execSQL(DBUtils.java:41)
	at cn.edu.zju.dao.DosingGuidelineDao.saveDosingGuideline(DosingGuidelineDao.java:29)
	at cn.edu.zju.crawler.DosingGuidelineCrawler.doCrawlerDosingGuideline(DosingGuidelineCrawler.java:63)
	at cn.edu.zju.crawler.DosingGuidelineCrawler.lambda$doCrawlerDosingGuidelineList$2(DosingGuidelineCrawler.java:40)
	at java.base/java.util.ArrayList.forEach(ArrayList.java:1604)
	at cn.edu.zju.crawler.DosingGuidelineCrawler.lambda$doCrawlerDosingGuidelineList$1(DosingGuidelineCrawler.java:38)
	at java.base/java.lang.Iterable.forEach(Iterable.java:75)
	at cn.edu.zju.crawler.DosingGuidelineCrawler.lambda$doCrawlerDosingGuidelineList$0(DosingGuidelineCrawler.java:32)
	at java.base/java.util.ArrayList$ArrayListSpliterator.forEachRemaining(ArrayList.java:1716)
	at java.base/java.util.stream.ReferencePipeline$Head.forEach(ReferencePipeline.java:807)
	at cn.edu.zju.crawler.DosingGuidelineCrawler.doCrawlerDosingGuidelineList(DosingGuidelineCrawler.java:30)
	at cn.edu.zju.crawler.GuidelineRefreshMain.main(GuidelineRefreshMain.java:7)
[main] INFO cn.edu.zju.crawler.DosingGuidelineCrawler - Saving dosing guideline: PA166341522 source=cpic evidence=4
[main] INFO cn.edu.zju.dao.DosingGuidelineDao - 
com.mysql.cj.jdbc.exceptions.MysqlDataTruncation: Data truncation: Data too long for column 'name' at row 1
	at com.mysql.cj.jdbc.exceptions.SQLExceptionsMapping.translateException(SQLExceptionsMapping.java:104)
	at com.mysql.cj.jdbc.ClientPreparedStatement.executeInternal(ClientPreparedStatement.java:953)
	at com.mysql.cj.jdbc.ClientPreparedStatement.execute(ClientPreparedStatement.java:370)
	at cn.edu.zju.dao.DosingGuidelineDao.lambda$saveDosingGuideline$0(DosingGuidelineDao.java:42)
	at cn.edu.zju.dbutils.DBUtils.execSQL(DBUtils.java:41)
	at cn.edu.zju.dao.DosingGuidelineDao.saveDosingGuideline(DosingGuidelineDao.java:29)
	at cn.edu.zju.crawler.DosingGuidelineCrawler.doCrawlerDosingGuideline(DosingGuidelineCrawler.java:63)
	at cn.edu.zju.crawler.DosingGuidelineCrawler.lambda$doCrawlerDosingGuidelineList$2(DosingGuidelineCrawler.java:40)
	at java.base/java.util.ArrayList.forEach(ArrayList.java:1604)
	at cn.edu.zju.crawler.DosingGuidelineCrawler.lambda$doCrawlerDosingGuidelineList$1(DosingGuidelineCrawler.java:38)
	at java.base/java.lang.Iterable.forEach(Iterable.java:75)
	at cn.edu.zju.crawler.DosingGuidelineCrawler.lambda$doCrawlerDosingGuidelineList$0(DosingGuidelineCrawler.java:32)
	at java.base/java.util.ArrayList$ArrayListSpliterator.forEachRemaining(ArrayList.java:1716)
	at java.base/java.util.stream.ReferencePipeline$Head.forEach(ReferencePipeline.java:807)
	at cn.edu.zju.crawler.DosingGuidelineCrawler.doCrawlerDosingGuidelineList(DosingGuidelineCrawler.java:30)
	at cn.edu.zju.crawler.GuidelineRefreshMain.main(GuidelineRefreshMain.java:7)
[main] INFO cn.edu.zju.crawler.DosingGuidelineCrawler - Saving dosing guideline: PA166341524 source=cpic evidence=4
[main] INFO cn.edu.zju.crawler.DosingGuidelineCrawler - {cpic=[{alternateDrugAvailable=true, dosingInformation=false, genes=CYP2C9, hasTestingInfo=false, otherPrescribingGuidance=false, pediatric=true, recommendation=true, source=CPIC, updatedDate=2023-06-22T19:27:08.767-07:00, url=/guidelineAnnotation/PA166192321}], dpwg=[], drug={objCls=Chemical, id=PA450985, name=piroxicam, version=15.0}, drugUrl=/drug/PA450985, other=[]}
[main] INFO cn.edu.zju.crawler.DosingGuidelineCrawler - Saving dosing guideline: PA166192321 source=cpic evidence=3
[main] INFO cn.edu.zju.crawler.DosingGuidelineCrawler - {cpic=[{alternateDrugAvailable=true, dosingInformation=true, genes=SLCO1B1, hasTestingInfo=false, otherPrescribingGuidance=false, pediatric=true, recommendation=true, source=CPIC, updatedDate=2025-09-25T15:38:51.838-07:00, url=/guidelineAnnotation/PA166262261}, {alternateDrugAvailable=false, dosingInformation=false, genes=ABCG2, hasTestingInfo=false, otherPrescribingGuidance=false, pediatric=false, recommendation=false, source=CPIC, updatedDate=2022-09-22T14:17:24.774-07:00, url=/guidelineAnnotation/PA166262661}, {alternateDrugAvailable=false, dosingInformation=false, genes=CYP3A4, CYP3A5, HMGCR, hasTestingInfo=false, otherPrescribingGuidance=false, pediatric=false, recommendation=false, source=CPIC, updatedDate=2022-09-22T14:18:20.767-07:00, url=/guidelineAnnotation/PA166273401}], dpwg=[], drug={objCls=Chemical, id=PA142650384, name=pitavastatin, version=4.0}, drugUrl=/drug/PA142650384, other=[]}
[main] INFO cn.edu.zju.crawler.DosingGuidelineCrawler - Saving dosing guideline: PA166262261 source=cpic evidence=3
[main] INFO cn.edu.zju.dao.DosingGuidelineDao - 
com.mysql.cj.jdbc.exceptions.MysqlDataTruncation: Data truncation: Data too long for column 'name' at row 1
	at com.mysql.cj.jdbc.exceptions.SQLExceptionsMapping.translateException(SQLExceptionsMapping.java:104)
	at com.mysql.cj.jdbc.ClientPreparedStatement.executeInternal(ClientPreparedStatement.java:953)
	at com.mysql.cj.jdbc.ClientPreparedStatement.execute(ClientPreparedStatement.java:370)
	at cn.edu.zju.dao.DosingGuidelineDao.lambda$saveDosingGuideline$0(DosingGuidelineDao.java:42)
	at cn.edu.zju.dbutils.DBUtils.execSQL(DBUtils.java:41)
	at cn.edu.zju.dao.DosingGuidelineDao.saveDosingGuideline(DosingGuidelineDao.java:29)
	at cn.edu.zju.crawler.DosingGuidelineCrawler.doCrawlerDosingGuideline(DosingGuidelineCrawler.java:63)
	at cn.edu.zju.crawler.DosingGuidelineCrawler.lambda$doCrawlerDosingGuidelineList$2(DosingGuidelineCrawler.java:40)
	at java.base/java.util.ArrayList.forEach(ArrayList.java:1604)
	at cn.edu.zju.crawler.DosingGuidelineCrawler.lambda$doCrawlerDosingGuidelineList$1(DosingGuidelineCrawler.java:38)
	at java.base/java.lang.Iterable.forEach(Iterable.java:75)
	at cn.edu.zju.crawler.DosingGuidelineCrawler.lambda$doCrawlerDosingGuidelineList$0(DosingGuidelineCrawler.java:32)
	at java.base/java.util.ArrayList$ArrayListSpliterator.forEachRemaining(ArrayList.java:1716)
	at java.base/java.util.stream.ReferencePipeline$Head.forEach(ReferencePipeline.java:807)
	at cn.edu.zju.crawler.DosingGuidelineCrawler.doCrawlerDosingGuidelineList(DosingGuidelineCrawler.java:30)
	at cn.edu.zju.crawler.GuidelineRefreshMain.main(GuidelineRefreshMain.java:7)
[main] INFO cn.edu.zju.crawler.DosingGuidelineCrawler - Saving dosing guideline: PA166262661 source=cpic evidence=3
[main] INFO cn.edu.zju.dao.DosingGuidelineDao - 
com.mysql.cj.jdbc.exceptions.MysqlDataTruncation: Data truncation: Data too long for column 'name' at row 1
	at com.mysql.cj.jdbc.exceptions.SQLExceptionsMapping.translateException(SQLExceptionsMapping.java:104)
	at com.mysql.cj.jdbc.ClientPreparedStatement.executeInternal(ClientPreparedStatement.java:953)
	at com.mysql.cj.jdbc.ClientPreparedStatement.execute(ClientPreparedStatement.java:370)
	at cn.edu.zju.dao.DosingGuidelineDao.lambda$saveDosingGuideline$0(DosingGuidelineDao.java:42)
	at cn.edu.zju.dbutils.DBUtils.execSQL(DBUtils.java:41)
	at cn.edu.zju.dao.DosingGuidelineDao.saveDosingGuideline(DosingGuidelineDao.java:29)
	at cn.edu.zju.crawler.DosingGuidelineCrawler.doCrawlerDosingGuideline(DosingGuidelineCrawler.java:63)
	at cn.edu.zju.crawler.DosingGuidelineCrawler.lambda$doCrawlerDosingGuidelineList$2(DosingGuidelineCrawler.java:40)
	at java.base/java.util.ArrayList.forEach(ArrayList.java:1604)
	at cn.edu.zju.crawler.DosingGuidelineCrawler.lambda$doCrawlerDosingGuidelineList$1(DosingGuidelineCrawler.java:38)
	at java.base/java.lang.Iterable.forEach(Iterable.java:75)
	at cn.edu.zju.crawler.DosingGuidelineCrawler.lambda$doCrawlerDosingGuidelineList$0(DosingGuidelineCrawler.java:32)
	at java.base/java.util.ArrayList$ArrayListSpliterator.forEachRemaining(ArrayList.java:1716)
	at java.base/java.util.stream.ReferencePipeline$Head.forEach(ReferencePipeline.java:807)
	at cn.edu.zju.crawler.DosingGuidelineCrawler.doCrawlerDosingGuidelineList(DosingGuidelineCrawler.java:30)
	at cn.edu.zju.crawler.GuidelineRefreshMain.main(GuidelineRefreshMain.java:7)
[main] INFO cn.edu.zju.crawler.DosingGuidelineCrawler - Saving dosing guideline: PA166273401 source=cpic evidence=4
[main] INFO cn.edu.zju.crawler.DosingGuidelineCrawler - {cpic=[{alternateDrugAvailable=true, dosingInformation=false, genes=MT-RNR1, hasTestingInfo=false, otherPrescribingGuidance=true, pediatric=true, recommendation=true, source=CPIC, updatedDate=2025-10-27T00:00:00-07:00, url=/guidelineAnnotation/PA166229081}], dpwg=[], drug={objCls=Chemical, id=PA166228921, name=plazomicin, version=3.0}, drugUrl=/drug/PA166228921, other=[]}
[main] INFO cn.edu.zju.dao.DosingGuidelineDao - 
com.mysql.cj.jdbc.exceptions.MysqlDataTruncation: Data truncation: Data too long for column 'name' at row 1
	at com.mysql.cj.jdbc.exceptions.SQLExceptionsMapping.translateException(SQLExceptionsMapping.java:104)
	at com.mysql.cj.jdbc.ClientPreparedStatement.executeInternal(ClientPreparedStatement.java:953)
	at com.mysql.cj.jdbc.ClientPreparedStatement.execute(ClientPreparedStatement.java:370)
	at cn.edu.zju.dao.DosingGuidelineDao.lambda$saveDosingGuideline$0(DosingGuidelineDao.java:42)
	at cn.edu.zju.dbutils.DBUtils.execSQL(DBUtils.java:41)
	at cn.edu.zju.dao.DosingGuidelineDao.saveDosingGuideline(DosingGuidelineDao.java:29)
	at cn.edu.zju.crawler.DosingGuidelineCrawler.doCrawlerDosingGuideline(DosingGuidelineCrawler.java:63)
	at cn.edu.zju.crawler.DosingGuidelineCrawler.lambda$doCrawlerDosingGuidelineList$2(DosingGuidelineCrawler.java:40)
	at java.base/java.util.ArrayList.forEach(ArrayList.java:1604)
	at cn.edu.zju.crawler.DosingGuidelineCrawler.lambda$doCrawlerDosingGuidelineList$1(DosingGuidelineCrawler.java:38)
	at java.base/java.lang.Iterable.forEach(Iterable.java:75)
	at cn.edu.zju.crawler.DosingGuidelineCrawler.lambda$doCrawlerDosingGuidelineList$0(DosingGuidelineCrawler.java:32)
	at java.base/java.util.ArrayList$ArrayListSpliterator.forEachRemaining(ArrayList.java:1716)
	at java.base/java.util.stream.ReferencePipeline$Head.forEach(ReferencePipeline.java:807)
	at cn.edu.zju.crawler.DosingGuidelineCrawler.doCrawlerDosingGuidelineList(DosingGuidelineCrawler.java:30)
	at cn.edu.zju.crawler.GuidelineRefreshMain.main(GuidelineRefreshMain.java:7)
[main] INFO cn.edu.zju.crawler.DosingGuidelineCrawler - Saving dosing guideline: PA166229081 source=cpic evidence=3
[main] INFO cn.edu.zju.crawler.DosingGuidelineCrawler - {cpic=[], dpwg=[{alternateDrugAvailable=false, dosingInformation=false, genes=CYP2C19, hasTestingInfo=false, otherPrescribingGuidance=false, pediatric=false, recommendation=false, source=DPWG, updatedDate=2024-03-29T11:52:20.798-07:00, url=/guidelineAnnotation/PA166182820}], drug={objCls=Chemical, id=PA154410481, name=prasugrel, version=6.0}, drugUrl=/drug/PA154410481, other=[]}
[main] INFO cn.edu.zju.crawler.DosingGuidelineCrawler - Dosing guideline exists, metadata refresh id=PA166182820 updated=1 source=dpwg evidence=4
[main] INFO cn.edu.zju.crawler.DosingGuidelineCrawler - {cpic=[{alternateDrugAvailable=true, dosingInformation=true, genes=SLCO1B1, hasTestingInfo=false, otherPrescribingGuidance=true, pediatric=true, recommendation=true, source=CPIC, updatedDate=2025-10-31T09:17:54.450-07:00, url=/guidelineAnnotation/PA166262281}, {alternateDrugAvailable=false, dosingInformation=false, genes=ABCG2, hasTestingInfo=false, otherPrescribingGuidance=false, pediatric=false, recommendation=false, source=CPIC, updatedDate=2022-09-22T14:17:24.774-07:00, url=/guidelineAnnotation/PA166262661}, {alternateDrugAvailable=false, dosingInformation=false, genes=CYP3A4, CYP3A5, HMGCR, hasTestingInfo=false, otherPrescribingGuidance=false, pediatric=false, recommendation=false, source=CPIC, updatedDate=2022-09-22T14:18:20.767-07:00, url=/guidelineAnnotation/PA166273401}], dpwg=[{alternateDrugAvailable=false, dosingInformation=false, genes=SLCO1B1, hasTestingInfo=false, otherPrescribingGuidance=false, pediatric=false, recommendation=false, source=DPWG, updatedDate=2025-01-16T00:00:00-08:00, url=/guidelineAnnotation/PA166363201}], drug={objCls=Chemical, id=PA451089, name=pravastatin, version=23.0}, drugUrl=/drug/PA451089, other=[]}
[main] INFO cn.edu.zju.crawler.DosingGuidelineCrawler - Saving dosing guideline: PA166262281 source=cpic evidence=4
[main] INFO cn.edu.zju.dao.DosingGuidelineDao - 
com.mysql.cj.jdbc.exceptions.MysqlDataTruncation: Data truncation: Data too long for column 'name' at row 1
	at com.mysql.cj.jdbc.exceptions.SQLExceptionsMapping.translateException(SQLExceptionsMapping.java:104)
	at com.mysql.cj.jdbc.ClientPreparedStatement.executeInternal(ClientPreparedStatement.java:953)
	at com.mysql.cj.jdbc.ClientPreparedStatement.execute(ClientPreparedStatement.java:370)
	at cn.edu.zju.dao.DosingGuidelineDao.lambda$saveDosingGuideline$0(DosingGuidelineDao.java:42)
	at cn.edu.zju.dbutils.DBUtils.execSQL(DBUtils.java:41)
	at cn.edu.zju.dao.DosingGuidelineDao.saveDosingGuideline(DosingGuidelineDao.java:29)
	at cn.edu.zju.crawler.DosingGuidelineCrawler.doCrawlerDosingGuideline(DosingGuidelineCrawler.java:63)
	at cn.edu.zju.crawler.DosingGuidelineCrawler.lambda$doCrawlerDosingGuidelineList$2(DosingGuidelineCrawler.java:40)
	at java.base/java.util.ArrayList.forEach(ArrayList.java:1604)
	at cn.edu.zju.crawler.DosingGuidelineCrawler.lambda$doCrawlerDosingGuidelineList$1(DosingGuidelineCrawler.java:38)
	at java.base/java.lang.Iterable.forEach(Iterable.java:75)
	at cn.edu.zju.crawler.DosingGuidelineCrawler.lambda$doCrawlerDosingGuidelineList$0(DosingGuidelineCrawler.java:32)
	at java.base/java.util.ArrayList$ArrayListSpliterator.forEachRemaining(ArrayList.java:1716)
	at java.base/java.util.stream.ReferencePipeline$Head.forEach(ReferencePipeline.java:807)
	at cn.edu.zju.crawler.DosingGuidelineCrawler.doCrawlerDosingGuidelineList(DosingGuidelineCrawler.java:30)
	at cn.edu.zju.crawler.GuidelineRefreshMain.main(GuidelineRefreshMain.java:7)
[main] INFO cn.edu.zju.crawler.DosingGuidelineCrawler - Saving dosing guideline: PA166262661 source=cpic evidence=3
[main] INFO cn.edu.zju.dao.DosingGuidelineDao - 
com.mysql.cj.jdbc.exceptions.MysqlDataTruncation: Data truncation: Data too long for column 'name' at row 1
	at com.mysql.cj.jdbc.exceptions.SQLExceptionsMapping.translateException(SQLExceptionsMapping.java:104)
	at com.mysql.cj.jdbc.ClientPreparedStatement.executeInternal(ClientPreparedStatement.java:953)
	at com.mysql.cj.jdbc.ClientPreparedStatement.execute(ClientPreparedStatement.java:370)
	at cn.edu.zju.dao.DosingGuidelineDao.lambda$saveDosingGuideline$0(DosingGuidelineDao.java:42)
	at cn.edu.zju.dbutils.DBUtils.execSQL(DBUtils.java:41)
	at cn.edu.zju.dao.DosingGuidelineDao.saveDosingGuideline(DosingGuidelineDao.java:29)
	at cn.edu.zju.crawler.DosingGuidelineCrawler.doCrawlerDosingGuideline(DosingGuidelineCrawler.java:63)
	at cn.edu.zju.crawler.DosingGuidelineCrawler.lambda$doCrawlerDosingGuidelineList$2(DosingGuidelineCrawler.java:40)
	at java.base/java.util.ArrayList.forEach(ArrayList.java:1604)
	at cn.edu.zju.crawler.DosingGuidelineCrawler.lambda$doCrawlerDosingGuidelineList$1(DosingGuidelineCrawler.java:38)
	at java.base/java.lang.Iterable.forEach(Iterable.java:75)
	at cn.edu.zju.crawler.DosingGuidelineCrawler.lambda$doCrawlerDosingGuidelineList$0(DosingGuidelineCrawler.java:32)
	at java.base/java.util.ArrayList$ArrayListSpliterator.forEachRemaining(ArrayList.java:1716)
	at java.base/java.util.stream.ReferencePipeline$Head.forEach(ReferencePipeline.java:807)
	at cn.edu.zju.crawler.DosingGuidelineCrawler.doCrawlerDosingGuidelineList(DosingGuidelineCrawler.java:30)
	at cn.edu.zju.crawler.GuidelineRefreshMain.main(GuidelineRefreshMain.java:7)
[main] INFO cn.edu.zju.crawler.DosingGuidelineCrawler - Saving dosing guideline: PA166273401 source=cpic evidence=4
[main] INFO cn.edu.zju.crawler.DosingGuidelineCrawler - Saving dosing guideline: PA166363201 source=dpwg evidence=4
[main] INFO cn.edu.zju.crawler.DosingGuidelineCrawler - {cpic=[{alternateDrugAvailable=true, dosingInformation=false, genes=G6PD, hasTestingInfo=false, otherPrescribingGuidance=true, pediatric=true, recommendation=true, source=CPIC, updatedDate=2024-05-15T09:42:34.378-07:00, url=/guidelineAnnotation/PA166279621}], dpwg=[], drug={objCls=Chemical, id=PA451103, name=primaquine, version=9.0}, drugUrl=/drug/PA451103, other=[]}
[main] INFO cn.edu.zju.crawler.DosingGuidelineCrawler - Saving dosing guideline: PA166279621 source=cpic evidence=4
[main] INFO cn.edu.zju.crawler.DosingGuidelineCrawler - {cpic=[{alternateDrugAvailable=false, dosingInformation=false, genes=G6PD, hasTestingInfo=false, otherPrescribingGuidance=false, pediatric=true, recommendation=false, source=CPIC, updatedDate=2024-05-15T09:44:05.862-07:00, url=/guidelineAnnotation/PA166279481}], dpwg=[], drug={objCls=Chemical, id=PA451106, name=probenecid, version=8.0}, drugUrl=/drug/PA451106, other=[]}
[main] INFO cn.edu.zju.dao.DosingGuidelineDao - 
com.mysql.cj.jdbc.exceptions.MysqlDataTruncation: Data truncation: Data too long for column 'name' at row 1
	at com.mysql.cj.jdbc.exceptions.SQLExceptionsMapping.translateException(SQLExceptionsMapping.java:104)
	at com.mysql.cj.jdbc.ClientPreparedStatement.executeInternal(ClientPreparedStatement.java:953)
	at com.mysql.cj.jdbc.ClientPreparedStatement.execute(ClientPreparedStatement.java:370)
	at cn.edu.zju.dao.DosingGuidelineDao.lambda$saveDosingGuideline$0(DosingGuidelineDao.java:42)
	at cn.edu.zju.dbutils.DBUtils.execSQL(DBUtils.java:41)
	at cn.edu.zju.dao.DosingGuidelineDao.saveDosingGuideline(DosingGuidelineDao.java:29)
	at cn.edu.zju.crawler.DosingGuidelineCrawler.doCrawlerDosingGuideline(DosingGuidelineCrawler.java:63)
	at cn.edu.zju.crawler.DosingGuidelineCrawler.lambda$doCrawlerDosingGuidelineList$2(DosingGuidelineCrawler.java:40)
	at java.base/java.util.ArrayList.forEach(ArrayList.java:1604)
	at cn.edu.zju.crawler.DosingGuidelineCrawler.lambda$doCrawlerDosingGuidelineList$1(DosingGuidelineCrawler.java:38)
	at java.base/java.lang.Iterable.forEach(Iterable.java:75)
	at cn.edu.zju.crawler.DosingGuidelineCrawler.lambda$doCrawlerDosingGuidelineList$0(DosingGuidelineCrawler.java:32)
	at java.base/java.util.ArrayList$ArrayListSpliterator.forEachRemaining(ArrayList.java:1716)
	at java.base/java.util.stream.ReferencePipeline$Head.forEach(ReferencePipeline.java:807)
	at cn.edu.zju.crawler.DosingGuidelineCrawler.doCrawlerDosingGuidelineList(DosingGuidelineCrawler.java:30)
	at cn.edu.zju.crawler.GuidelineRefreshMain.main(GuidelineRefreshMain.java:7)
[main] INFO cn.edu.zju.crawler.DosingGuidelineCrawler - Saving dosing guideline: PA166279481 source=cpic evidence=4
[main] INFO cn.edu.zju.crawler.DosingGuidelineCrawler - {cpic=[], dpwg=[{alternateDrugAvailable=true, dosingInformation=true, genes=CYP2D6, hasTestingInfo=true, otherPrescribingGuidance=true, pediatric=false, recommendation=true, source=DPWG, updatedDate=2024-09-06T11:23:30.527-07:00, url=/guidelineAnnotation/PA166104962}], drug={objCls=Chemical, id=PA451131, name=propafenone, version=13.0}, drugUrl=/drug/PA451131, other=[]}
[main] INFO cn.edu.zju.crawler.DosingGuidelineCrawler - Dosing guideline exists, metadata refresh id=PA166104962 updated=1 source=dpwg evidence=4
[main] INFO cn.edu.zju.crawler.DosingGuidelineCrawler - {cpic=[{alternateDrugAvailable=false, dosingInformation=false, genes=ADRA2C, ADRB1, GRK4, GRK5, hasTestingInfo=false, otherPrescribingGuidance=false, pediatric=false, recommendation=false, source=CPIC, updatedDate=2024-08-12T04:47:05.554-07:00, url=/guidelineAnnotation/PA166341522}, {alternateDrugAvailable=false, dosingInformation=false, genes=CYP2D6, hasTestingInfo=false, otherPrescribingGuidance=false, pediatric=false, recommendation=false, source=CPIC, updatedDate=2024-08-12T04:47:19.610-07:00, url=/guidelineAnnotation/PA166341341}, {alternateDrugAvailable=false, dosingInformation=false, genes=ADRB2, hasTestingInfo=false, otherPrescribingGuidance=false, pediatric=false, recommendation=false, source=CPIC, updatedDate=2024-08-12T04:47:34.482-07:00, url=/guidelineAnnotation/PA166341524}], dpwg=[], drug={objCls=Chemical, id=PA451145, name=propranolol, version=16.0}, drugUrl=/drug/PA451145, other=[]}
[main] INFO cn.edu.zju.dao.DosingGuidelineDao - 
com.mysql.cj.jdbc.exceptions.MysqlDataTruncation: Data truncation: Data too long for column 'name' at row 1
	at com.mysql.cj.jdbc.exceptions.SQLExceptionsMapping.translateException(SQLExceptionsMapping.java:104)
	at com.mysql.cj.jdbc.ClientPreparedStatement.executeInternal(ClientPreparedStatement.java:953)
	at com.mysql.cj.jdbc.ClientPreparedStatement.execute(ClientPreparedStatement.java:370)
	at cn.edu.zju.dao.DosingGuidelineDao.lambda$saveDosingGuideline$0(DosingGuidelineDao.java:42)
	at cn.edu.zju.dbutils.DBUtils.execSQL(DBUtils.java:41)
	at cn.edu.zju.dao.DosingGuidelineDao.saveDosingGuideline(DosingGuidelineDao.java:29)
	at cn.edu.zju.crawler.DosingGuidelineCrawler.doCrawlerDosingGuideline(DosingGuidelineCrawler.java:63)
	at cn.edu.zju.crawler.DosingGuidelineCrawler.lambda$doCrawlerDosingGuidelineList$2(DosingGuidelineCrawler.java:40)
	at java.base/java.util.ArrayList.forEach(ArrayList.java:1604)
	at cn.edu.zju.crawler.DosingGuidelineCrawler.lambda$doCrawlerDosingGuidelineList$1(DosingGuidelineCrawler.java:38)
	at java.base/java.lang.Iterable.forEach(Iterable.java:75)
	at cn.edu.zju.crawler.DosingGuidelineCrawler.lambda$doCrawlerDosingGuidelineList$0(DosingGuidelineCrawler.java:32)
	at java.base/java.util.ArrayList$ArrayListSpliterator.forEachRemaining(ArrayList.java:1716)
	at java.base/java.util.stream.ReferencePipeline$Head.forEach(ReferencePipeline.java:807)
	at cn.edu.zju.crawler.DosingGuidelineCrawler.doCrawlerDosingGuidelineList(DosingGuidelineCrawler.java:30)
	at cn.edu.zju.crawler.GuidelineRefreshMain.main(GuidelineRefreshMain.java:7)
[main] INFO cn.edu.zju.crawler.DosingGuidelineCrawler - Saving dosing guideline: PA166341522 source=cpic evidence=4
[main] INFO cn.edu.zju.dao.DosingGuidelineDao - 
com.mysql.cj.jdbc.exceptions.MysqlDataTruncation: Data truncation: Data too long for column 'name' at row 1
	at com.mysql.cj.jdbc.exceptions.SQLExceptionsMapping.translateException(SQLExceptionsMapping.java:104)
	at com.mysql.cj.jdbc.ClientPreparedStatement.executeInternal(ClientPreparedStatement.java:953)
	at com.mysql.cj.jdbc.ClientPreparedStatement.execute(ClientPreparedStatement.java:370)
	at cn.edu.zju.dao.DosingGuidelineDao.lambda$saveDosingGuideline$0(DosingGuidelineDao.java:42)
	at cn.edu.zju.dbutils.DBUtils.execSQL(DBUtils.java:41)
	at cn.edu.zju.dao.DosingGuidelineDao.saveDosingGuideline(DosingGuidelineDao.java:29)
	at cn.edu.zju.crawler.DosingGuidelineCrawler.doCrawlerDosingGuideline(DosingGuidelineCrawler.java:63)
	at cn.edu.zju.crawler.DosingGuidelineCrawler.lambda$doCrawlerDosingGuidelineList$2(DosingGuidelineCrawler.java:40)
	at java.base/java.util.ArrayList.forEach(ArrayList.java:1604)
	at cn.edu.zju.crawler.DosingGuidelineCrawler.lambda$doCrawlerDosingGuidelineList$1(DosingGuidelineCrawler.java:38)
	at java.base/java.lang.Iterable.forEach(Iterable.java:75)
	at cn.edu.zju.crawler.DosingGuidelineCrawler.lambda$doCrawlerDosingGuidelineList$0(DosingGuidelineCrawler.java:32)
	at java.base/java.util.ArrayList$ArrayListSpliterator.forEachRemaining(ArrayList.java:1716)
	at java.base/java.util.stream.ReferencePipeline$Head.forEach(ReferencePipeline.java:807)
	at cn.edu.zju.crawler.DosingGuidelineCrawler.doCrawlerDosingGuidelineList(DosingGuidelineCrawler.java:30)
	at cn.edu.zju.crawler.GuidelineRefreshMain.main(GuidelineRefreshMain.java:7)
[main] INFO cn.edu.zju.crawler.DosingGuidelineCrawler - Saving dosing guideline: PA166341341 source=cpic evidence=4
[main] INFO cn.edu.zju.dao.DosingGuidelineDao - 
com.mysql.cj.jdbc.exceptions.MysqlDataTruncation: Data truncation: Data too long for column 'name' at row 1
	at com.mysql.cj.jdbc.exceptions.SQLExceptionsMapping.translateException(SQLExceptionsMapping.java:104)
	at com.mysql.cj.jdbc.ClientPreparedStatement.executeInternal(ClientPreparedStatement.java:953)
	at com.mysql.cj.jdbc.ClientPreparedStatement.execute(ClientPreparedStatement.java:370)
	at cn.edu.zju.dao.DosingGuidelineDao.lambda$saveDosingGuideline$0(DosingGuidelineDao.java:42)
	at cn.edu.zju.dbutils.DBUtils.execSQL(DBUtils.java:41)
	at cn.edu.zju.dao.DosingGuidelineDao.saveDosingGuideline(DosingGuidelineDao.java:29)
	at cn.edu.zju.crawler.DosingGuidelineCrawler.doCrawlerDosingGuideline(DosingGuidelineCrawler.java:63)
	at cn.edu.zju.crawler.DosingGuidelineCrawler.lambda$doCrawlerDosingGuidelineList$2(DosingGuidelineCrawler.java:40)
	at java.base/java.util.ArrayList.forEach(ArrayList.java:1604)
	at cn.edu.zju.crawler.DosingGuidelineCrawler.lambda$doCrawlerDosingGuidelineList$1(DosingGuidelineCrawler.java:38)
	at java.base/java.lang.Iterable.forEach(Iterable.java:75)
	at cn.edu.zju.crawler.DosingGuidelineCrawler.lambda$doCrawlerDosingGuidelineList$0(DosingGuidelineCrawler.java:32)
	at java.base/java.util.ArrayList$ArrayListSpliterator.forEachRemaining(ArrayList.java:1716)
	at java.base/java.util.stream.ReferencePipeline$Head.forEach(ReferencePipeline.java:807)
	at cn.edu.zju.crawler.DosingGuidelineCrawler.doCrawlerDosingGuidelineList(DosingGuidelineCrawler.java:30)
	at cn.edu.zju.crawler.GuidelineRefreshMain.main(GuidelineRefreshMain.java:7)
[main] INFO cn.edu.zju.crawler.DosingGuidelineCrawler - Saving dosing guideline: PA166341524 source=cpic evidence=4
[main] INFO cn.edu.zju.crawler.DosingGuidelineCrawler - {cpic=[], dpwg=[{alternateDrugAvailable=false, dosingInformation=false, genes=CYP2D6, hasTestingInfo=false, otherPrescribingGuidance=false, pediatric=false, recommendation=false, source=DPWG, updatedDate=2024-03-29T11:52:39.088-07:00, url=/guidelineAnnotation/PA166182854}, {alternateDrugAvailable=true, dosingInformation=true, genes=CYP3A4, hasTestingInfo=true, otherPrescribingGuidance=false, pediatric=false, recommendation=true, source=DPWG, updatedDate=2024-03-18T11:55:26.206-07:00, url=/guidelineAnnotation/PA166265421}], drug={objCls=Chemical, id=PA451201, name=quetiapine, version=8.0}, drugUrl=/drug/PA451201, other=[]}
[main] INFO cn.edu.zju.crawler.DosingGuidelineCrawler - Dosing guideline exists, metadata refresh id=PA166182854 updated=1 source=dpwg evidence=4
[main] INFO cn.edu.zju.crawler.DosingGuidelineCrawler - Saving dosing guideline: PA166265421 source=dpwg evidence=1A
[main] INFO cn.edu.zju.crawler.DosingGuidelineCrawler - {cpic=[{alternateDrugAvailable=false, dosingInformation=false, genes=G6PD, hasTestingInfo=false, otherPrescribingGuidance=false, pediatric=true, recommendation=false, source=CPIC, updatedDate=2024-05-15T09:44:05.862-07:00, url=/guidelineAnnotation/PA166279481}], dpwg=[], drug={objCls=Chemical, id=PA164745551, name=quinacrine, version=7.0}, drugUrl=/drug/PA164745551, other=[]}
[main] INFO cn.edu.zju.dao.DosingGuidelineDao - 
com.mysql.cj.jdbc.exceptions.MysqlDataTruncation: Data truncation: Data too long for column 'name' at row 1
	at com.mysql.cj.jdbc.exceptions.SQLExceptionsMapping.translateException(SQLExceptionsMapping.java:104)
	at com.mysql.cj.jdbc.ClientPreparedStatement.executeInternal(ClientPreparedStatement.java:953)
	at com.mysql.cj.jdbc.ClientPreparedStatement.execute(ClientPreparedStatement.java:370)
	at cn.edu.zju.dao.DosingGuidelineDao.lambda$saveDosingGuideline$0(DosingGuidelineDao.java:42)
	at cn.edu.zju.dbutils.DBUtils.execSQL(DBUtils.java:41)
	at cn.edu.zju.dao.DosingGuidelineDao.saveDosingGuideline(DosingGuidelineDao.java:29)
	at cn.edu.zju.crawler.DosingGuidelineCrawler.doCrawlerDosingGuideline(DosingGuidelineCrawler.java:63)
	at cn.edu.zju.crawler.DosingGuidelineCrawler.lambda$doCrawlerDosingGuidelineList$2(DosingGuidelineCrawler.java:40)
	at java.base/java.util.ArrayList.forEach(ArrayList.java:1604)
	at cn.edu.zju.crawler.DosingGuidelineCrawler.lambda$doCrawlerDosingGuidelineList$1(DosingGuidelineCrawler.java:38)
	at java.base/java.lang.Iterable.forEach(Iterable.java:75)
	at cn.edu.zju.crawler.DosingGuidelineCrawler.lambda$doCrawlerDosingGuidelineList$0(DosingGuidelineCrawler.java:32)
	at java.base/java.util.ArrayList$ArrayListSpliterator.forEachRemaining(ArrayList.java:1716)
	at java.base/java.util.stream.ReferencePipeline$Head.forEach(ReferencePipeline.java:807)
	at cn.edu.zju.crawler.DosingGuidelineCrawler.doCrawlerDosingGuidelineList(DosingGuidelineCrawler.java:30)
	at cn.edu.zju.crawler.GuidelineRefreshMain.main(GuidelineRefreshMain.java:7)
[main] INFO cn.edu.zju.crawler.DosingGuidelineCrawler - Saving dosing guideline: PA166279481 source=cpic evidence=4
[main] INFO cn.edu.zju.crawler.DosingGuidelineCrawler - {cpic=[], dpwg=[{alternateDrugAvailable=false, dosingInformation=false, genes=CYP2D6, hasTestingInfo=false, otherPrescribingGuidance=false, pediatric=false, recommendation=false, source=DPWG, updatedDate=2024-03-29T11:53:06.641-07:00, url=/guidelineAnnotation/PA166182803}], drug={objCls=Chemical, id=PA451209, name=quinidine, version=12.0}, drugUrl=/drug/PA451209, other=[]}
[main] INFO cn.edu.zju.crawler.DosingGuidelineCrawler - Dosing guideline exists, metadata refresh id=PA166182803 updated=1 source=dpwg evidence=4
[main] INFO cn.edu.zju.crawler.DosingGuidelineCrawler - {cpic=[{alternateDrugAvailable=false, dosingInformation=false, genes=G6PD, hasTestingInfo=false, otherPrescribingGuidance=false, pediatric=true, recommendation=false, source=CPIC, updatedDate=2025-03-20T10:28:17.183-07:00, url=/guidelineAnnotation/PA166279741}], dpwg=[], drug={objCls=Chemical, id=PA451213, name=quinine, version=9.0}, drugUrl=/drug/PA451213, other=[]}
[main] INFO cn.edu.zju.dao.DosingGuidelineDao - 
com.mysql.cj.jdbc.exceptions.MysqlDataTruncation: Data truncation: Data too long for column 'name' at row 1
	at com.mysql.cj.jdbc.exceptions.SQLExceptionsMapping.translateException(SQLExceptionsMapping.java:104)
	at com.mysql.cj.jdbc.ClientPreparedStatement.executeInternal(ClientPreparedStatement.java:953)
	at com.mysql.cj.jdbc.ClientPreparedStatement.execute(ClientPreparedStatement.java:370)
	at cn.edu.zju.dao.DosingGuidelineDao.lambda$saveDosingGuideline$0(DosingGuidelineDao.java:42)
	at cn.edu.zju.dbutils.DBUtils.execSQL(DBUtils.java:41)
	at cn.edu.zju.dao.DosingGuidelineDao.saveDosingGuideline(DosingGuidelineDao.java:29)
	at cn.edu.zju.crawler.DosingGuidelineCrawler.doCrawlerDosingGuideline(DosingGuidelineCrawler.java:63)
	at cn.edu.zju.crawler.DosingGuidelineCrawler.lambda$doCrawlerDosingGuidelineList$2(DosingGuidelineCrawler.java:40)
	at java.base/java.util.ArrayList.forEach(ArrayList.java:1604)
	at cn.edu.zju.crawler.DosingGuidelineCrawler.lambda$doCrawlerDosingGuidelineList$1(DosingGuidelineCrawler.java:38)
	at java.base/java.lang.Iterable.forEach(Iterable.java:75)
	at cn.edu.zju.crawler.DosingGuidelineCrawler.lambda$doCrawlerDosingGuidelineList$0(DosingGuidelineCrawler.java:32)
	at java.base/java.util.ArrayList$ArrayListSpliterator.forEachRemaining(ArrayList.java:1716)
	at java.base/java.util.stream.ReferencePipeline$Head.forEach(ReferencePipeline.java:807)
	at cn.edu.zju.crawler.DosingGuidelineCrawler.doCrawlerDosingGuidelineList(DosingGuidelineCrawler.java:30)
	at cn.edu.zju.crawler.GuidelineRefreshMain.main(GuidelineRefreshMain.java:7)
[main] INFO cn.edu.zju.crawler.DosingGuidelineCrawler - Saving dosing guideline: PA166279741 source=cpic evidence=4
[main] INFO cn.edu.zju.crawler.DosingGuidelineCrawler - {cpic=[{alternateDrugAvailable=false, dosingInformation=false, genes=CYP2C19, hasTestingInfo=false, otherPrescribingGuidance=false, pediatric=false, recommendation=false, source=CPIC, updatedDate=2021-12-09T14:02:57.535-08:00, url=/guidelineAnnotation/PA166220321}], dpwg=[{alternateDrugAvailable=false, dosingInformation=false, genes=CYP2C19, hasTestingInfo=false, otherPrescribingGuidance=false, pediatric=false, recommendation=false, source=DPWG, updatedDate=2024-03-29T11:54:14.481-07:00, url=/guidelineAnnotation/PA166104985}], drug={objCls=Chemical, id=PA451216, name=rabeprazole, version=17.0}, drugUrl=/drug/PA451216, other=[]}
[main] INFO cn.edu.zju.crawler.DosingGuidelineCrawler - Dosing guideline exists, metadata refresh id=PA166220321 updated=1 source=cpic evidence=4
[main] INFO cn.edu.zju.crawler.DosingGuidelineCrawler - Dosing guideline exists, metadata refresh id=PA166104985 updated=1 source=dpwg evidence=3
[main] INFO cn.edu.zju.crawler.DosingGuidelineCrawler - {cpic=[{alternateDrugAvailable=true, dosingInformation=false, genes=G6PD, hasTestingInfo=false, otherPrescribingGuidance=true, pediatric=true, recommendation=true, source=CPIC, updatedDate=2024-05-15T09:41:39.548-07:00, url=/guidelineAnnotation/PA166119846}], dpwg=[], drug={objCls=Chemical, id=PA10176, name=rasburicase, version=9.0}, drugUrl=/drug/PA10176, other=[]}
[main] INFO cn.edu.zju.crawler.DosingGuidelineCrawler - Dosing guideline exists, metadata refresh id=PA166119846 updated=1 source=cpic evidence=3
[main] INFO cn.edu.zju.crawler.DosingGuidelineCrawler - {cpic=[{alternateDrugAvailable=false, dosingInformation=false, genes=COMT, OPRM1, hasTestingInfo=false, otherPrescribingGuidance=false, pediatric=false, recommendation=false, source=CPIC, updatedDate=2021-11-29T15:42:20.114-08:00, url=/guidelineAnnotation/PA166227941}], dpwg=[], drug={objCls=Chemical, id=PA451232, name=remifentanil, version=11.0}, drugUrl=/drug/PA451232, other=[]}
[main] INFO cn.edu.zju.dao.DosingGuidelineDao - 
com.mysql.cj.jdbc.exceptions.MysqlDataTruncation: Data truncation: Data too long for column 'name' at row 1
	at com.mysql.cj.jdbc.exceptions.SQLExceptionsMapping.translateException(SQLExceptionsMapping.java:104)
	at com.mysql.cj.jdbc.ClientPreparedStatement.executeInternal(ClientPreparedStatement.java:953)
	at com.mysql.cj.jdbc.ClientPreparedStatement.execute(ClientPreparedStatement.java:370)
	at cn.edu.zju.dao.DosingGuidelineDao.lambda$saveDosingGuideline$0(DosingGuidelineDao.java:42)
	at cn.edu.zju.dbutils.DBUtils.execSQL(DBUtils.java:41)
	at cn.edu.zju.dao.DosingGuidelineDao.saveDosingGuideline(DosingGuidelineDao.java:29)
	at cn.edu.zju.crawler.DosingGuidelineCrawler.doCrawlerDosingGuideline(DosingGuidelineCrawler.java:63)
	at cn.edu.zju.crawler.DosingGuidelineCrawler.lambda$doCrawlerDosingGuidelineList$2(DosingGuidelineCrawler.java:40)
	at java.base/java.util.ArrayList.forEach(ArrayList.java:1604)
	at cn.edu.zju.crawler.DosingGuidelineCrawler.lambda$doCrawlerDosingGuidelineList$1(DosingGuidelineCrawler.java:38)
	at java.base/java.lang.Iterable.forEach(Iterable.java:75)
	at cn.edu.zju.crawler.DosingGuidelineCrawler.lambda$doCrawlerDosingGuidelineList$0(DosingGuidelineCrawler.java:32)
	at java.base/java.util.ArrayList$ArrayListSpliterator.forEachRemaining(ArrayList.java:1716)
	at java.base/java.util.stream.ReferencePipeline$Head.forEach(ReferencePipeline.java:807)
	at cn.edu.zju.crawler.DosingGuidelineCrawler.doCrawlerDosingGuidelineList(DosingGuidelineCrawler.java:30)
	at cn.edu.zju.crawler.GuidelineRefreshMain.main(GuidelineRefreshMain.java:7)
[main] INFO cn.edu.zju.crawler.DosingGuidelineCrawler - Saving dosing guideline: PA166227941 source=cpic evidence=4
[main] INFO cn.edu.zju.crawler.DosingGuidelineCrawler - {cpic=[{alternateDrugAvailable=false, dosingInformation=false, genes=IFNL3, hasTestingInfo=false, otherPrescribingGuidance=false, pediatric=false, recommendation=true, source=CPIC, updatedDate=2023-02-28T11:21:24.771-08:00, url=/guidelineAnnotation/PA166110235}], dpwg=[{alternateDrugAvailable=false, dosingInformation=false, genes=HLA-B, hasTestingInfo=false, otherPrescribingGuidance=false, pediatric=false, recommendation=false, source=DPWG, updatedDate=2024-03-29T11:54:29.918-07:00, url=/guidelineAnnotation/PA166104947}], drug={objCls=Chemical, id=PA451241, name=ribavirin, version=11.0}, drugUrl=/drug/PA451241, other=[]}
[main] INFO cn.edu.zju.crawler.DosingGuidelineCrawler - Dosing guideline exists, metadata refresh id=PA166110235 updated=1 source=cpic evidence=4
[main] INFO cn.edu.zju.crawler.DosingGuidelineCrawler - Dosing guideline exists, metadata refresh id=PA166104947 updated=1 source=dpwg evidence=4
[main] INFO cn.edu.zju.crawler.DosingGuidelineCrawler - {cpic=[{alternateDrugAvailable=true, dosingInformation=false, genes=MT-RNR1, hasTestingInfo=false, otherPrescribingGuidance=true, pediatric=true, recommendation=true, source=CPIC, updatedDate=2025-10-27T00:00:00-07:00, url=/guidelineAnnotation/PA166229081}], dpwg=[], drug={objCls=Chemical, id=PA166292902, name=ribostamycin, version=3.0}, drugUrl=/drug/PA166292902, other=[]}
[main] INFO cn.edu.zju.dao.DosingGuidelineDao - 
com.mysql.cj.jdbc.exceptions.MysqlDataTruncation: Data truncation: Data too long for column 'name' at row 1
	at com.mysql.cj.jdbc.exceptions.SQLExceptionsMapping.translateException(SQLExceptionsMapping.java:104)
	at com.mysql.cj.jdbc.ClientPreparedStatement.executeInternal(ClientPreparedStatement.java:953)
	at com.mysql.cj.jdbc.ClientPreparedStatement.execute(ClientPreparedStatement.java:370)
	at cn.edu.zju.dao.DosingGuidelineDao.lambda$saveDosingGuideline$0(DosingGuidelineDao.java:42)
	at cn.edu.zju.dbutils.DBUtils.execSQL(DBUtils.java:41)
	at cn.edu.zju.dao.DosingGuidelineDao.saveDosingGuideline(DosingGuidelineDao.java:29)
	at cn.edu.zju.crawler.DosingGuidelineCrawler.doCrawlerDosingGuideline(DosingGuidelineCrawler.java:63)
	at cn.edu.zju.crawler.DosingGuidelineCrawler.lambda$doCrawlerDosingGuidelineList$2(DosingGuidelineCrawler.java:40)
	at java.base/java.util.ArrayList.forEach(ArrayList.java:1604)
	at cn.edu.zju.crawler.DosingGuidelineCrawler.lambda$doCrawlerDosingGuidelineList$1(DosingGuidelineCrawler.java:38)
	at java.base/java.lang.Iterable.forEach(Iterable.java:75)
	at cn.edu.zju.crawler.DosingGuidelineCrawler.lambda$doCrawlerDosingGuidelineList$0(DosingGuidelineCrawler.java:32)
	at java.base/java.util.ArrayList$ArrayListSpliterator.forEachRemaining(ArrayList.java:1716)
	at java.base/java.util.stream.ReferencePipeline$Head.forEach(ReferencePipeline.java:807)
	at cn.edu.zju.crawler.DosingGuidelineCrawler.doCrawlerDosingGuidelineList(DosingGuidelineCrawler.java:30)
	at cn.edu.zju.crawler.GuidelineRefreshMain.main(GuidelineRefreshMain.java:7)
[main] INFO cn.edu.zju.crawler.DosingGuidelineCrawler - Saving dosing guideline: PA166229081 source=cpic evidence=3
[main] INFO cn.edu.zju.crawler.DosingGuidelineCrawler - {cpic=[], dpwg=[{alternateDrugAvailable=true, dosingInformation=true, genes=CYP2D6, hasTestingInfo=true, otherPrescribingGuidance=false, pediatric=true, recommendation=true, source=DPWG, updatedDate=2024-03-14T07:24:30.522-07:00, url=/guidelineAnnotation/PA166104943}], drug={objCls=Chemical, id=PA451257, name=risperidone, version=10.0}, drugUrl=/drug/PA451257, other=[]}
[main] INFO cn.edu.zju.crawler.DosingGuidelineCrawler - Dosing guideline exists, metadata refresh id=PA166104943 updated=1 source=dpwg evidence=3
[main] INFO cn.edu.zju.crawler.DosingGuidelineCrawler - {cpic=[{alternateDrugAvailable=true, dosingInformation=true, genes=ABCG2, SLCO1B1, hasTestingInfo=false, otherPrescribingGuidance=true, pediatric=true, recommendation=true, source=CPIC, updatedDate=2025-09-25T15:40:02.026-07:00, url=/guidelineAnnotation/PA166262321}, {alternateDrugAvailable=false, dosingInformation=false, genes=CYP3A4, CYP3A5, HMGCR, hasTestingInfo=false, otherPrescribingGuidance=false, pediatric=false, recommendation=false, source=CPIC, updatedDate=2022-09-22T14:18:20.767-07:00, url=/guidelineAnnotation/PA166273401}], dpwg=[{alternateDrugAvailable=false, dosingInformation=true, genes=SLCO1B1, hasTestingInfo=true, otherPrescribingGuidance=true, pediatric=false, recommendation=true, source=DPWG, updatedDate=2025-01-21T05:41:26.248-08:00, url=/guidelineAnnotation/PA166363221}], drug={objCls=Chemical, id=PA134308647, name=rosuvastatin, version=23.0}, drugUrl=/drug/PA134308647, other=[]}
[main] INFO cn.edu.zju.crawler.DosingGuidelineCrawler - Saving dosing guideline: PA166262321 source=cpic evidence=3
[main] INFO cn.edu.zju.dao.DosingGuidelineDao - 
com.mysql.cj.jdbc.exceptions.MysqlDataTruncation: Data truncation: Data too long for column 'name' at row 1
	at com.mysql.cj.jdbc.exceptions.SQLExceptionsMapping.translateException(SQLExceptionsMapping.java:104)
	at com.mysql.cj.jdbc.ClientPreparedStatement.executeInternal(ClientPreparedStatement.java:953)
	at com.mysql.cj.jdbc.ClientPreparedStatement.execute(ClientPreparedStatement.java:370)
	at cn.edu.zju.dao.DosingGuidelineDao.lambda$saveDosingGuideline$0(DosingGuidelineDao.java:42)
	at cn.edu.zju.dbutils.DBUtils.execSQL(DBUtils.java:41)
	at cn.edu.zju.dao.DosingGuidelineDao.saveDosingGuideline(DosingGuidelineDao.java:29)
	at cn.edu.zju.crawler.DosingGuidelineCrawler.doCrawlerDosingGuideline(DosingGuidelineCrawler.java:63)
	at cn.edu.zju.crawler.DosingGuidelineCrawler.lambda$doCrawlerDosingGuidelineList$2(DosingGuidelineCrawler.java:40)
	at java.base/java.util.ArrayList.forEach(ArrayList.java:1604)
	at cn.edu.zju.crawler.DosingGuidelineCrawler.lambda$doCrawlerDosingGuidelineList$1(DosingGuidelineCrawler.java:38)
	at java.base/java.lang.Iterable.forEach(Iterable.java:75)
	at cn.edu.zju.crawler.DosingGuidelineCrawler.lambda$doCrawlerDosingGuidelineList$0(DosingGuidelineCrawler.java:32)
	at java.base/java.util.ArrayList$ArrayListSpliterator.forEachRemaining(ArrayList.java:1716)
	at java.base/java.util.stream.ReferencePipeline$Head.forEach(ReferencePipeline.java:807)
	at cn.edu.zju.crawler.DosingGuidelineCrawler.doCrawlerDosingGuidelineList(DosingGuidelineCrawler.java:30)
	at cn.edu.zju.crawler.GuidelineRefreshMain.main(GuidelineRefreshMain.java:7)
[main] INFO cn.edu.zju.crawler.DosingGuidelineCrawler - Saving dosing guideline: PA166273401 source=cpic evidence=4
[main] INFO cn.edu.zju.crawler.DosingGuidelineCrawler - Saving dosing guideline: PA166363221 source=dpwg evidence=4
[main] INFO cn.edu.zju.crawler.DosingGuidelineCrawler - {cpic=[{alternateDrugAvailable=true, dosingInformation=true, genes=CYP2B6, CYP2C19, hasTestingInfo=false, otherPrescribingGuidance=false, pediatric=true, recommendation=true, source=CPIC, updatedDate=2024-06-26T04:45:44.418-07:00, url=/guidelineAnnotation/PA166127639}, {alternateDrugAvailable=false, dosingInformation=false, genes=SLC6A4, hasTestingInfo=false, otherPrescribingGuidance=false, pediatric=false, recommendation=false, source=CPIC, updatedDate=2024-06-25T01:19:36.027-07:00, url=/guidelineAnnotation/PA166288601}, {alternateDrugAvailable=false, dosingInformation=false, genes=HTR2A, hasTestingInfo=false, otherPrescribingGuidance=false, pediatric=false, recommendation=false, source=CPIC, updatedDate=2024-06-25T01:19:53.023-07:00, url=/guidelineAnnotation/PA166288582}], dpwg=[{alternateDrugAvailable=false, dosingInformation=false, genes=CYP2D6, hasTestingInfo=false, otherPrescribingGuidance=false, pediatric=false, recommendation=false, source=DPWG, updatedDate=2024-03-29T11:54:50.021-07:00, url=/guidelineAnnotation/PA166182821}, {alternateDrugAvailable=false, dosingInformation=true, genes=CYP2C19, hasTestingInfo=true, otherPrescribingGuidance=false, pediatric=false, recommendation=true, source=DPWG, updatedDate=2024-03-18T08:14:29.538-07:00, url=/guidelineAnnotation/PA166104980}], drug={objCls=Chemical, id=PA451333, name=sertraline, version=15.0}, drugUrl=/drug/PA451333, other=[]}
[main] INFO cn.edu.zju.crawler.DosingGuidelineCrawler - Dosing guideline exists, metadata refresh id=PA166127639 updated=1 source=cpic evidence=3
[main] INFO cn.edu.zju.dao.DosingGuidelineDao - 
com.mysql.cj.jdbc.exceptions.MysqlDataTruncation: Data truncation: Data too long for column 'name' at row 1
	at com.mysql.cj.jdbc.exceptions.SQLExceptionsMapping.translateException(SQLExceptionsMapping.java:104)
	at com.mysql.cj.jdbc.ClientPreparedStatement.executeInternal(ClientPreparedStatement.java:953)
	at com.mysql.cj.jdbc.ClientPreparedStatement.execute(ClientPreparedStatement.java:370)
	at cn.edu.zju.dao.DosingGuidelineDao.lambda$saveDosingGuideline$0(DosingGuidelineDao.java:42)
	at cn.edu.zju.dbutils.DBUtils.execSQL(DBUtils.java:41)
	at cn.edu.zju.dao.DosingGuidelineDao.saveDosingGuideline(DosingGuidelineDao.java:29)
	at cn.edu.zju.crawler.DosingGuidelineCrawler.doCrawlerDosingGuideline(DosingGuidelineCrawler.java:63)
	at cn.edu.zju.crawler.DosingGuidelineCrawler.lambda$doCrawlerDosingGuidelineList$2(DosingGuidelineCrawler.java:40)
	at java.base/java.util.ArrayList.forEach(ArrayList.java:1604)
	at cn.edu.zju.crawler.DosingGuidelineCrawler.lambda$doCrawlerDosingGuidelineList$1(DosingGuidelineCrawler.java:38)
	at java.base/java.lang.Iterable.forEach(Iterable.java:75)
	at cn.edu.zju.crawler.DosingGuidelineCrawler.lambda$doCrawlerDosingGuidelineList$0(DosingGuidelineCrawler.java:32)
	at java.base/java.util.ArrayList$ArrayListSpliterator.forEachRemaining(ArrayList.java:1716)
	at java.base/java.util.stream.ReferencePipeline$Head.forEach(ReferencePipeline.java:807)
	at cn.edu.zju.crawler.DosingGuidelineCrawler.doCrawlerDosingGuidelineList(DosingGuidelineCrawler.java:30)
	at cn.edu.zju.crawler.GuidelineRefreshMain.main(GuidelineRefreshMain.java:7)
[main] INFO cn.edu.zju.crawler.DosingGuidelineCrawler - Saving dosing guideline: PA166288601 source=cpic evidence=4
[main] INFO cn.edu.zju.dao.DosingGuidelineDao - 
com.mysql.cj.jdbc.exceptions.MysqlDataTruncation: Data truncation: Data too long for column 'name' at row 1
	at com.mysql.cj.jdbc.exceptions.SQLExceptionsMapping.translateException(SQLExceptionsMapping.java:104)
	at com.mysql.cj.jdbc.ClientPreparedStatement.executeInternal(ClientPreparedStatement.java:953)
	at com.mysql.cj.jdbc.ClientPreparedStatement.execute(ClientPreparedStatement.java:370)
	at cn.edu.zju.dao.DosingGuidelineDao.lambda$saveDosingGuideline$0(DosingGuidelineDao.java:42)
	at cn.edu.zju.dbutils.DBUtils.execSQL(DBUtils.java:41)
	at cn.edu.zju.dao.DosingGuidelineDao.saveDosingGuideline(DosingGuidelineDao.java:29)
	at cn.edu.zju.crawler.DosingGuidelineCrawler.doCrawlerDosingGuideline(DosingGuidelineCrawler.java:63)
	at cn.edu.zju.crawler.DosingGuidelineCrawler.lambda$doCrawlerDosingGuidelineList$2(DosingGuidelineCrawler.java:40)
	at java.base/java.util.ArrayList.forEach(ArrayList.java:1604)
	at cn.edu.zju.crawler.DosingGuidelineCrawler.lambda$doCrawlerDosingGuidelineList$1(DosingGuidelineCrawler.java:38)
	at java.base/java.lang.Iterable.forEach(Iterable.java:75)
	at cn.edu.zju.crawler.DosingGuidelineCrawler.lambda$doCrawlerDosingGuidelineList$0(DosingGuidelineCrawler.java:32)
	at java.base/java.util.ArrayList$ArrayListSpliterator.forEachRemaining(ArrayList.java:1716)
	at java.base/java.util.stream.ReferencePipeline$Head.forEach(ReferencePipeline.java:807)
	at cn.edu.zju.crawler.DosingGuidelineCrawler.doCrawlerDosingGuidelineList(DosingGuidelineCrawler.java:30)
	at cn.edu.zju.crawler.GuidelineRefreshMain.main(GuidelineRefreshMain.java:7)
[main] INFO cn.edu.zju.crawler.DosingGuidelineCrawler - Saving dosing guideline: PA166288582 source=cpic evidence=4
[main] INFO cn.edu.zju.crawler.DosingGuidelineCrawler - Dosing guideline exists, metadata refresh id=PA166182821 updated=1 source=dpwg evidence=4
[main] INFO cn.edu.zju.crawler.DosingGuidelineCrawler - Dosing guideline exists, metadata refresh id=PA166104980 updated=1 source=dpwg evidence=3
[main] INFO cn.edu.zju.crawler.DosingGuidelineCrawler - {cpic=[{alternateDrugAvailable=true, dosingInformation=false, genes=CACNA1S, RYR1, hasTestingInfo=false, otherPrescribingGuidance=true, pediatric=true, recommendation=true, source=CPIC, updatedDate=2023-12-13T13:21:05.189-08:00, url=/guidelineAnnotation/PA166303941}], dpwg=[], drug={objCls=Chemical, id=PA451341, name=sevoflurane, version=11.0}, drugUrl=/drug/PA451341, other=[]}
[main] INFO cn.edu.zju.dao.DosingGuidelineDao - 
com.mysql.cj.jdbc.exceptions.MysqlDataTruncation: Data truncation: Data too long for column 'name' at row 1
	at com.mysql.cj.jdbc.exceptions.SQLExceptionsMapping.translateException(SQLExceptionsMapping.java:104)
	at com.mysql.cj.jdbc.ClientPreparedStatement.executeInternal(ClientPreparedStatement.java:953)
	at com.mysql.cj.jdbc.ClientPreparedStatement.execute(ClientPreparedStatement.java:370)
	at cn.edu.zju.dao.DosingGuidelineDao.lambda$saveDosingGuideline$0(DosingGuidelineDao.java:42)
	at cn.edu.zju.dbutils.DBUtils.execSQL(DBUtils.java:41)
	at cn.edu.zju.dao.DosingGuidelineDao.saveDosingGuideline(DosingGuidelineDao.java:29)
	at cn.edu.zju.crawler.DosingGuidelineCrawler.doCrawlerDosingGuideline(DosingGuidelineCrawler.java:63)
	at cn.edu.zju.crawler.DosingGuidelineCrawler.lambda$doCrawlerDosingGuidelineList$2(DosingGuidelineCrawler.java:40)
	at java.base/java.util.ArrayList.forEach(ArrayList.java:1604)
	at cn.edu.zju.crawler.DosingGuidelineCrawler.lambda$doCrawlerDosingGuidelineList$1(DosingGuidelineCrawler.java:38)
	at java.base/java.lang.Iterable.forEach(Iterable.java:75)
	at cn.edu.zju.crawler.DosingGuidelineCrawler.lambda$doCrawlerDosingGuidelineList$0(DosingGuidelineCrawler.java:32)
	at java.base/java.util.ArrayList$ArrayListSpliterator.forEachRemaining(ArrayList.java:1716)
	at java.base/java.util.stream.ReferencePipeline$Head.forEach(ReferencePipeline.java:807)
	at cn.edu.zju.crawler.DosingGuidelineCrawler.doCrawlerDosingGuidelineList(DosingGuidelineCrawler.java:30)
	at cn.edu.zju.crawler.GuidelineRefreshMain.main(GuidelineRefreshMain.java:7)
[main] INFO cn.edu.zju.crawler.DosingGuidelineCrawler - Saving dosing guideline: PA166303941 source=cpic evidence=4
[main] INFO cn.edu.zju.crawler.DosingGuidelineCrawler - {cpic=[{alternateDrugAvailable=true, dosingInformation=true, genes=SLCO1B1, hasTestingInfo=false, otherPrescribingGuidance=false, pediatric=true, recommendation=true, source=CPIC, updatedDate=2025-09-25T15:40:32.525-07:00, url=/guidelineAnnotation/PA166105005}, {alternateDrugAvailable=false, dosingInformation=false, genes=ABCG2, hasTestingInfo=false, otherPrescribingGuidance=false, pediatric=false, recommendation=false, source=CPIC, updatedDate=2022-09-22T14:17:24.774-07:00, url=/guidelineAnnotation/PA166262661}, {alternateDrugAvailable=false, dosingInformation=false, genes=CYP3A4, CYP3A5, HMGCR, hasTestingInfo=false, otherPrescribingGuidance=false, pediatric=false, recommendation=false, source=CPIC, updatedDate=2022-09-22T14:18:20.767-07:00, url=/guidelineAnnotation/PA166273401}], dpwg=[{alternateDrugAvailable=true, dosingInformation=true, genes=SLCO1B1, hasTestingInfo=true, otherPrescribingGuidance=true, pediatric=false, recommendation=true, source=DPWG, updatedDate=2025-01-21T07:38:43.265-08:00, url=/guidelineAnnotation/PA166182844}], drug={objCls=Chemical, id=PA451363, name=simvastatin, version=26.0}, drugUrl=/drug/PA451363, other=[{alternateDrugAvailable=true, dosingInformation=true, genes=SLCO1B1, hasTestingInfo=false, otherPrescribingGuidance=false, pediatric=false, recommendation=true, source=RNPGx, updatedDate=2024-04-24T00:08:33.959-07:00, url=/guidelineAnnotation/PA166202561}]}
[main] INFO cn.edu.zju.crawler.DosingGuidelineCrawler - Dosing guideline exists, metadata refresh id=PA166105005 updated=1 source=cpic evidence=1A
[main] INFO cn.edu.zju.dao.DosingGuidelineDao - 
com.mysql.cj.jdbc.exceptions.MysqlDataTruncation: Data truncation: Data too long for column 'name' at row 1
	at com.mysql.cj.jdbc.exceptions.SQLExceptionsMapping.translateException(SQLExceptionsMapping.java:104)
	at com.mysql.cj.jdbc.ClientPreparedStatement.executeInternal(ClientPreparedStatement.java:953)
	at com.mysql.cj.jdbc.ClientPreparedStatement.execute(ClientPreparedStatement.java:370)
	at cn.edu.zju.dao.DosingGuidelineDao.lambda$saveDosingGuideline$0(DosingGuidelineDao.java:42)
	at cn.edu.zju.dbutils.DBUtils.execSQL(DBUtils.java:41)
	at cn.edu.zju.dao.DosingGuidelineDao.saveDosingGuideline(DosingGuidelineDao.java:29)
	at cn.edu.zju.crawler.DosingGuidelineCrawler.doCrawlerDosingGuideline(DosingGuidelineCrawler.java:63)
	at cn.edu.zju.crawler.DosingGuidelineCrawler.lambda$doCrawlerDosingGuidelineList$2(DosingGuidelineCrawler.java:40)
	at java.base/java.util.ArrayList.forEach(ArrayList.java:1604)
	at cn.edu.zju.crawler.DosingGuidelineCrawler.lambda$doCrawlerDosingGuidelineList$1(DosingGuidelineCrawler.java:38)
	at java.base/java.lang.Iterable.forEach(Iterable.java:75)
	at cn.edu.zju.crawler.DosingGuidelineCrawler.lambda$doCrawlerDosingGuidelineList$0(DosingGuidelineCrawler.java:32)
	at java.base/java.util.ArrayList$ArrayListSpliterator.forEachRemaining(ArrayList.java:1716)
	at java.base/java.util.stream.ReferencePipeline$Head.forEach(ReferencePipeline.java:807)
	at cn.edu.zju.crawler.DosingGuidelineCrawler.doCrawlerDosingGuidelineList(DosingGuidelineCrawler.java:30)
	at cn.edu.zju.crawler.GuidelineRefreshMain.main(GuidelineRefreshMain.java:7)
[main] INFO cn.edu.zju.crawler.DosingGuidelineCrawler - Saving dosing guideline: PA166262661 source=cpic evidence=3
[main] INFO cn.edu.zju.dao.DosingGuidelineDao - 
com.mysql.cj.jdbc.exceptions.MysqlDataTruncation: Data truncation: Data too long for column 'name' at row 1
	at com.mysql.cj.jdbc.exceptions.SQLExceptionsMapping.translateException(SQLExceptionsMapping.java:104)
	at com.mysql.cj.jdbc.ClientPreparedStatement.executeInternal(ClientPreparedStatement.java:953)
	at com.mysql.cj.jdbc.ClientPreparedStatement.execute(ClientPreparedStatement.java:370)
	at cn.edu.zju.dao.DosingGuidelineDao.lambda$saveDosingGuideline$0(DosingGuidelineDao.java:42)
	at cn.edu.zju.dbutils.DBUtils.execSQL(DBUtils.java:41)
	at cn.edu.zju.dao.DosingGuidelineDao.saveDosingGuideline(DosingGuidelineDao.java:29)
	at cn.edu.zju.crawler.DosingGuidelineCrawler.doCrawlerDosingGuideline(DosingGuidelineCrawler.java:63)
	at cn.edu.zju.crawler.DosingGuidelineCrawler.lambda$doCrawlerDosingGuidelineList$2(DosingGuidelineCrawler.java:40)
	at java.base/java.util.ArrayList.forEach(ArrayList.java:1604)
	at cn.edu.zju.crawler.DosingGuidelineCrawler.lambda$doCrawlerDosingGuidelineList$1(DosingGuidelineCrawler.java:38)
	at java.base/java.lang.Iterable.forEach(Iterable.java:75)
	at cn.edu.zju.crawler.DosingGuidelineCrawler.lambda$doCrawlerDosingGuidelineList$0(DosingGuidelineCrawler.java:32)
	at java.base/java.util.ArrayList$ArrayListSpliterator.forEachRemaining(ArrayList.java:1716)
	at java.base/java.util.stream.ReferencePipeline$Head.forEach(ReferencePipeline.java:807)
	at cn.edu.zju.crawler.DosingGuidelineCrawler.doCrawlerDosingGuidelineList(DosingGuidelineCrawler.java:30)
	at cn.edu.zju.crawler.GuidelineRefreshMain.main(GuidelineRefreshMain.java:7)
[main] INFO cn.edu.zju.crawler.DosingGuidelineCrawler - Saving dosing guideline: PA166273401 source=cpic evidence=4
[main] INFO cn.edu.zju.crawler.DosingGuidelineCrawler - Dosing guideline exists, metadata refresh id=PA166182844 updated=1 source=dpwg evidence=3
[main] INFO cn.edu.zju.crawler.DosingGuidelineCrawler - {cpic=[], dpwg=[{alternateDrugAvailable=true, dosingInformation=true, genes=CYP2C9, hasTestingInfo=true, otherPrescribingGuidance=false, pediatric=false, recommendation=true, source=DPWG, updatedDate=2025-09-22T00:00:00-07:00, url=/guidelineAnnotation/PA166211021}], drug={objCls=Chemical, id=PA166182736, name=siponimod, version=7.0}, drugUrl=/drug/PA166182736, other=[]}
[main] INFO cn.edu.zju.crawler.DosingGuidelineCrawler - Saving dosing guideline: PA166211021 source=dpwg evidence=3
[main] INFO cn.edu.zju.crawler.DosingGuidelineCrawler - {cpic=[{alternateDrugAvailable=false, dosingInformation=false, genes=G6PD, hasTestingInfo=false, otherPrescribingGuidance=false, pediatric=true, recommendation=false, source=CPIC, updatedDate=2024-05-15T09:44:05.862-07:00, url=/guidelineAnnotation/PA166279481}], dpwg=[], drug={objCls=Chemical, id=PA166279461, name=sodium nitrate, version=3.0}, drugUrl=/drug/PA166279461, other=[]}
[main] INFO cn.edu.zju.dao.DosingGuidelineDao - 
com.mysql.cj.jdbc.exceptions.MysqlDataTruncation: Data truncation: Data too long for column 'name' at row 1
	at com.mysql.cj.jdbc.exceptions.SQLExceptionsMapping.translateException(SQLExceptionsMapping.java:104)
	at com.mysql.cj.jdbc.ClientPreparedStatement.executeInternal(ClientPreparedStatement.java:953)
	at com.mysql.cj.jdbc.ClientPreparedStatement.execute(ClientPreparedStatement.java:370)
	at cn.edu.zju.dao.DosingGuidelineDao.lambda$saveDosingGuideline$0(DosingGuidelineDao.java:42)
	at cn.edu.zju.dbutils.DBUtils.execSQL(DBUtils.java:41)
	at cn.edu.zju.dao.DosingGuidelineDao.saveDosingGuideline(DosingGuidelineDao.java:29)
	at cn.edu.zju.crawler.DosingGuidelineCrawler.doCrawlerDosingGuideline(DosingGuidelineCrawler.java:63)
	at cn.edu.zju.crawler.DosingGuidelineCrawler.lambda$doCrawlerDosingGuidelineList$2(DosingGuidelineCrawler.java:40)
	at java.base/java.util.ArrayList.forEach(ArrayList.java:1604)
	at cn.edu.zju.crawler.DosingGuidelineCrawler.lambda$doCrawlerDosingGuidelineList$1(DosingGuidelineCrawler.java:38)
	at java.base/java.lang.Iterable.forEach(Iterable.java:75)
	at cn.edu.zju.crawler.DosingGuidelineCrawler.lambda$doCrawlerDosingGuidelineList$0(DosingGuidelineCrawler.java:32)
	at java.base/java.util.ArrayList$ArrayListSpliterator.forEachRemaining(ArrayList.java:1716)
	at java.base/java.util.stream.ReferencePipeline$Head.forEach(ReferencePipeline.java:807)
	at cn.edu.zju.crawler.DosingGuidelineCrawler.doCrawlerDosingGuidelineList(DosingGuidelineCrawler.java:30)
	at cn.edu.zju.crawler.GuidelineRefreshMain.main(GuidelineRefreshMain.java:7)
[main] INFO cn.edu.zju.crawler.DosingGuidelineCrawler - Saving dosing guideline: PA166279481 source=cpic evidence=4
[main] INFO cn.edu.zju.crawler.DosingGuidelineCrawler - {cpic=[{alternateDrugAvailable=false, dosingInformation=false, genes=ADRA2C, ADRB1, GRK4, GRK5, hasTestingInfo=false, otherPrescribingGuidance=false, pediatric=false, recommendation=false, source=CPIC, updatedDate=2024-08-12T04:47:05.554-07:00, url=/guidelineAnnotation/PA166341522}, {alternateDrugAvailable=false, dosingInformation=false, genes=ADRB2, hasTestingInfo=false, otherPrescribingGuidance=false, pediatric=false, recommendation=false, source=CPIC, updatedDate=2024-08-12T04:47:34.482-07:00, url=/guidelineAnnotation/PA166341524}], dpwg=[{alternateDrugAvailable=false, dosingInformation=false, genes=CYP2D6, hasTestingInfo=false, otherPrescribingGuidance=false, pediatric=false, recommendation=false, source=DPWG, updatedDate=2024-03-29T11:55:18.966-07:00, url=/guidelineAnnotation/PA166182855}], drug={objCls=Chemical, id=PA451457, name=sotalol, version=13.0}, drugUrl=/drug/PA451457, other=[]}
[main] INFO cn.edu.zju.dao.DosingGuidelineDao - 
com.mysql.cj.jdbc.exceptions.MysqlDataTruncation: Data truncation: Data too long for column 'name' at row 1
	at com.mysql.cj.jdbc.exceptions.SQLExceptionsMapping.translateException(SQLExceptionsMapping.java:104)
	at com.mysql.cj.jdbc.ClientPreparedStatement.executeInternal(ClientPreparedStatement.java:953)
	at com.mysql.cj.jdbc.ClientPreparedStatement.execute(ClientPreparedStatement.java:370)
	at cn.edu.zju.dao.DosingGuidelineDao.lambda$saveDosingGuideline$0(DosingGuidelineDao.java:42)
	at cn.edu.zju.dbutils.DBUtils.execSQL(DBUtils.java:41)
	at cn.edu.zju.dao.DosingGuidelineDao.saveDosingGuideline(DosingGuidelineDao.java:29)
	at cn.edu.zju.crawler.DosingGuidelineCrawler.doCrawlerDosingGuideline(DosingGuidelineCrawler.java:63)
	at cn.edu.zju.crawler.DosingGuidelineCrawler.lambda$doCrawlerDosingGuidelineList$2(DosingGuidelineCrawler.java:40)
	at java.base/java.util.ArrayList.forEach(ArrayList.java:1604)
	at cn.edu.zju.crawler.DosingGuidelineCrawler.lambda$doCrawlerDosingGuidelineList$1(DosingGuidelineCrawler.java:38)
	at java.base/java.lang.Iterable.forEach(Iterable.java:75)
	at cn.edu.zju.crawler.DosingGuidelineCrawler.lambda$doCrawlerDosingGuidelineList$0(DosingGuidelineCrawler.java:32)
	at java.base/java.util.ArrayList$ArrayListSpliterator.forEachRemaining(ArrayList.java:1716)
	at java.base/java.util.stream.ReferencePipeline$Head.forEach(ReferencePipeline.java:807)
	at cn.edu.zju.crawler.DosingGuidelineCrawler.doCrawlerDosingGuidelineList(DosingGuidelineCrawler.java:30)
	at cn.edu.zju.crawler.GuidelineRefreshMain.main(GuidelineRefreshMain.java:7)
[main] INFO cn.edu.zju.crawler.DosingGuidelineCrawler - Saving dosing guideline: PA166341522 source=cpic evidence=4
[main] INFO cn.edu.zju.dao.DosingGuidelineDao - 
com.mysql.cj.jdbc.exceptions.MysqlDataTruncation: Data truncation: Data too long for column 'name' at row 1
	at com.mysql.cj.jdbc.exceptions.SQLExceptionsMapping.translateException(SQLExceptionsMapping.java:104)
	at com.mysql.cj.jdbc.ClientPreparedStatement.executeInternal(ClientPreparedStatement.java:953)
	at com.mysql.cj.jdbc.ClientPreparedStatement.execute(ClientPreparedStatement.java:370)
	at cn.edu.zju.dao.DosingGuidelineDao.lambda$saveDosingGuideline$0(DosingGuidelineDao.java:42)
	at cn.edu.zju.dbutils.DBUtils.execSQL(DBUtils.java:41)
	at cn.edu.zju.dao.DosingGuidelineDao.saveDosingGuideline(DosingGuidelineDao.java:29)
	at cn.edu.zju.crawler.DosingGuidelineCrawler.doCrawlerDosingGuideline(DosingGuidelineCrawler.java:63)
	at cn.edu.zju.crawler.DosingGuidelineCrawler.lambda$doCrawlerDosingGuidelineList$2(DosingGuidelineCrawler.java:40)
	at java.base/java.util.ArrayList.forEach(ArrayList.java:1604)
	at cn.edu.zju.crawler.DosingGuidelineCrawler.lambda$doCrawlerDosingGuidelineList$1(DosingGuidelineCrawler.java:38)
	at java.base/java.lang.Iterable.forEach(Iterable.java:75)
	at cn.edu.zju.crawler.DosingGuidelineCrawler.lambda$doCrawlerDosingGuidelineList$0(DosingGuidelineCrawler.java:32)
	at java.base/java.util.ArrayList$ArrayListSpliterator.forEachRemaining(ArrayList.java:1716)
	at java.base/java.util.stream.ReferencePipeline$Head.forEach(ReferencePipeline.java:807)
	at cn.edu.zju.crawler.DosingGuidelineCrawler.doCrawlerDosingGuidelineList(DosingGuidelineCrawler.java:30)
	at cn.edu.zju.crawler.GuidelineRefreshMain.main(GuidelineRefreshMain.java:7)
[main] INFO cn.edu.zju.crawler.DosingGuidelineCrawler - Saving dosing guideline: PA166341524 source=cpic evidence=4
[main] INFO cn.edu.zju.crawler.DosingGuidelineCrawler - Dosing guideline exists, metadata refresh id=PA166182855 updated=1 source=dpwg evidence=4
[main] INFO cn.edu.zju.crawler.DosingGuidelineCrawler - {cpic=[{alternateDrugAvailable=true, dosingInformation=false, genes=MT-RNR1, hasTestingInfo=false, otherPrescribingGuidance=true, pediatric=true, recommendation=true, source=CPIC, updatedDate=2025-10-27T00:00:00-07:00, url=/guidelineAnnotation/PA166229081}], dpwg=[], drug={objCls=Chemical, id=PA451512, name=streptomycin, version=9.0}, drugUrl=/drug/PA451512, other=[]}
[main] INFO cn.edu.zju.dao.DosingGuidelineDao - 
com.mysql.cj.jdbc.exceptions.MysqlDataTruncation: Data truncation: Data too long for column 'name' at row 1
	at com.mysql.cj.jdbc.exceptions.SQLExceptionsMapping.translateException(SQLExceptionsMapping.java:104)
	at com.mysql.cj.jdbc.ClientPreparedStatement.executeInternal(ClientPreparedStatement.java:953)
	at com.mysql.cj.jdbc.ClientPreparedStatement.execute(ClientPreparedStatement.java:370)
	at cn.edu.zju.dao.DosingGuidelineDao.lambda$saveDosingGuideline$0(DosingGuidelineDao.java:42)
	at cn.edu.zju.dbutils.DBUtils.execSQL(DBUtils.java:41)
	at cn.edu.zju.dao.DosingGuidelineDao.saveDosingGuideline(DosingGuidelineDao.java:29)
	at cn.edu.zju.crawler.DosingGuidelineCrawler.doCrawlerDosingGuideline(DosingGuidelineCrawler.java:63)
	at cn.edu.zju.crawler.DosingGuidelineCrawler.lambda$doCrawlerDosingGuidelineList$2(DosingGuidelineCrawler.java:40)
	at java.base/java.util.ArrayList.forEach(ArrayList.java:1604)
	at cn.edu.zju.crawler.DosingGuidelineCrawler.lambda$doCrawlerDosingGuidelineList$1(DosingGuidelineCrawler.java:38)
	at java.base/java.lang.Iterable.forEach(Iterable.java:75)
	at cn.edu.zju.crawler.DosingGuidelineCrawler.lambda$doCrawlerDosingGuidelineList$0(DosingGuidelineCrawler.java:32)
	at java.base/java.util.ArrayList$ArrayListSpliterator.forEachRemaining(ArrayList.java:1716)
	at java.base/java.util.stream.ReferencePipeline$Head.forEach(ReferencePipeline.java:807)
	at cn.edu.zju.crawler.DosingGuidelineCrawler.doCrawlerDosingGuidelineList(DosingGuidelineCrawler.java:30)
	at cn.edu.zju.crawler.GuidelineRefreshMain.main(GuidelineRefreshMain.java:7)
[main] INFO cn.edu.zju.crawler.DosingGuidelineCrawler - Saving dosing guideline: PA166229081 source=cpic evidence=3
[main] INFO cn.edu.zju.crawler.DosingGuidelineCrawler - {cpic=[{alternateDrugAvailable=true, dosingInformation=false, genes=CACNA1S, RYR1, hasTestingInfo=false, otherPrescribingGuidance=true, pediatric=true, recommendation=true, source=CPIC, updatedDate=2023-12-13T13:21:05.189-08:00, url=/guidelineAnnotation/PA166303941}], dpwg=[], drug={objCls=Chemical, id=PA451522, name=succinylcholine, version=9.0}, drugUrl=/drug/PA451522, other=[]}
[main] INFO cn.edu.zju.dao.DosingGuidelineDao - 
com.mysql.cj.jdbc.exceptions.MysqlDataTruncation: Data truncation: Data too long for column 'name' at row 1
	at com.mysql.cj.jdbc.exceptions.SQLExceptionsMapping.translateException(SQLExceptionsMapping.java:104)
	at com.mysql.cj.jdbc.ClientPreparedStatement.executeInternal(ClientPreparedStatement.java:953)
	at com.mysql.cj.jdbc.ClientPreparedStatement.execute(ClientPreparedStatement.java:370)
	at cn.edu.zju.dao.DosingGuidelineDao.lambda$saveDosingGuideline$0(DosingGuidelineDao.java:42)
	at cn.edu.zju.dbutils.DBUtils.execSQL(DBUtils.java:41)
	at cn.edu.zju.dao.DosingGuidelineDao.saveDosingGuideline(DosingGuidelineDao.java:29)
	at cn.edu.zju.crawler.DosingGuidelineCrawler.doCrawlerDosingGuideline(DosingGuidelineCrawler.java:63)
	at cn.edu.zju.crawler.DosingGuidelineCrawler.lambda$doCrawlerDosingGuidelineList$2(DosingGuidelineCrawler.java:40)
	at java.base/java.util.ArrayList.forEach(ArrayList.java:1604)
	at cn.edu.zju.crawler.DosingGuidelineCrawler.lambda$doCrawlerDosingGuidelineList$1(DosingGuidelineCrawler.java:38)
	at java.base/java.lang.Iterable.forEach(Iterable.java:75)
	at cn.edu.zju.crawler.DosingGuidelineCrawler.lambda$doCrawlerDosingGuidelineList$0(DosingGuidelineCrawler.java:32)
	at java.base/java.util.ArrayList$ArrayListSpliterator.forEachRemaining(ArrayList.java:1716)
	at java.base/java.util.stream.ReferencePipeline$Head.forEach(ReferencePipeline.java:807)
	at cn.edu.zju.crawler.DosingGuidelineCrawler.doCrawlerDosingGuidelineList(DosingGuidelineCrawler.java:30)
	at cn.edu.zju.crawler.GuidelineRefreshMain.main(GuidelineRefreshMain.java:7)
[main] INFO cn.edu.zju.crawler.DosingGuidelineCrawler - Saving dosing guideline: PA166303941 source=cpic evidence=4
[main] INFO cn.edu.zju.crawler.DosingGuidelineCrawler - {cpic=[{alternateDrugAvailable=false, dosingInformation=false, genes=COMT, OPRM1, hasTestingInfo=false, otherPrescribingGuidance=false, pediatric=false, recommendation=false, source=CPIC, updatedDate=2021-11-29T15:42:20.114-08:00, url=/guidelineAnnotation/PA166227941}], dpwg=[], drug={objCls=Chemical, id=PA451527, name=sufentanil, version=10.0}, drugUrl=/drug/PA451527, other=[]}
[main] INFO cn.edu.zju.dao.DosingGuidelineDao - 
com.mysql.cj.jdbc.exceptions.MysqlDataTruncation: Data truncation: Data too long for column 'name' at row 1
	at com.mysql.cj.jdbc.exceptions.SQLExceptionsMapping.translateException(SQLExceptionsMapping.java:104)
	at com.mysql.cj.jdbc.ClientPreparedStatement.executeInternal(ClientPreparedStatement.java:953)
	at com.mysql.cj.jdbc.ClientPreparedStatement.execute(ClientPreparedStatement.java:370)
	at cn.edu.zju.dao.DosingGuidelineDao.lambda$saveDosingGuideline$0(DosingGuidelineDao.java:42)
	at cn.edu.zju.dbutils.DBUtils.execSQL(DBUtils.java:41)
	at cn.edu.zju.dao.DosingGuidelineDao.saveDosingGuideline(DosingGuidelineDao.java:29)
	at cn.edu.zju.crawler.DosingGuidelineCrawler.doCrawlerDosingGuideline(DosingGuidelineCrawler.java:63)
	at cn.edu.zju.crawler.DosingGuidelineCrawler.lambda$doCrawlerDosingGuidelineList$2(DosingGuidelineCrawler.java:40)
	at java.base/java.util.ArrayList.forEach(ArrayList.java:1604)
	at cn.edu.zju.crawler.DosingGuidelineCrawler.lambda$doCrawlerDosingGuidelineList$1(DosingGuidelineCrawler.java:38)
	at java.base/java.lang.Iterable.forEach(Iterable.java:75)
	at cn.edu.zju.crawler.DosingGuidelineCrawler.lambda$doCrawlerDosingGuidelineList$0(DosingGuidelineCrawler.java:32)
	at java.base/java.util.ArrayList$ArrayListSpliterator.forEachRemaining(ArrayList.java:1716)
	at java.base/java.util.stream.ReferencePipeline$Head.forEach(ReferencePipeline.java:807)
	at cn.edu.zju.crawler.DosingGuidelineCrawler.doCrawlerDosingGuidelineList(DosingGuidelineCrawler.java:30)
	at cn.edu.zju.crawler.GuidelineRefreshMain.main(GuidelineRefreshMain.java:7)
[main] INFO cn.edu.zju.crawler.DosingGuidelineCrawler - Saving dosing guideline: PA166227941 source=cpic evidence=4
[main] INFO cn.edu.zju.crawler.DosingGuidelineCrawler - {cpic=[{alternateDrugAvailable=false, dosingInformation=false, genes=G6PD, hasTestingInfo=false, otherPrescribingGuidance=false, pediatric=true, recommendation=false, source=CPIC, updatedDate=2024-05-15T09:44:05.862-07:00, url=/guidelineAnnotation/PA166279481}], dpwg=[], drug={objCls=Chemical, id=PA451536, name=sulfacetamide, version=7.0}, drugUrl=/drug/PA451536, other=[]}
[main] INFO cn.edu.zju.dao.DosingGuidelineDao - 
com.mysql.cj.jdbc.exceptions.MysqlDataTruncation: Data truncation: Data too long for column 'name' at row 1
	at com.mysql.cj.jdbc.exceptions.SQLExceptionsMapping.translateException(SQLExceptionsMapping.java:104)
	at com.mysql.cj.jdbc.ClientPreparedStatement.executeInternal(ClientPreparedStatement.java:953)
	at com.mysql.cj.jdbc.ClientPreparedStatement.execute(ClientPreparedStatement.java:370)
	at cn.edu.zju.dao.DosingGuidelineDao.lambda$saveDosingGuideline$0(DosingGuidelineDao.java:42)
	at cn.edu.zju.dbutils.DBUtils.execSQL(DBUtils.java:41)
	at cn.edu.zju.dao.DosingGuidelineDao.saveDosingGuideline(DosingGuidelineDao.java:29)
	at cn.edu.zju.crawler.DosingGuidelineCrawler.doCrawlerDosingGuideline(DosingGuidelineCrawler.java:63)
	at cn.edu.zju.crawler.DosingGuidelineCrawler.lambda$doCrawlerDosingGuidelineList$2(DosingGuidelineCrawler.java:40)
	at java.base/java.util.ArrayList.forEach(ArrayList.java:1604)
	at cn.edu.zju.crawler.DosingGuidelineCrawler.lambda$doCrawlerDosingGuidelineList$1(DosingGuidelineCrawler.java:38)
	at java.base/java.lang.Iterable.forEach(Iterable.java:75)
	at cn.edu.zju.crawler.DosingGuidelineCrawler.lambda$doCrawlerDosingGuidelineList$0(DosingGuidelineCrawler.java:32)
	at java.base/java.util.ArrayList$ArrayListSpliterator.forEachRemaining(ArrayList.java:1716)
	at java.base/java.util.stream.ReferencePipeline$Head.forEach(ReferencePipeline.java:807)
	at cn.edu.zju.crawler.DosingGuidelineCrawler.doCrawlerDosingGuidelineList(DosingGuidelineCrawler.java:30)
	at cn.edu.zju.crawler.GuidelineRefreshMain.main(GuidelineRefreshMain.java:7)
[main] INFO cn.edu.zju.crawler.DosingGuidelineCrawler - Saving dosing guideline: PA166279481 source=cpic evidence=4
[main] INFO cn.edu.zju.crawler.DosingGuidelineCrawler - {cpic=[{alternateDrugAvailable=false, dosingInformation=false, genes=G6PD, hasTestingInfo=false, otherPrescribingGuidance=false, pediatric=true, recommendation=false, source=CPIC, updatedDate=2025-03-20T10:28:17.183-07:00, url=/guidelineAnnotation/PA166279741}], dpwg=[], drug={objCls=Chemical, id=PA451539, name=sulfadiazine, version=8.0}, drugUrl=/drug/PA451539, other=[]}
[main] INFO cn.edu.zju.dao.DosingGuidelineDao - 
com.mysql.cj.jdbc.exceptions.MysqlDataTruncation: Data truncation: Data too long for column 'name' at row 1
	at com.mysql.cj.jdbc.exceptions.SQLExceptionsMapping.translateException(SQLExceptionsMapping.java:104)
	at com.mysql.cj.jdbc.ClientPreparedStatement.executeInternal(ClientPreparedStatement.java:953)
	at com.mysql.cj.jdbc.ClientPreparedStatement.execute(ClientPreparedStatement.java:370)
	at cn.edu.zju.dao.DosingGuidelineDao.lambda$saveDosingGuideline$0(DosingGuidelineDao.java:42)
	at cn.edu.zju.dbutils.DBUtils.execSQL(DBUtils.java:41)
	at cn.edu.zju.dao.DosingGuidelineDao.saveDosingGuideline(DosingGuidelineDao.java:29)
	at cn.edu.zju.crawler.DosingGuidelineCrawler.doCrawlerDosingGuideline(DosingGuidelineCrawler.java:63)
	at cn.edu.zju.crawler.DosingGuidelineCrawler.lambda$doCrawlerDosingGuidelineList$2(DosingGuidelineCrawler.java:40)
	at java.base/java.util.ArrayList.forEach(ArrayList.java:1604)
	at cn.edu.zju.crawler.DosingGuidelineCrawler.lambda$doCrawlerDosingGuidelineList$1(DosingGuidelineCrawler.java:38)
	at java.base/java.lang.Iterable.forEach(Iterable.java:75)
	at cn.edu.zju.crawler.DosingGuidelineCrawler.lambda$doCrawlerDosingGuidelineList$0(DosingGuidelineCrawler.java:32)
	at java.base/java.util.ArrayList$ArrayListSpliterator.forEachRemaining(ArrayList.java:1716)
	at java.base/java.util.stream.ReferencePipeline$Head.forEach(ReferencePipeline.java:807)
	at cn.edu.zju.crawler.DosingGuidelineCrawler.doCrawlerDosingGuidelineList(DosingGuidelineCrawler.java:30)
	at cn.edu.zju.crawler.GuidelineRefreshMain.main(GuidelineRefreshMain.java:7)
[main] INFO cn.edu.zju.crawler.DosingGuidelineCrawler - Saving dosing guideline: PA166279741 source=cpic evidence=4
[main] INFO cn.edu.zju.crawler.DosingGuidelineCrawler - {cpic=[{alternateDrugAvailable=false, dosingInformation=false, genes=G6PD, hasTestingInfo=false, otherPrescribingGuidance=false, pediatric=true, recommendation=false, source=CPIC, updatedDate=2025-03-20T10:28:17.183-07:00, url=/guidelineAnnotation/PA166279741}], dpwg=[], drug={objCls=Chemical, id=PA451542, name=sulfamethazine, version=7.0}, drugUrl=/drug/PA451542, other=[]}
[main] INFO cn.edu.zju.dao.DosingGuidelineDao - 
com.mysql.cj.jdbc.exceptions.MysqlDataTruncation: Data truncation: Data too long for column 'name' at row 1
	at com.mysql.cj.jdbc.exceptions.SQLExceptionsMapping.translateException(SQLExceptionsMapping.java:104)
	at com.mysql.cj.jdbc.ClientPreparedStatement.executeInternal(ClientPreparedStatement.java:953)
	at com.mysql.cj.jdbc.ClientPreparedStatement.execute(ClientPreparedStatement.java:370)
	at cn.edu.zju.dao.DosingGuidelineDao.lambda$saveDosingGuideline$0(DosingGuidelineDao.java:42)
	at cn.edu.zju.dbutils.DBUtils.execSQL(DBUtils.java:41)
	at cn.edu.zju.dao.DosingGuidelineDao.saveDosingGuideline(DosingGuidelineDao.java:29)
	at cn.edu.zju.crawler.DosingGuidelineCrawler.doCrawlerDosingGuideline(DosingGuidelineCrawler.java:63)
	at cn.edu.zju.crawler.DosingGuidelineCrawler.lambda$doCrawlerDosingGuidelineList$2(DosingGuidelineCrawler.java:40)
	at java.base/java.util.ArrayList.forEach(ArrayList.java:1604)
	at cn.edu.zju.crawler.DosingGuidelineCrawler.lambda$doCrawlerDosingGuidelineList$1(DosingGuidelineCrawler.java:38)
	at java.base/java.lang.Iterable.forEach(Iterable.java:75)
	at cn.edu.zju.crawler.DosingGuidelineCrawler.lambda$doCrawlerDosingGuidelineList$0(DosingGuidelineCrawler.java:32)
	at java.base/java.util.ArrayList$ArrayListSpliterator.forEachRemaining(ArrayList.java:1716)
	at java.base/java.util.stream.ReferencePipeline$Head.forEach(ReferencePipeline.java:807)
	at cn.edu.zju.crawler.DosingGuidelineCrawler.doCrawlerDosingGuidelineList(DosingGuidelineCrawler.java:30)
	at cn.edu.zju.crawler.GuidelineRefreshMain.main(GuidelineRefreshMain.java:7)
[main] INFO cn.edu.zju.crawler.DosingGuidelineCrawler - Saving dosing guideline: PA166279741 source=cpic evidence=4
[main] INFO cn.edu.zju.crawler.DosingGuidelineCrawler - {cpic=[{alternateDrugAvailable=false, dosingInformation=false, genes=G6PD, hasTestingInfo=false, otherPrescribingGuidance=false, pediatric=true, recommendation=false, source=CPIC, updatedDate=2025-03-20T10:28:17.183-07:00, url=/guidelineAnnotation/PA166279741}], dpwg=[], drug={objCls=Chemical, id=PA451544, name=sulfamethoxazole, version=7.0}, drugUrl=/drug/PA451544, other=[]}
[main] INFO cn.edu.zju.dao.DosingGuidelineDao - 
com.mysql.cj.jdbc.exceptions.MysqlDataTruncation: Data truncation: Data too long for column 'name' at row 1
	at com.mysql.cj.jdbc.exceptions.SQLExceptionsMapping.translateException(SQLExceptionsMapping.java:104)
	at com.mysql.cj.jdbc.ClientPreparedStatement.executeInternal(ClientPreparedStatement.java:953)
	at com.mysql.cj.jdbc.ClientPreparedStatement.execute(ClientPreparedStatement.java:370)
	at cn.edu.zju.dao.DosingGuidelineDao.lambda$saveDosingGuideline$0(DosingGuidelineDao.java:42)
	at cn.edu.zju.dbutils.DBUtils.execSQL(DBUtils.java:41)
	at cn.edu.zju.dao.DosingGuidelineDao.saveDosingGuideline(DosingGuidelineDao.java:29)
	at cn.edu.zju.crawler.DosingGuidelineCrawler.doCrawlerDosingGuideline(DosingGuidelineCrawler.java:63)
	at cn.edu.zju.crawler.DosingGuidelineCrawler.lambda$doCrawlerDosingGuidelineList$2(DosingGuidelineCrawler.java:40)
	at java.base/java.util.ArrayList.forEach(ArrayList.java:1604)
	at cn.edu.zju.crawler.DosingGuidelineCrawler.lambda$doCrawlerDosingGuidelineList$1(DosingGuidelineCrawler.java:38)
	at java.base/java.lang.Iterable.forEach(Iterable.java:75)
	at cn.edu.zju.crawler.DosingGuidelineCrawler.lambda$doCrawlerDosingGuidelineList$0(DosingGuidelineCrawler.java:32)
	at java.base/java.util.ArrayList$ArrayListSpliterator.forEachRemaining(ArrayList.java:1716)
	at java.base/java.util.stream.ReferencePipeline$Head.forEach(ReferencePipeline.java:807)
	at cn.edu.zju.crawler.DosingGuidelineCrawler.doCrawlerDosingGuidelineList(DosingGuidelineCrawler.java:30)
	at cn.edu.zju.crawler.GuidelineRefreshMain.main(GuidelineRefreshMain.java:7)
[main] INFO cn.edu.zju.crawler.DosingGuidelineCrawler - Saving dosing guideline: PA166279741 source=cpic evidence=4
[main] INFO cn.edu.zju.crawler.DosingGuidelineCrawler - {cpic=[{alternateDrugAvailable=false, dosingInformation=false, genes=G6PD, hasTestingInfo=false, otherPrescribingGuidance=false, pediatric=true, recommendation=false, source=CPIC, updatedDate=2025-03-20T10:28:17.183-07:00, url=/guidelineAnnotation/PA166279741}], dpwg=[], drug={objCls=Chemical, id=PA10715, name=sulfamethoxazole / trimethoprim, version=8.0}, drugUrl=/drug/PA10715, other=[]}
[main] INFO cn.edu.zju.dao.DosingGuidelineDao - 
com.mysql.cj.jdbc.exceptions.MysqlDataTruncation: Data truncation: Data too long for column 'name' at row 1
	at com.mysql.cj.jdbc.exceptions.SQLExceptionsMapping.translateException(SQLExceptionsMapping.java:104)
	at com.mysql.cj.jdbc.ClientPreparedStatement.executeInternal(ClientPreparedStatement.java:953)
	at com.mysql.cj.jdbc.ClientPreparedStatement.execute(ClientPreparedStatement.java:370)
	at cn.edu.zju.dao.DosingGuidelineDao.lambda$saveDosingGuideline$0(DosingGuidelineDao.java:42)
	at cn.edu.zju.dbutils.DBUtils.execSQL(DBUtils.java:41)
	at cn.edu.zju.dao.DosingGuidelineDao.saveDosingGuideline(DosingGuidelineDao.java:29)
	at cn.edu.zju.crawler.DosingGuidelineCrawler.doCrawlerDosingGuideline(DosingGuidelineCrawler.java:63)
	at cn.edu.zju.crawler.DosingGuidelineCrawler.lambda$doCrawlerDosingGuidelineList$2(DosingGuidelineCrawler.java:40)
	at java.base/java.util.ArrayList.forEach(ArrayList.java:1604)
	at cn.edu.zju.crawler.DosingGuidelineCrawler.lambda$doCrawlerDosingGuidelineList$1(DosingGuidelineCrawler.java:38)
	at java.base/java.lang.Iterable.forEach(Iterable.java:75)
	at cn.edu.zju.crawler.DosingGuidelineCrawler.lambda$doCrawlerDosingGuidelineList$0(DosingGuidelineCrawler.java:32)
	at java.base/java.util.ArrayList$ArrayListSpliterator.forEachRemaining(ArrayList.java:1716)
	at java.base/java.util.stream.ReferencePipeline$Head.forEach(ReferencePipeline.java:807)
	at cn.edu.zju.crawler.DosingGuidelineCrawler.doCrawlerDosingGuidelineList(DosingGuidelineCrawler.java:30)
	at cn.edu.zju.crawler.GuidelineRefreshMain.main(GuidelineRefreshMain.java:7)
[main] INFO cn.edu.zju.crawler.DosingGuidelineCrawler - Saving dosing guideline: PA166279741 source=cpic evidence=4
[main] INFO cn.edu.zju.crawler.DosingGuidelineCrawler - {cpic=[{alternateDrugAvailable=false, dosingInformation=false, genes=G6PD, hasTestingInfo=false, otherPrescribingGuidance=false, pediatric=true, recommendation=false, source=CPIC, updatedDate=2025-03-20T10:28:17.183-07:00, url=/guidelineAnnotation/PA166279741}], dpwg=[], drug={objCls=Chemical, id=PA451545, name=sulfanilamide, version=11.0}, drugUrl=/drug/PA451545, other=[]}
[main] INFO cn.edu.zju.dao.DosingGuidelineDao - 
com.mysql.cj.jdbc.exceptions.MysqlDataTruncation: Data truncation: Data too long for column 'name' at row 1
	at com.mysql.cj.jdbc.exceptions.SQLExceptionsMapping.translateException(SQLExceptionsMapping.java:104)
	at com.mysql.cj.jdbc.ClientPreparedStatement.executeInternal(ClientPreparedStatement.java:953)
	at com.mysql.cj.jdbc.ClientPreparedStatement.execute(ClientPreparedStatement.java:370)
	at cn.edu.zju.dao.DosingGuidelineDao.lambda$saveDosingGuideline$0(DosingGuidelineDao.java:42)
	at cn.edu.zju.dbutils.DBUtils.execSQL(DBUtils.java:41)
	at cn.edu.zju.dao.DosingGuidelineDao.saveDosingGuideline(DosingGuidelineDao.java:29)
	at cn.edu.zju.crawler.DosingGuidelineCrawler.doCrawlerDosingGuideline(DosingGuidelineCrawler.java:63)
	at cn.edu.zju.crawler.DosingGuidelineCrawler.lambda$doCrawlerDosingGuidelineList$2(DosingGuidelineCrawler.java:40)
	at java.base/java.util.ArrayList.forEach(ArrayList.java:1604)
	at cn.edu.zju.crawler.DosingGuidelineCrawler.lambda$doCrawlerDosingGuidelineList$1(DosingGuidelineCrawler.java:38)
	at java.base/java.lang.Iterable.forEach(Iterable.java:75)
	at cn.edu.zju.crawler.DosingGuidelineCrawler.lambda$doCrawlerDosingGuidelineList$0(DosingGuidelineCrawler.java:32)
	at java.base/java.util.ArrayList$ArrayListSpliterator.forEachRemaining(ArrayList.java:1716)
	at java.base/java.util.stream.ReferencePipeline$Head.forEach(ReferencePipeline.java:807)
	at cn.edu.zju.crawler.DosingGuidelineCrawler.doCrawlerDosingGuidelineList(DosingGuidelineCrawler.java:30)
	at cn.edu.zju.crawler.GuidelineRefreshMain.main(GuidelineRefreshMain.java:7)
[main] INFO cn.edu.zju.crawler.DosingGuidelineCrawler - Saving dosing guideline: PA166279741 source=cpic evidence=4
[main] INFO cn.edu.zju.crawler.DosingGuidelineCrawler - {cpic=[{alternateDrugAvailable=false, dosingInformation=false, genes=G6PD, hasTestingInfo=false, otherPrescribingGuidance=false, pediatric=true, recommendation=false, source=CPIC, updatedDate=2025-03-20T10:28:17.183-07:00, url=/guidelineAnnotation/PA166279741}], dpwg=[], drug={objCls=Chemical, id=PA451547, name=sulfasalazine, version=12.0}, drugUrl=/drug/PA451547, other=[]}
[main] INFO cn.edu.zju.dao.DosingGuidelineDao - 
com.mysql.cj.jdbc.exceptions.MysqlDataTruncation: Data truncation: Data too long for column 'name' at row 1
	at com.mysql.cj.jdbc.exceptions.SQLExceptionsMapping.translateException(SQLExceptionsMapping.java:104)
	at com.mysql.cj.jdbc.ClientPreparedStatement.executeInternal(ClientPreparedStatement.java:953)
	at com.mysql.cj.jdbc.ClientPreparedStatement.execute(ClientPreparedStatement.java:370)
	at cn.edu.zju.dao.DosingGuidelineDao.lambda$saveDosingGuideline$0(DosingGuidelineDao.java:42)
	at cn.edu.zju.dbutils.DBUtils.execSQL(DBUtils.java:41)
	at cn.edu.zju.dao.DosingGuidelineDao.saveDosingGuideline(DosingGuidelineDao.java:29)
	at cn.edu.zju.crawler.DosingGuidelineCrawler.doCrawlerDosingGuideline(DosingGuidelineCrawler.java:63)
	at cn.edu.zju.crawler.DosingGuidelineCrawler.lambda$doCrawlerDosingGuidelineList$2(DosingGuidelineCrawler.java:40)
	at java.base/java.util.ArrayList.forEach(ArrayList.java:1604)
	at cn.edu.zju.crawler.DosingGuidelineCrawler.lambda$doCrawlerDosingGuidelineList$1(DosingGuidelineCrawler.java:38)
	at java.base/java.lang.Iterable.forEach(Iterable.java:75)
	at cn.edu.zju.crawler.DosingGuidelineCrawler.lambda$doCrawlerDosingGuidelineList$0(DosingGuidelineCrawler.java:32)
	at java.base/java.util.ArrayList$ArrayListSpliterator.forEachRemaining(ArrayList.java:1716)
	at java.base/java.util.stream.ReferencePipeline$Head.forEach(ReferencePipeline.java:807)
	at cn.edu.zju.crawler.DosingGuidelineCrawler.doCrawlerDosingGuidelineList(DosingGuidelineCrawler.java:30)
	at cn.edu.zju.crawler.GuidelineRefreshMain.main(GuidelineRefreshMain.java:7)
[main] INFO cn.edu.zju.crawler.DosingGuidelineCrawler - Saving dosing guideline: PA166279741 source=cpic evidence=4
[main] INFO cn.edu.zju.crawler.DosingGuidelineCrawler - {cpic=[{alternateDrugAvailable=false, dosingInformation=false, genes=G6PD, hasTestingInfo=false, otherPrescribingGuidance=false, pediatric=true, recommendation=false, source=CPIC, updatedDate=2025-03-20T10:28:17.183-07:00, url=/guidelineAnnotation/PA166279741}], dpwg=[], drug={objCls=Chemical, id=PA164748964, name=sulfisoxazole, version=7.0}, drugUrl=/drug/PA164748964, other=[]}
[main] INFO cn.edu.zju.dao.DosingGuidelineDao - 
com.mysql.cj.jdbc.exceptions.MysqlDataTruncation: Data truncation: Data too long for column 'name' at row 1
	at com.mysql.cj.jdbc.exceptions.SQLExceptionsMapping.translateException(SQLExceptionsMapping.java:104)
	at com.mysql.cj.jdbc.ClientPreparedStatement.executeInternal(ClientPreparedStatement.java:953)
	at com.mysql.cj.jdbc.ClientPreparedStatement.execute(ClientPreparedStatement.java:370)
	at cn.edu.zju.dao.DosingGuidelineDao.lambda$saveDosingGuideline$0(DosingGuidelineDao.java:42)
	at cn.edu.zju.dbutils.DBUtils.execSQL(DBUtils.java:41)
	at cn.edu.zju.dao.DosingGuidelineDao.saveDosingGuideline(DosingGuidelineDao.java:29)
	at cn.edu.zju.crawler.DosingGuidelineCrawler.doCrawlerDosingGuideline(DosingGuidelineCrawler.java:63)
	at cn.edu.zju.crawler.DosingGuidelineCrawler.lambda$doCrawlerDosingGuidelineList$2(DosingGuidelineCrawler.java:40)
	at java.base/java.util.ArrayList.forEach(ArrayList.java:1604)
	at cn.edu.zju.crawler.DosingGuidelineCrawler.lambda$doCrawlerDosingGuidelineList$1(DosingGuidelineCrawler.java:38)
	at java.base/java.lang.Iterable.forEach(Iterable.java:75)
	at cn.edu.zju.crawler.DosingGuidelineCrawler.lambda$doCrawlerDosingGuidelineList$0(DosingGuidelineCrawler.java:32)
	at java.base/java.util.ArrayList$ArrayListSpliterator.forEachRemaining(ArrayList.java:1716)
	at java.base/java.util.stream.ReferencePipeline$Head.forEach(ReferencePipeline.java:807)
	at cn.edu.zju.crawler.DosingGuidelineCrawler.doCrawlerDosingGuidelineList(DosingGuidelineCrawler.java:30)
	at cn.edu.zju.crawler.GuidelineRefreshMain.main(GuidelineRefreshMain.java:7)
[main] INFO cn.edu.zju.crawler.DosingGuidelineCrawler - Saving dosing guideline: PA166279741 source=cpic evidence=4
[main] INFO cn.edu.zju.crawler.DosingGuidelineCrawler - {cpic=[{alternateDrugAvailable=false, dosingInformation=true, genes=CYP3A5, hasTestingInfo=false, otherPrescribingGuidance=false, pediatric=true, recommendation=true, source=CPIC, updatedDate=2023-06-22T22:43:24.079-07:00, url=/guidelineAnnotation/PA166124619}], dpwg=[{alternateDrugAvailable=false, dosingInformation=true, genes=CYP3A5, hasTestingInfo=true, otherPrescribingGuidance=false, pediatric=false, recommendation=true, source=DPWG, updatedDate=2024-03-18T08:53:00.875-07:00, url=/guidelineAnnotation/PA166104983}], drug={objCls=Chemical, id=PA451578, name=tacrolimus, version=27.0}, drugUrl=/drug/PA451578, other=[{alternateDrugAvailable=false, dosingInformation=true, genes=CYP3A4, CYP3A5, hasTestingInfo=false, otherPrescribingGuidance=false, pediatric=false, recommendation=true, source=RNPGx, updatedDate=2024-04-24T00:12:17.952-07:00, url=/guidelineAnnotation/PA166202481}]}
[main] INFO cn.edu.zju.crawler.DosingGuidelineCrawler - Dosing guideline exists, metadata refresh id=PA166124619 updated=1 source=cpic evidence=3
[main] INFO cn.edu.zju.crawler.DosingGuidelineCrawler - Dosing guideline exists, metadata refresh id=PA166104983 updated=1 source=dpwg evidence=4
[main] INFO cn.edu.zju.crawler.DosingGuidelineCrawler - {cpic=[{alternateDrugAvailable=true, dosingInformation=false, genes=G6PD, hasTestingInfo=false, otherPrescribingGuidance=true, pediatric=true, recommendation=true, source=CPIC, updatedDate=2024-05-15T09:41:39.548-07:00, url=/guidelineAnnotation/PA166119846}], dpwg=[], drug={objCls=Chemical, id=PA166115580, name=tafenoquine, version=6.0}, drugUrl=/drug/PA166115580, other=[]}
[main] INFO cn.edu.zju.crawler.DosingGuidelineCrawler - Dosing guideline exists, metadata refresh id=PA166119846 updated=1 source=cpic evidence=3
[main] INFO cn.edu.zju.crawler.DosingGuidelineCrawler - {cpic=[{alternateDrugAvailable=true, dosingInformation=true, genes=CYP2D6, hasTestingInfo=false, otherPrescribingGuidance=true, pediatric=false, recommendation=true, source=CPIC, updatedDate=2023-06-22T22:10:21.794-07:00, url=/guidelineAnnotation/PA166176068}], dpwg=[{alternateDrugAvailable=true, dosingInformation=true, genes=CYP2D6, hasTestingInfo=true, otherPrescribingGuidance=false, pediatric=false, recommendation=true, source=DPWG, updatedDate=2024-03-18T12:04:11.384-07:00, url=/guidelineAnnotation/PA166104966}], drug={objCls=Chemical, id=PA451581, name=tamoxifen, version=25.0}, drugUrl=/drug/PA451581, other=[{alternateDrugAvailable=true, dosingInformation=true, genes=CYP2D6, hasTestingInfo=true, otherPrescribingGuidance=false, pediatric=false, recommendation=true, source=CPNDS, updatedDate=2024-04-24T00:13:12.356-07:00, url=/guidelineAnnotation/PA166181721}, {alternateDrugAvailable=false, dosingInformation=false, genes=CYP2D6, hasTestingInfo=false, otherPrescribingGuidance=false, pediatric=false, recommendation=false, source=RNPGx, updatedDate=2022-02-10T13:51:37.870-08:00, url=/guidelineAnnotation/PA166202801}]}
[main] INFO cn.edu.zju.crawler.DosingGuidelineCrawler - Dosing guideline exists, metadata refresh id=PA166176068 updated=1 source=cpic evidence=4
[main] INFO cn.edu.zju.crawler.DosingGuidelineCrawler - Dosing guideline exists, metadata refresh id=PA166104966 updated=1 source=dpwg evidence=4
[main] INFO cn.edu.zju.crawler.DosingGuidelineCrawler - {cpic=[], dpwg=[], drug={objCls=Chemical, id=PA166277741, name=tebentafusp, version=3.0}, drugUrl=/drug/PA166277741, other=[{alternateDrugAvailable=true, dosingInformation=false, genes=HLA-A, hasTestingInfo=true, otherPrescribingGuidance=false, pediatric=false, recommendation=true, source=RNPGx, url=/guidelineAnnotation/PA166422181}]}
[main] INFO cn.edu.zju.crawler.DosingGuidelineCrawler - {cpic=[{alternateDrugAvailable=false, dosingInformation=false, genes=DPYD, hasTestingInfo=false, otherPrescribingGuidance=false, pediatric=false, recommendation=false, source=CPIC, updatedDate=2018-02-02T12:02:50.660-08:00, url=/guidelineAnnotation/PA166122687}], dpwg=[{alternateDrugAvailable=true, dosingInformation=true, genes=DPYD, hasTestingInfo=true, otherPrescribingGuidance=false, pediatric=false, recommendation=true, source=DPWG, updatedDate=2025-10-14T14:38:03.832-07:00, url=/guidelineAnnotation/PA166104944}], drug={objCls=Chemical, id=PA452620, name=tegafur, version=26.0}, drugUrl=/drug/PA452620, other=[{alternateDrugAvailable=true, dosingInformation=true, genes=DPYD, hasTestingInfo=true, otherPrescribingGuidance=false, pediatric=false, recommendation=true, source=SEFF/SEOM, updatedDate=2024-04-23T23:30:37.324-07:00, url=/guidelineAnnotation/PA166254881}, {alternateDrugAvailable=true, dosingInformation=true, genes=DPYD, hasTestingInfo=true, otherPrescribingGuidance=false, pediatric=false, recommendation=true, source=AIOM, url=/guidelineAnnotation/PA166312801}]}
[main] INFO cn.edu.zju.crawler.DosingGuidelineCrawler - Dosing guideline exists, metadata refresh id=PA166122687 updated=1 source=cpic evidence=4
[main] INFO cn.edu.zju.crawler.DosingGuidelineCrawler - Dosing guideline exists, metadata refresh id=PA166104944 updated=1 source=dpwg evidence=2A
[main] INFO cn.edu.zju.crawler.DosingGuidelineCrawler - {cpic=[{alternateDrugAvailable=true, dosingInformation=false, genes=CYP2C9, hasTestingInfo=false, otherPrescribingGuidance=false, pediatric=true, recommendation=true, source=CPIC, updatedDate=2023-06-22T19:29:25.180-07:00, url=/guidelineAnnotation/PA166192341}], dpwg=[], drug={objCls=Chemical, id=PA131890625, name=tenoxicam, version=7.0}, drugUrl=/drug/PA131890625, other=[]}
[main] INFO cn.edu.zju.crawler.DosingGuidelineCrawler - Saving dosing guideline: PA166192341 source=cpic evidence=3
[main] INFO cn.edu.zju.crawler.DosingGuidelineCrawler - {cpic=[{alternateDrugAvailable=false, dosingInformation=true, genes=NUDT15, TPMT, hasTestingInfo=false, otherPrescribingGuidance=true, pediatric=true, recommendation=true, source=CPIC, updatedDate=2026-02-04T01:10:56.919-08:00, url=/guidelineAnnotation/PA166104965}], dpwg=[{alternateDrugAvailable=true, dosingInformation=true, genes=NUDT15, hasTestingInfo=true, otherPrescribingGuidance=true, pediatric=false, recommendation=true, source=DPWG, updatedDate=2025-12-18T12:04:32.967-08:00, url=/guidelineAnnotation/PA166184612}, {alternateDrugAvailable=true, dosingInformation=true, genes=TPMT, hasTestingInfo=true, otherPrescribingGuidance=true, pediatric=false, recommendation=true, source=DPWG, updatedDate=2025-12-18T10:58:51.875-08:00, url=/guidelineAnnotation/PA166104960}], drug={objCls=Chemical, id=PA451663, name=thioguanine, version=16.0}, drugUrl=/drug/PA451663, other=[]}
[main] INFO cn.edu.zju.crawler.DosingGuidelineCrawler - Dosing guideline exists, metadata refresh id=PA166104965 updated=1 source=cpic evidence=4
[main] INFO cn.edu.zju.crawler.DosingGuidelineCrawler - Dosing guideline exists, metadata refresh id=PA166184612 updated=1 source=dpwg evidence=4
[main] INFO cn.edu.zju.crawler.DosingGuidelineCrawler - Dosing guideline exists, metadata refresh id=PA166104960 updated=1 source=dpwg evidence=3
[main] INFO cn.edu.zju.crawler.DosingGuidelineCrawler - {cpic=[], dpwg=[{alternateDrugAvailable=false, dosingInformation=false, genes=CYP2C19, hasTestingInfo=false, otherPrescribingGuidance=false, pediatric=false, recommendation=false, source=DPWG, updatedDate=2024-03-29T11:55:49.332-07:00, url=/guidelineAnnotation/PA166182807}], drug={objCls=Chemical, id=PA165374673, name=ticagrelor, version=6.0}, drugUrl=/drug/PA165374673, other=[]}
[main] INFO cn.edu.zju.crawler.DosingGuidelineCrawler - Dosing guideline exists, metadata refresh id=PA166182807 updated=1 source=dpwg evidence=4
[main] INFO cn.edu.zju.crawler.DosingGuidelineCrawler - {cpic=[{alternateDrugAvailable=true, dosingInformation=false, genes=MT-RNR1, hasTestingInfo=false, otherPrescribingGuidance=true, pediatric=true, recommendation=true, source=CPIC, updatedDate=2025-10-27T00:00:00-07:00, url=/guidelineAnnotation/PA166229081}], dpwg=[], drug={objCls=Chemical, id=PA451704, name=tobramycin, version=10.0}, drugUrl=/drug/PA451704, other=[]}
[main] INFO cn.edu.zju.dao.DosingGuidelineDao - 
com.mysql.cj.jdbc.exceptions.MysqlDataTruncation: Data truncation: Data too long for column 'name' at row 1
	at com.mysql.cj.jdbc.exceptions.SQLExceptionsMapping.translateException(SQLExceptionsMapping.java:104)
	at com.mysql.cj.jdbc.ClientPreparedStatement.executeInternal(ClientPreparedStatement.java:953)
	at com.mysql.cj.jdbc.ClientPreparedStatement.execute(ClientPreparedStatement.java:370)
	at cn.edu.zju.dao.DosingGuidelineDao.lambda$saveDosingGuideline$0(DosingGuidelineDao.java:42)
	at cn.edu.zju.dbutils.DBUtils.execSQL(DBUtils.java:41)
	at cn.edu.zju.dao.DosingGuidelineDao.saveDosingGuideline(DosingGuidelineDao.java:29)
	at cn.edu.zju.crawler.DosingGuidelineCrawler.doCrawlerDosingGuideline(DosingGuidelineCrawler.java:63)
	at cn.edu.zju.crawler.DosingGuidelineCrawler.lambda$doCrawlerDosingGuidelineList$2(DosingGuidelineCrawler.java:40)
	at java.base/java.util.ArrayList.forEach(ArrayList.java:1604)
	at cn.edu.zju.crawler.DosingGuidelineCrawler.lambda$doCrawlerDosingGuidelineList$1(DosingGuidelineCrawler.java:38)
	at java.base/java.lang.Iterable.forEach(Iterable.java:75)
	at cn.edu.zju.crawler.DosingGuidelineCrawler.lambda$doCrawlerDosingGuidelineList$0(DosingGuidelineCrawler.java:32)
	at java.base/java.util.ArrayList$ArrayListSpliterator.forEachRemaining(ArrayList.java:1716)
	at java.base/java.util.stream.ReferencePipeline$Head.forEach(ReferencePipeline.java:807)
	at cn.edu.zju.crawler.DosingGuidelineCrawler.doCrawlerDosingGuidelineList(DosingGuidelineCrawler.java:30)
	at cn.edu.zju.crawler.GuidelineRefreshMain.main(GuidelineRefreshMain.java:7)
[main] INFO cn.edu.zju.crawler.DosingGuidelineCrawler - Saving dosing guideline: PA166229081 source=cpic evidence=3
[main] INFO cn.edu.zju.crawler.DosingGuidelineCrawler - {cpic=[{alternateDrugAvailable=false, dosingInformation=false, genes=G6PD, hasTestingInfo=false, otherPrescribingGuidance=false, pediatric=true, recommendation=false, source=CPIC, updatedDate=2024-05-15T09:44:05.862-07:00, url=/guidelineAnnotation/PA166279481}], dpwg=[], drug={objCls=Chemical, id=PA164774902, name=tolazamide, version=8.0}, drugUrl=/drug/PA164774902, other=[]}
[main] INFO cn.edu.zju.dao.DosingGuidelineDao - 
com.mysql.cj.jdbc.exceptions.MysqlDataTruncation: Data truncation: Data too long for column 'name' at row 1
	at com.mysql.cj.jdbc.exceptions.SQLExceptionsMapping.translateException(SQLExceptionsMapping.java:104)
	at com.mysql.cj.jdbc.ClientPreparedStatement.executeInternal(ClientPreparedStatement.java:953)
	at com.mysql.cj.jdbc.ClientPreparedStatement.execute(ClientPreparedStatement.java:370)
	at cn.edu.zju.dao.DosingGuidelineDao.lambda$saveDosingGuideline$0(DosingGuidelineDao.java:42)
	at cn.edu.zju.dbutils.DBUtils.execSQL(DBUtils.java:41)
	at cn.edu.zju.dao.DosingGuidelineDao.saveDosingGuideline(DosingGuidelineDao.java:29)
	at cn.edu.zju.crawler.DosingGuidelineCrawler.doCrawlerDosingGuideline(DosingGuidelineCrawler.java:63)
	at cn.edu.zju.crawler.DosingGuidelineCrawler.lambda$doCrawlerDosingGuidelineList$2(DosingGuidelineCrawler.java:40)
	at java.base/java.util.ArrayList.forEach(ArrayList.java:1604)
	at cn.edu.zju.crawler.DosingGuidelineCrawler.lambda$doCrawlerDosingGuidelineList$1(DosingGuidelineCrawler.java:38)
	at java.base/java.lang.Iterable.forEach(Iterable.java:75)
	at cn.edu.zju.crawler.DosingGuidelineCrawler.lambda$doCrawlerDosingGuidelineList$0(DosingGuidelineCrawler.java:32)
	at java.base/java.util.ArrayList$ArrayListSpliterator.forEachRemaining(ArrayList.java:1716)
	at java.base/java.util.stream.ReferencePipeline$Head.forEach(ReferencePipeline.java:807)
	at cn.edu.zju.crawler.DosingGuidelineCrawler.doCrawlerDosingGuidelineList(DosingGuidelineCrawler.java:30)
	at cn.edu.zju.crawler.GuidelineRefreshMain.main(GuidelineRefreshMain.java:7)
[main] INFO cn.edu.zju.crawler.DosingGuidelineCrawler - Saving dosing guideline: PA166279481 source=cpic evidence=4
[main] INFO cn.edu.zju.crawler.DosingGuidelineCrawler - {cpic=[{alternateDrugAvailable=false, dosingInformation=false, genes=G6PD, hasTestingInfo=false, otherPrescribingGuidance=false, pediatric=true, recommendation=false, source=CPIC, updatedDate=2025-03-20T10:28:17.183-07:00, url=/guidelineAnnotation/PA166279741}], dpwg=[{alternateDrugAvailable=false, dosingInformation=false, genes=CYP2C9, hasTestingInfo=false, otherPrescribingGuidance=false, pediatric=false, recommendation=false, source=DPWG, updatedDate=2025-01-21T06:52:55.868-08:00, url=/guidelineAnnotation/PA166104986}], drug={objCls=Chemical, id=PA451718, name=tolbutamide, version=12.0}, drugUrl=/drug/PA451718, other=[]}
[main] INFO cn.edu.zju.dao.DosingGuidelineDao - 
com.mysql.cj.jdbc.exceptions.MysqlDataTruncation: Data truncation: Data too long for column 'name' at row 1
	at com.mysql.cj.jdbc.exceptions.SQLExceptionsMapping.translateException(SQLExceptionsMapping.java:104)
	at com.mysql.cj.jdbc.ClientPreparedStatement.executeInternal(ClientPreparedStatement.java:953)
	at com.mysql.cj.jdbc.ClientPreparedStatement.execute(ClientPreparedStatement.java:370)
	at cn.edu.zju.dao.DosingGuidelineDao.lambda$saveDosingGuideline$0(DosingGuidelineDao.java:42)
	at cn.edu.zju.dbutils.DBUtils.execSQL(DBUtils.java:41)
	at cn.edu.zju.dao.DosingGuidelineDao.saveDosingGuideline(DosingGuidelineDao.java:29)
	at cn.edu.zju.crawler.DosingGuidelineCrawler.doCrawlerDosingGuideline(DosingGuidelineCrawler.java:63)
	at cn.edu.zju.crawler.DosingGuidelineCrawler.lambda$doCrawlerDosingGuidelineList$2(DosingGuidelineCrawler.java:40)
	at java.base/java.util.ArrayList.forEach(ArrayList.java:1604)
	at cn.edu.zju.crawler.DosingGuidelineCrawler.lambda$doCrawlerDosingGuidelineList$1(DosingGuidelineCrawler.java:38)
	at java.base/java.lang.Iterable.forEach(Iterable.java:75)
	at cn.edu.zju.crawler.DosingGuidelineCrawler.lambda$doCrawlerDosingGuidelineList$0(DosingGuidelineCrawler.java:32)
	at java.base/java.util.ArrayList$ArrayListSpliterator.forEachRemaining(ArrayList.java:1716)
	at java.base/java.util.stream.ReferencePipeline$Head.forEach(ReferencePipeline.java:807)
	at cn.edu.zju.crawler.DosingGuidelineCrawler.doCrawlerDosingGuidelineList(DosingGuidelineCrawler.java:30)
	at cn.edu.zju.crawler.GuidelineRefreshMain.main(GuidelineRefreshMain.java:7)
[main] INFO cn.edu.zju.crawler.DosingGuidelineCrawler - Saving dosing guideline: PA166279741 source=cpic evidence=4
[main] INFO cn.edu.zju.crawler.DosingGuidelineCrawler - Dosing guideline exists, metadata refresh id=PA166104986 updated=1 source=dpwg evidence=3
[main] INFO cn.edu.zju.crawler.DosingGuidelineCrawler - {cpic=[{alternateDrugAvailable=true, dosingInformation=false, genes=G6PD, hasTestingInfo=false, otherPrescribingGuidance=true, pediatric=true, recommendation=true, source=CPIC, updatedDate=2024-05-15T09:41:39.548-07:00, url=/guidelineAnnotation/PA166119846}], dpwg=[], drug={objCls=Chemical, id=PA166268821, name=toluidine blue, version=3.0}, drugUrl=/drug/PA166268821, other=[]}
[main] INFO cn.edu.zju.crawler.DosingGuidelineCrawler - Dosing guideline exists, metadata refresh id=PA166119846 updated=1 source=cpic evidence=3
[main] INFO cn.edu.zju.crawler.DosingGuidelineCrawler - {cpic=[{alternateDrugAvailable=true, dosingInformation=false, genes=CYP2D6, hasTestingInfo=false, otherPrescribingGuidance=true, pediatric=true, recommendation=true, source=CPIC, updatedDate=2024-05-07T13:02:12.122-07:00, url=/guidelineAnnotation/PA166228101}, {alternateDrugAvailable=false, dosingInformation=false, genes=COMT, OPRM1, hasTestingInfo=false, otherPrescribingGuidance=false, pediatric=false, recommendation=false, source=CPIC, updatedDate=2021-11-29T15:42:20.114-08:00, url=/guidelineAnnotation/PA166227941}], dpwg=[{alternateDrugAvailable=true, dosingInformation=true, genes=CYP2D6, hasTestingInfo=true, otherPrescribingGuidance=true, pediatric=false, recommendation=true, source=DPWG, updatedDate=2024-03-14T10:43:37.457-07:00, url=/guidelineAnnotation/PA166104959}], drug={objCls=Chemical, id=PA451735, name=tramadol, version=14.0}, drugUrl=/drug/PA451735, other=[]}
[main] INFO cn.edu.zju.crawler.DosingGuidelineCrawler - Saving dosing guideline: PA166228101 source=cpic evidence=3
[main] INFO cn.edu.zju.dao.DosingGuidelineDao - 
com.mysql.cj.jdbc.exceptions.MysqlDataTruncation: Data truncation: Data too long for column 'name' at row 1
	at com.mysql.cj.jdbc.exceptions.SQLExceptionsMapping.translateException(SQLExceptionsMapping.java:104)
	at com.mysql.cj.jdbc.ClientPreparedStatement.executeInternal(ClientPreparedStatement.java:953)
	at com.mysql.cj.jdbc.ClientPreparedStatement.execute(ClientPreparedStatement.java:370)
	at cn.edu.zju.dao.DosingGuidelineDao.lambda$saveDosingGuideline$0(DosingGuidelineDao.java:42)
	at cn.edu.zju.dbutils.DBUtils.execSQL(DBUtils.java:41)
	at cn.edu.zju.dao.DosingGuidelineDao.saveDosingGuideline(DosingGuidelineDao.java:29)
	at cn.edu.zju.crawler.DosingGuidelineCrawler.doCrawlerDosingGuideline(DosingGuidelineCrawler.java:63)
	at cn.edu.zju.crawler.DosingGuidelineCrawler.lambda$doCrawlerDosingGuidelineList$2(DosingGuidelineCrawler.java:40)
	at java.base/java.util.ArrayList.forEach(ArrayList.java:1604)
	at cn.edu.zju.crawler.DosingGuidelineCrawler.lambda$doCrawlerDosingGuidelineList$1(DosingGuidelineCrawler.java:38)
	at java.base/java.lang.Iterable.forEach(Iterable.java:75)
	at cn.edu.zju.crawler.DosingGuidelineCrawler.lambda$doCrawlerDosingGuidelineList$0(DosingGuidelineCrawler.java:32)
	at java.base/java.util.ArrayList$ArrayListSpliterator.forEachRemaining(ArrayList.java:1716)
	at java.base/java.util.stream.ReferencePipeline$Head.forEach(ReferencePipeline.java:807)
	at cn.edu.zju.crawler.DosingGuidelineCrawler.doCrawlerDosingGuidelineList(DosingGuidelineCrawler.java:30)
	at cn.edu.zju.crawler.GuidelineRefreshMain.main(GuidelineRefreshMain.java:7)
[main] INFO cn.edu.zju.crawler.DosingGuidelineCrawler - Saving dosing guideline: PA166227941 source=cpic evidence=4
[main] INFO cn.edu.zju.crawler.DosingGuidelineCrawler - Dosing guideline exists, metadata refresh id=PA166104959 updated=1 source=dpwg evidence=4
[main] INFO cn.edu.zju.crawler.DosingGuidelineCrawler - {cpic=[{alternateDrugAvailable=false, dosingInformation=false, genes=G6PD, hasTestingInfo=false, otherPrescribingGuidance=false, pediatric=true, recommendation=false, source=CPIC, updatedDate=2024-05-15T09:44:05.862-07:00, url=/guidelineAnnotation/PA166279481}], dpwg=[], drug={objCls=Chemical, id=PA166115364, name=trametinib, version=8.0}, drugUrl=/drug/PA166115364, other=[]}
[main] INFO cn.edu.zju.dao.DosingGuidelineDao - 
com.mysql.cj.jdbc.exceptions.MysqlDataTruncation: Data truncation: Data too long for column 'name' at row 1
	at com.mysql.cj.jdbc.exceptions.SQLExceptionsMapping.translateException(SQLExceptionsMapping.java:104)
	at com.mysql.cj.jdbc.ClientPreparedStatement.executeInternal(ClientPreparedStatement.java:953)
	at com.mysql.cj.jdbc.ClientPreparedStatement.execute(ClientPreparedStatement.java:370)
	at cn.edu.zju.dao.DosingGuidelineDao.lambda$saveDosingGuideline$0(DosingGuidelineDao.java:42)
	at cn.edu.zju.dbutils.DBUtils.execSQL(DBUtils.java:41)
	at cn.edu.zju.dao.DosingGuidelineDao.saveDosingGuideline(DosingGuidelineDao.java:29)
	at cn.edu.zju.crawler.DosingGuidelineCrawler.doCrawlerDosingGuideline(DosingGuidelineCrawler.java:63)
	at cn.edu.zju.crawler.DosingGuidelineCrawler.lambda$doCrawlerDosingGuidelineList$2(DosingGuidelineCrawler.java:40)
	at java.base/java.util.ArrayList.forEach(ArrayList.java:1604)
	at cn.edu.zju.crawler.DosingGuidelineCrawler.lambda$doCrawlerDosingGuidelineList$1(DosingGuidelineCrawler.java:38)
	at java.base/java.lang.Iterable.forEach(Iterable.java:75)
	at cn.edu.zju.crawler.DosingGuidelineCrawler.lambda$doCrawlerDosingGuidelineList$0(DosingGuidelineCrawler.java:32)
	at java.base/java.util.ArrayList$ArrayListSpliterator.forEachRemaining(ArrayList.java:1716)
	at java.base/java.util.stream.ReferencePipeline$Head.forEach(ReferencePipeline.java:807)
	at cn.edu.zju.crawler.DosingGuidelineCrawler.doCrawlerDosingGuidelineList(DosingGuidelineCrawler.java:30)
	at cn.edu.zju.crawler.GuidelineRefreshMain.main(GuidelineRefreshMain.java:7)
[main] INFO cn.edu.zju.crawler.DosingGuidelineCrawler - Saving dosing guideline: PA166279481 source=cpic evidence=4
[main] INFO cn.edu.zju.crawler.DosingGuidelineCrawler - {cpic=[{alternateDrugAvailable=true, dosingInformation=true, genes=CYP2C19, CYP2D6, hasTestingInfo=false, otherPrescribingGuidance=false, pediatric=true, recommendation=true, source=CPIC, updatedDate=2021-06-18T15:32:46.091-07:00, url=/guidelineAnnotation/PA166105001}], dpwg=[], drug={objCls=Chemical, id=PA451791, name=trimipramine, version=9.0}, drugUrl=/drug/PA451791, other=[]}
[main] INFO cn.edu.zju.crawler.DosingGuidelineCrawler - Dosing guideline exists, metadata refresh id=PA166105001 updated=1 source=cpic evidence=4
[main] INFO cn.edu.zju.crawler.DosingGuidelineCrawler - {cpic=[{alternateDrugAvailable=true, dosingInformation=false, genes=CYP2D6, hasTestingInfo=false, otherPrescribingGuidance=false, pediatric=true, recommendation=true, source=CPIC, updatedDate=2023-06-22T22:39:25.328-07:00, url=/guidelineAnnotation/PA166161955}], dpwg=[], drug={objCls=Chemical, id=PA161925594, name=tropisetron, version=10.0}, drugUrl=/drug/PA161925594, other=[]}
[main] INFO cn.edu.zju.crawler.DosingGuidelineCrawler - Dosing guideline exists, metadata refresh id=PA166161955 updated=1 source=cpic evidence=3
[main] INFO cn.edu.zju.crawler.DosingGuidelineCrawler - {cpic=[{alternateDrugAvailable=false, dosingInformation=false, genes=SLC6A4, hasTestingInfo=false, otherPrescribingGuidance=false, pediatric=false, recommendation=false, source=CPIC, updatedDate=2024-06-25T01:19:36.027-07:00, url=/guidelineAnnotation/PA166288601}, {alternateDrugAvailable=false, dosingInformation=false, genes=HTR2A, hasTestingInfo=false, otherPrescribingGuidance=false, pediatric=false, recommendation=false, source=CPIC, updatedDate=2024-06-25T01:19:53.023-07:00, url=/guidelineAnnotation/PA166288582}, {alternateDrugAvailable=true, dosingInformation=false, genes=CYP2D6, hasTestingInfo=false, otherPrescribingGuidance=false, pediatric=true, recommendation=true, source=CPIC, updatedDate=2024-06-26T05:52:29.920-07:00, url=/guidelineAnnotation/PA166288201}], dpwg=[{alternateDrugAvailable=true, dosingInformation=true, genes=CYP2D6, hasTestingInfo=true, otherPrescribingGuidance=false, pediatric=false, recommendation=true, source=DPWG, updatedDate=2024-07-10T10:27:08.378-07:00, url=/guidelineAnnotation/PA166104968}], drug={objCls=Chemical, id=PA451866, name=venlafaxine, version=10.0}, drugUrl=/drug/PA451866, other=[]}
[main] INFO cn.edu.zju.dao.DosingGuidelineDao - 
com.mysql.cj.jdbc.exceptions.MysqlDataTruncation: Data truncation: Data too long for column 'name' at row 1
	at com.mysql.cj.jdbc.exceptions.SQLExceptionsMapping.translateException(SQLExceptionsMapping.java:104)
	at com.mysql.cj.jdbc.ClientPreparedStatement.executeInternal(ClientPreparedStatement.java:953)
	at com.mysql.cj.jdbc.ClientPreparedStatement.execute(ClientPreparedStatement.java:370)
	at cn.edu.zju.dao.DosingGuidelineDao.lambda$saveDosingGuideline$0(DosingGuidelineDao.java:42)
	at cn.edu.zju.dbutils.DBUtils.execSQL(DBUtils.java:41)
	at cn.edu.zju.dao.DosingGuidelineDao.saveDosingGuideline(DosingGuidelineDao.java:29)
	at cn.edu.zju.crawler.DosingGuidelineCrawler.doCrawlerDosingGuideline(DosingGuidelineCrawler.java:63)
	at cn.edu.zju.crawler.DosingGuidelineCrawler.lambda$doCrawlerDosingGuidelineList$2(DosingGuidelineCrawler.java:40)
	at java.base/java.util.ArrayList.forEach(ArrayList.java:1604)
	at cn.edu.zju.crawler.DosingGuidelineCrawler.lambda$doCrawlerDosingGuidelineList$1(DosingGuidelineCrawler.java:38)
	at java.base/java.lang.Iterable.forEach(Iterable.java:75)
	at cn.edu.zju.crawler.DosingGuidelineCrawler.lambda$doCrawlerDosingGuidelineList$0(DosingGuidelineCrawler.java:32)
	at java.base/java.util.ArrayList$ArrayListSpliterator.forEachRemaining(ArrayList.java:1716)
	at java.base/java.util.stream.ReferencePipeline$Head.forEach(ReferencePipeline.java:807)
	at cn.edu.zju.crawler.DosingGuidelineCrawler.doCrawlerDosingGuidelineList(DosingGuidelineCrawler.java:30)
	at cn.edu.zju.crawler.GuidelineRefreshMain.main(GuidelineRefreshMain.java:7)
[main] INFO cn.edu.zju.crawler.DosingGuidelineCrawler - Saving dosing guideline: PA166288601 source=cpic evidence=4
[main] INFO cn.edu.zju.dao.DosingGuidelineDao - 
com.mysql.cj.jdbc.exceptions.MysqlDataTruncation: Data truncation: Data too long for column 'name' at row 1
	at com.mysql.cj.jdbc.exceptions.SQLExceptionsMapping.translateException(SQLExceptionsMapping.java:104)
	at com.mysql.cj.jdbc.ClientPreparedStatement.executeInternal(ClientPreparedStatement.java:953)
	at com.mysql.cj.jdbc.ClientPreparedStatement.execute(ClientPreparedStatement.java:370)
	at cn.edu.zju.dao.DosingGuidelineDao.lambda$saveDosingGuideline$0(DosingGuidelineDao.java:42)
	at cn.edu.zju.dbutils.DBUtils.execSQL(DBUtils.java:41)
	at cn.edu.zju.dao.DosingGuidelineDao.saveDosingGuideline(DosingGuidelineDao.java:29)
	at cn.edu.zju.crawler.DosingGuidelineCrawler.doCrawlerDosingGuideline(DosingGuidelineCrawler.java:63)
	at cn.edu.zju.crawler.DosingGuidelineCrawler.lambda$doCrawlerDosingGuidelineList$2(DosingGuidelineCrawler.java:40)
	at java.base/java.util.ArrayList.forEach(ArrayList.java:1604)
	at cn.edu.zju.crawler.DosingGuidelineCrawler.lambda$doCrawlerDosingGuidelineList$1(DosingGuidelineCrawler.java:38)
	at java.base/java.lang.Iterable.forEach(Iterable.java:75)
	at cn.edu.zju.crawler.DosingGuidelineCrawler.lambda$doCrawlerDosingGuidelineList$0(DosingGuidelineCrawler.java:32)
	at java.base/java.util.ArrayList$ArrayListSpliterator.forEachRemaining(ArrayList.java:1716)
	at java.base/java.util.stream.ReferencePipeline$Head.forEach(ReferencePipeline.java:807)
	at cn.edu.zju.crawler.DosingGuidelineCrawler.doCrawlerDosingGuidelineList(DosingGuidelineCrawler.java:30)
	at cn.edu.zju.crawler.GuidelineRefreshMain.main(GuidelineRefreshMain.java:7)
[main] INFO cn.edu.zju.crawler.DosingGuidelineCrawler - Saving dosing guideline: PA166288582 source=cpic evidence=4
[main] INFO cn.edu.zju.crawler.DosingGuidelineCrawler - Saving dosing guideline: PA166288201 source=cpic evidence=4
[main] INFO cn.edu.zju.crawler.DosingGuidelineCrawler - Dosing guideline exists, metadata refresh id=PA166104968 updated=1 source=dpwg evidence=3
[main] INFO cn.edu.zju.crawler.DosingGuidelineCrawler - {cpic=[{alternateDrugAvailable=false, dosingInformation=false, genes=SLC6A4, hasTestingInfo=false, otherPrescribingGuidance=false, pediatric=false, recommendation=false, source=CPIC, updatedDate=2024-06-25T01:19:36.027-07:00, url=/guidelineAnnotation/PA166288601}, {alternateDrugAvailable=false, dosingInformation=false, genes=HTR2A, hasTestingInfo=false, otherPrescribingGuidance=false, pediatric=false, recommendation=false, source=CPIC, updatedDate=2024-06-25T01:19:53.023-07:00, url=/guidelineAnnotation/PA166288582}], dpwg=[], drug={objCls=Chemical, id=PA165958365, name=vilazodone, version=5.0}, drugUrl=/drug/PA165958365, other=[]}
[main] INFO cn.edu.zju.dao.DosingGuidelineDao - 
com.mysql.cj.jdbc.exceptions.MysqlDataTruncation: Data truncation: Data too long for column 'name' at row 1
	at com.mysql.cj.jdbc.exceptions.SQLExceptionsMapping.translateException(SQLExceptionsMapping.java:104)
	at com.mysql.cj.jdbc.ClientPreparedStatement.executeInternal(ClientPreparedStatement.java:953)
	at com.mysql.cj.jdbc.ClientPreparedStatement.execute(ClientPreparedStatement.java:370)
	at cn.edu.zju.dao.DosingGuidelineDao.lambda$saveDosingGuideline$0(DosingGuidelineDao.java:42)
	at cn.edu.zju.dbutils.DBUtils.execSQL(DBUtils.java:41)
	at cn.edu.zju.dao.DosingGuidelineDao.saveDosingGuideline(DosingGuidelineDao.java:29)
	at cn.edu.zju.crawler.DosingGuidelineCrawler.doCrawlerDosingGuideline(DosingGuidelineCrawler.java:63)
	at cn.edu.zju.crawler.DosingGuidelineCrawler.lambda$doCrawlerDosingGuidelineList$2(DosingGuidelineCrawler.java:40)
	at java.base/java.util.ArrayList.forEach(ArrayList.java:1604)
	at cn.edu.zju.crawler.DosingGuidelineCrawler.lambda$doCrawlerDosingGuidelineList$1(DosingGuidelineCrawler.java:38)
	at java.base/java.lang.Iterable.forEach(Iterable.java:75)
	at cn.edu.zju.crawler.DosingGuidelineCrawler.lambda$doCrawlerDosingGuidelineList$0(DosingGuidelineCrawler.java:32)
	at java.base/java.util.ArrayList$ArrayListSpliterator.forEachRemaining(ArrayList.java:1716)
	at java.base/java.util.stream.ReferencePipeline$Head.forEach(ReferencePipeline.java:807)
	at cn.edu.zju.crawler.DosingGuidelineCrawler.doCrawlerDosingGuidelineList(DosingGuidelineCrawler.java:30)
	at cn.edu.zju.crawler.GuidelineRefreshMain.main(GuidelineRefreshMain.java:7)
[main] INFO cn.edu.zju.crawler.DosingGuidelineCrawler - Saving dosing guideline: PA166288601 source=cpic evidence=4
[main] INFO cn.edu.zju.dao.DosingGuidelineDao - 
com.mysql.cj.jdbc.exceptions.MysqlDataTruncation: Data truncation: Data too long for column 'name' at row 1
	at com.mysql.cj.jdbc.exceptions.SQLExceptionsMapping.translateException(SQLExceptionsMapping.java:104)
	at com.mysql.cj.jdbc.ClientPreparedStatement.executeInternal(ClientPreparedStatement.java:953)
	at com.mysql.cj.jdbc.ClientPreparedStatement.execute(ClientPreparedStatement.java:370)
	at cn.edu.zju.dao.DosingGuidelineDao.lambda$saveDosingGuideline$0(DosingGuidelineDao.java:42)
	at cn.edu.zju.dbutils.DBUtils.execSQL(DBUtils.java:41)
	at cn.edu.zju.dao.DosingGuidelineDao.saveDosingGuideline(DosingGuidelineDao.java:29)
	at cn.edu.zju.crawler.DosingGuidelineCrawler.doCrawlerDosingGuideline(DosingGuidelineCrawler.java:63)
	at cn.edu.zju.crawler.DosingGuidelineCrawler.lambda$doCrawlerDosingGuidelineList$2(DosingGuidelineCrawler.java:40)
	at java.base/java.util.ArrayList.forEach(ArrayList.java:1604)
	at cn.edu.zju.crawler.DosingGuidelineCrawler.lambda$doCrawlerDosingGuidelineList$1(DosingGuidelineCrawler.java:38)
	at java.base/java.lang.Iterable.forEach(Iterable.java:75)
	at cn.edu.zju.crawler.DosingGuidelineCrawler.lambda$doCrawlerDosingGuidelineList$0(DosingGuidelineCrawler.java:32)
	at java.base/java.util.ArrayList$ArrayListSpliterator.forEachRemaining(ArrayList.java:1716)
	at java.base/java.util.stream.ReferencePipeline$Head.forEach(ReferencePipeline.java:807)
	at cn.edu.zju.crawler.DosingGuidelineCrawler.doCrawlerDosingGuidelineList(DosingGuidelineCrawler.java:30)
	at cn.edu.zju.crawler.GuidelineRefreshMain.main(GuidelineRefreshMain.java:7)
[main] INFO cn.edu.zju.crawler.DosingGuidelineCrawler - Saving dosing guideline: PA166288582 source=cpic evidence=4
[main] INFO cn.edu.zju.crawler.DosingGuidelineCrawler - {cpic=[{alternateDrugAvailable=false, dosingInformation=false, genes=G6PD, hasTestingInfo=false, otherPrescribingGuidance=false, pediatric=true, recommendation=false, source=CPIC, updatedDate=2025-03-20T10:28:17.183-07:00, url=/guidelineAnnotation/PA166279741}], dpwg=[], drug={objCls=Chemical, id=PA451898, name=vitamin c, version=12.0}, drugUrl=/drug/PA451898, other=[]}
[main] INFO cn.edu.zju.dao.DosingGuidelineDao - 
com.mysql.cj.jdbc.exceptions.MysqlDataTruncation: Data truncation: Data too long for column 'name' at row 1
	at com.mysql.cj.jdbc.exceptions.SQLExceptionsMapping.translateException(SQLExceptionsMapping.java:104)
	at com.mysql.cj.jdbc.ClientPreparedStatement.executeInternal(ClientPreparedStatement.java:953)
	at com.mysql.cj.jdbc.ClientPreparedStatement.execute(ClientPreparedStatement.java:370)
	at cn.edu.zju.dao.DosingGuidelineDao.lambda$saveDosingGuideline$0(DosingGuidelineDao.java:42)
	at cn.edu.zju.dbutils.DBUtils.execSQL(DBUtils.java:41)
	at cn.edu.zju.dao.DosingGuidelineDao.saveDosingGuideline(DosingGuidelineDao.java:29)
	at cn.edu.zju.crawler.DosingGuidelineCrawler.doCrawlerDosingGuideline(DosingGuidelineCrawler.java:63)
	at cn.edu.zju.crawler.DosingGuidelineCrawler.lambda$doCrawlerDosingGuidelineList$2(DosingGuidelineCrawler.java:40)
	at java.base/java.util.ArrayList.forEach(ArrayList.java:1604)
	at cn.edu.zju.crawler.DosingGuidelineCrawler.lambda$doCrawlerDosingGuidelineList$1(DosingGuidelineCrawler.java:38)
	at java.base/java.lang.Iterable.forEach(Iterable.java:75)
	at cn.edu.zju.crawler.DosingGuidelineCrawler.lambda$doCrawlerDosingGuidelineList$0(DosingGuidelineCrawler.java:32)
	at java.base/java.util.ArrayList$ArrayListSpliterator.forEachRemaining(ArrayList.java:1716)
	at java.base/java.util.stream.ReferencePipeline$Head.forEach(ReferencePipeline.java:807)
	at cn.edu.zju.crawler.DosingGuidelineCrawler.doCrawlerDosingGuidelineList(DosingGuidelineCrawler.java:30)
	at cn.edu.zju.crawler.GuidelineRefreshMain.main(GuidelineRefreshMain.java:7)
[main] INFO cn.edu.zju.crawler.DosingGuidelineCrawler - Saving dosing guideline: PA166279741 source=cpic evidence=4
[main] INFO cn.edu.zju.crawler.DosingGuidelineCrawler - {cpic=[{alternateDrugAvailable=false, dosingInformation=false, genes=G6PD, hasTestingInfo=false, otherPrescribingGuidance=false, pediatric=true, recommendation=false, source=CPIC, updatedDate=2025-03-20T10:28:17.183-07:00, url=/guidelineAnnotation/PA166279741}], dpwg=[], drug={objCls=Chemical, id=PA164713404, name=Vitamin K and analogues, version=5.0}, drugUrl=/drug/PA164713404, other=[]}
[main] INFO cn.edu.zju.dao.DosingGuidelineDao - 
com.mysql.cj.jdbc.exceptions.MysqlDataTruncation: Data truncation: Data too long for column 'name' at row 1
	at com.mysql.cj.jdbc.exceptions.SQLExceptionsMapping.translateException(SQLExceptionsMapping.java:104)
	at com.mysql.cj.jdbc.ClientPreparedStatement.executeInternal(ClientPreparedStatement.java:953)
	at com.mysql.cj.jdbc.ClientPreparedStatement.execute(ClientPreparedStatement.java:370)
	at cn.edu.zju.dao.DosingGuidelineDao.lambda$saveDosingGuideline$0(DosingGuidelineDao.java:42)
	at cn.edu.zju.dbutils.DBUtils.execSQL(DBUtils.java:41)
	at cn.edu.zju.dao.DosingGuidelineDao.saveDosingGuideline(DosingGuidelineDao.java:29)
	at cn.edu.zju.crawler.DosingGuidelineCrawler.doCrawlerDosingGuideline(DosingGuidelineCrawler.java:63)
	at cn.edu.zju.crawler.DosingGuidelineCrawler.lambda$doCrawlerDosingGuidelineList$2(DosingGuidelineCrawler.java:40)
	at java.base/java.util.ArrayList.forEach(ArrayList.java:1604)
	at cn.edu.zju.crawler.DosingGuidelineCrawler.lambda$doCrawlerDosingGuidelineList$1(DosingGuidelineCrawler.java:38)
	at java.base/java.lang.Iterable.forEach(Iterable.java:75)
	at cn.edu.zju.crawler.DosingGuidelineCrawler.lambda$doCrawlerDosingGuidelineList$0(DosingGuidelineCrawler.java:32)
	at java.base/java.util.ArrayList$ArrayListSpliterator.forEachRemaining(ArrayList.java:1716)
	at java.base/java.util.stream.ReferencePipeline$Head.forEach(ReferencePipeline.java:807)
	at cn.edu.zju.crawler.DosingGuidelineCrawler.doCrawlerDosingGuidelineList(DosingGuidelineCrawler.java:30)
	at cn.edu.zju.crawler.GuidelineRefreshMain.main(GuidelineRefreshMain.java:7)
[main] INFO cn.edu.zju.crawler.DosingGuidelineCrawler - Saving dosing guideline: PA166279741 source=cpic evidence=4
[main] INFO cn.edu.zju.crawler.DosingGuidelineCrawler - {cpic=[{alternateDrugAvailable=true, dosingInformation=true, genes=CYP2C19, hasTestingInfo=false, otherPrescribingGuidance=true, pediatric=true, recommendation=true, source=CPIC, updatedDate=2023-11-30T11:44:22.326-08:00, url=/guidelineAnnotation/PA166161537}], dpwg=[{alternateDrugAvailable=false, dosingInformation=true, genes=CYP2C19, hasTestingInfo=true, otherPrescribingGuidance=true, pediatric=false, recommendation=true, source=DPWG, updatedDate=2024-03-18T12:04:57.490-07:00, url=/guidelineAnnotation/PA166104990}], drug={objCls=Chemical, id=PA10233, name=voriconazole, version=10.0}, drugUrl=/drug/PA10233, other=[{alternateDrugAvailable=true, dosingInformation=true, genes=CYP2C19, hasTestingInfo=true, otherPrescribingGuidance=true, pediatric=true, recommendation=true, source=AusNZ, updatedDate=2024-04-24T00:15:06.409-07:00, url=/guidelineAnnotation/PA166257241}]}
[main] INFO cn.edu.zju.crawler.DosingGuidelineCrawler - Dosing guideline exists, metadata refresh id=PA166161537 updated=1 source=cpic evidence=3
[main] INFO cn.edu.zju.crawler.DosingGuidelineCrawler - Dosing guideline exists, metadata refresh id=PA166104990 updated=1 source=dpwg evidence=3
[main] INFO cn.edu.zju.crawler.DosingGuidelineCrawler - {cpic=[{alternateDrugAvailable=false, dosingInformation=false, genes=SLC6A4, hasTestingInfo=false, otherPrescribingGuidance=false, pediatric=false, recommendation=false, source=CPIC, updatedDate=2024-06-25T01:19:36.027-07:00, url=/guidelineAnnotation/PA166288601}, {alternateDrugAvailable=false, dosingInformation=false, genes=HTR2A, hasTestingInfo=false, otherPrescribingGuidance=false, pediatric=false, recommendation=false, source=CPIC, updatedDate=2024-06-25T01:19:53.023-07:00, url=/guidelineAnnotation/PA166288582}, {alternateDrugAvailable=true, dosingInformation=true, genes=CYP2D6, hasTestingInfo=false, otherPrescribingGuidance=false, pediatric=true, recommendation=true, source=CPIC, updatedDate=2024-06-27T00:42:37.302-07:00, url=/guidelineAnnotation/PA166288221}], dpwg=[], drug={objCls=Chemical, id=PA166122595, name=vortioxetine, version=5.0}, drugUrl=/drug/PA166122595, other=[]}
[main] INFO cn.edu.zju.dao.DosingGuidelineDao - 
com.mysql.cj.jdbc.exceptions.MysqlDataTruncation: Data truncation: Data too long for column 'name' at row 1
	at com.mysql.cj.jdbc.exceptions.SQLExceptionsMapping.translateException(SQLExceptionsMapping.java:104)
	at com.mysql.cj.jdbc.ClientPreparedStatement.executeInternal(ClientPreparedStatement.java:953)
	at com.mysql.cj.jdbc.ClientPreparedStatement.execute(ClientPreparedStatement.java:370)
	at cn.edu.zju.dao.DosingGuidelineDao.lambda$saveDosingGuideline$0(DosingGuidelineDao.java:42)
	at cn.edu.zju.dbutils.DBUtils.execSQL(DBUtils.java:41)
	at cn.edu.zju.dao.DosingGuidelineDao.saveDosingGuideline(DosingGuidelineDao.java:29)
	at cn.edu.zju.crawler.DosingGuidelineCrawler.doCrawlerDosingGuideline(DosingGuidelineCrawler.java:63)
	at cn.edu.zju.crawler.DosingGuidelineCrawler.lambda$doCrawlerDosingGuidelineList$2(DosingGuidelineCrawler.java:40)
	at java.base/java.util.ArrayList.forEach(ArrayList.java:1604)
	at cn.edu.zju.crawler.DosingGuidelineCrawler.lambda$doCrawlerDosingGuidelineList$1(DosingGuidelineCrawler.java:38)
	at java.base/java.lang.Iterable.forEach(Iterable.java:75)
	at cn.edu.zju.crawler.DosingGuidelineCrawler.lambda$doCrawlerDosingGuidelineList$0(DosingGuidelineCrawler.java:32)
	at java.base/java.util.ArrayList$ArrayListSpliterator.forEachRemaining(ArrayList.java:1716)
	at java.base/java.util.stream.ReferencePipeline$Head.forEach(ReferencePipeline.java:807)
	at cn.edu.zju.crawler.DosingGuidelineCrawler.doCrawlerDosingGuidelineList(DosingGuidelineCrawler.java:30)
	at cn.edu.zju.crawler.GuidelineRefreshMain.main(GuidelineRefreshMain.java:7)
[main] INFO cn.edu.zju.crawler.DosingGuidelineCrawler - Saving dosing guideline: PA166288601 source=cpic evidence=4
[main] INFO cn.edu.zju.dao.DosingGuidelineDao - 
com.mysql.cj.jdbc.exceptions.MysqlDataTruncation: Data truncation: Data too long for column 'name' at row 1
	at com.mysql.cj.jdbc.exceptions.SQLExceptionsMapping.translateException(SQLExceptionsMapping.java:104)
	at com.mysql.cj.jdbc.ClientPreparedStatement.executeInternal(ClientPreparedStatement.java:953)
	at com.mysql.cj.jdbc.ClientPreparedStatement.execute(ClientPreparedStatement.java:370)
	at cn.edu.zju.dao.DosingGuidelineDao.lambda$saveDosingGuideline$0(DosingGuidelineDao.java:42)
	at cn.edu.zju.dbutils.DBUtils.execSQL(DBUtils.java:41)
	at cn.edu.zju.dao.DosingGuidelineDao.saveDosingGuideline(DosingGuidelineDao.java:29)
	at cn.edu.zju.crawler.DosingGuidelineCrawler.doCrawlerDosingGuideline(DosingGuidelineCrawler.java:63)
	at cn.edu.zju.crawler.DosingGuidelineCrawler.lambda$doCrawlerDosingGuidelineList$2(DosingGuidelineCrawler.java:40)
	at java.base/java.util.ArrayList.forEach(ArrayList.java:1604)
	at cn.edu.zju.crawler.DosingGuidelineCrawler.lambda$doCrawlerDosingGuidelineList$1(DosingGuidelineCrawler.java:38)
	at java.base/java.lang.Iterable.forEach(Iterable.java:75)
	at cn.edu.zju.crawler.DosingGuidelineCrawler.lambda$doCrawlerDosingGuidelineList$0(DosingGuidelineCrawler.java:32)
	at java.base/java.util.ArrayList$ArrayListSpliterator.forEachRemaining(ArrayList.java:1716)
	at java.base/java.util.stream.ReferencePipeline$Head.forEach(ReferencePipeline.java:807)
	at cn.edu.zju.crawler.DosingGuidelineCrawler.doCrawlerDosingGuidelineList(DosingGuidelineCrawler.java:30)
	at cn.edu.zju.crawler.GuidelineRefreshMain.main(GuidelineRefreshMain.java:7)
[main] INFO cn.edu.zju.crawler.DosingGuidelineCrawler - Saving dosing guideline: PA166288582 source=cpic evidence=4
[main] INFO cn.edu.zju.crawler.DosingGuidelineCrawler - Saving dosing guideline: PA166288221 source=cpic evidence=2A
[main] INFO cn.edu.zju.crawler.DosingGuidelineCrawler - {cpic=[{alternateDrugAvailable=false, dosingInformation=true, genes=CYP2C9, CYP4F2, VKORC1, hasTestingInfo=false, otherPrescribingGuidance=false, pediatric=true, recommendation=true, source=CPIC, updatedDate=2024-07-04T13:41:20.308-07:00, url=/guidelineAnnotation/PA166104949}], dpwg=[{alternateDrugAvailable=false, dosingInformation=true, genes=CYP2C9, hasTestingInfo=false, otherPrescribingGuidance=false, pediatric=false, recommendation=true, source=DPWG, updatedDate=2025-04-25T16:38:44.712-07:00, url=/guidelineAnnotation/PA166182842}, {alternateDrugAvailable=false, dosingInformation=true, genes=VKORC1, hasTestingInfo=false, otherPrescribingGuidance=false, pediatric=false, recommendation=true, source=DPWG, updatedDate=2024-03-20T06:08:05.526-07:00, url=/guidelineAnnotation/PA166182841}], drug={objCls=Chemical, id=PA451906, name=warfarin, version=21.0}, drugUrl=/drug/PA451906, other=[{alternateDrugAvailable=false, dosingInformation=true, genes=CYP2C9, VKORC1, hasTestingInfo=true, otherPrescribingGuidance=false, pediatric=false, recommendation=true, source=CPNDS, updatedDate=2024-04-24T00:16:19.296-07:00, url=/guidelineAnnotation/PA166170752}, {alternateDrugAvailable=true, dosingInformation=true, genes=CYP2C9, VKORC1, hasTestingInfo=true, otherPrescribingGuidance=false, pediatric=false, recommendation=true, source=RNPGx, updatedDate=2024-04-24T00:00:00-07:00, url=/guidelineAnnotation/PA166202621}]}
[main] INFO cn.edu.zju.crawler.DosingGuidelineCrawler - Dosing guideline exists, metadata refresh id=PA166104949 updated=1 source=cpic evidence=3
[main] INFO cn.edu.zju.crawler.DosingGuidelineCrawler - Dosing guideline exists, metadata refresh id=PA166182842 updated=1 source=dpwg evidence=3
[main] INFO cn.edu.zju.crawler.DosingGuidelineCrawler - Dosing guideline exists, metadata refresh id=PA166182841 updated=1 source=dpwg evidence=3
[main] INFO cn.edu.zju.crawler.DosingGuidelineCrawler - {cpic=[], dpwg=[{alternateDrugAvailable=false, dosingInformation=true, genes=CYP2D6, hasTestingInfo=true, otherPrescribingGuidance=false, pediatric=false, recommendation=true, source=DPWG, updatedDate=2024-03-14T08:02:29.524-07:00, url=/guidelineAnnotation/PA166104992}], drug={objCls=Chemical, id=PA452629, name=zuclopenthixol, version=7.0}, drugUrl=/drug/PA452629, other=[]}
[main] INFO cn.edu.zju.crawler.DosingGuidelineCrawler - Dosing guideline exists, metadata refresh id=PA166104992 updated=1 source=dpwg evidence=3
[2026-04-14 15:40:44] [INFO] Importer stage completed
[2026-04-14 15:40:44] [INFO] Stage 3/3 - Running verification SQL
[2026-04-14 15:40:44] [INFO] Source distribution:
[2026-04-14 15:40:44] [INFO]   dpwg:110
[2026-04-14 15:40:44] [INFO]   cpic:70
[2026-04-14 15:40:44] [INFO]   canadian pharmacogenomics network for drug safety:7
[2026-04-14 15:40:44] [INFO]   dutch pharmacogenetics working group:2
[2026-04-14 15:40:44] [INFO]   professional society:2
[2026-04-14 15:40:44] [INFO] Evidence distribution:
[2026-04-14 15:40:44] [INFO]   NULL:11
[2026-04-14 15:40:44] [INFO]   1A:8
[2026-04-14 15:40:44] [INFO]   2A:5
[2026-04-14 15:40:44] [INFO]   2B:1
[2026-04-14 15:40:44] [INFO]   3:74
[2026-04-14 15:40:44] [INFO]   4:92
[2026-04-14 15:40:44] [INFO] Null/empty evidence count: 11
[2026-04-14 15:40:44] [INFO] CPIC unresolved drug_id count: 0
[2026-04-14 15:40:44] [INFO] Verification completed
[2026-04-14 15:40:44] [INFO] Done. Log file: /Users/shwenyu/IdeaProjects/haining_biomed/logs/import_guidelines_20260414_153740.log
[2026-04-14 15:40:44] [INFO] Rollback tip: if this run imported wrong CPIC rows, execute:
[2026-04-14 15:40:44] [INFO]   DELETE FROM dosing_guideline WHERE source='cpic' AND id LIKE 'CPIC_%';
